{"type":"FeatureCollection","features":[{"type":"Feature","id":"bali-province","geometry":{"type":"MultiPolygon","coordinates":[[[[115.52572599900009,-8.804456000999949],[115.525391,-8.804564],[115.52537500100016,-8.80423499899996],[115.52546700100015,-8.802645000999973],[115.52574900000013,-8.802458998999953],[115.52603900100007,-8.802615000999936],[115.526405,-8.80321199899987],[115.52651199900026,-8.803617],[115.52645099900019,-8.803931999999861],[115.526245001,-8.804146998999954],[115.52572599900009,-8.804456000999949]]],[[[115.528061,-8.79976],[115.528069,-8.799951],[115.527496,-8.800555],[115.52726,-8.80065],[115.527031,-8.80058],[115.526779,-8.800321],[115.526756,-8.800089],[115.526863,-8.799769],[115.52706100000012,-8.799503],[115.527397,-8.799357],[115.527489,-8.799375],[115.527847,-8.799515],[115.528061,-8.79976]]],[[[115.528854,-8.799565],[115.529037,-8.799592],[115.529007,-8.799724],[115.528824,-8.799808],[115.528717,-8.799755],[115.528717,-8.799671],[115.528854,-8.799565]]],[[[115.52822900000012,-8.799055],[115.528374,-8.798985],[115.528427,-8.799072],[115.528305,-8.799164],[115.52822900000012,-8.799055]]],[[[115.58103199900006,-8.817024998999955],[115.58111600000018,-8.816917999999873],[115.58128400100009,-8.816965998999933],[115.58135200000015,-8.817103],[115.58135200000015,-8.81723],[115.58116100100005,-8.817272000999878],[115.58103199900006,-8.817189],[115.58103199900006,-8.817024998999955]]],[[[115.594322,-8.81667],[115.594307,-8.815558],[115.594421,-8.815416],[115.59462,-8.815484],[115.59474200000011,-8.816286],[115.594734,-8.81655],[115.59463500000015,-8.816722],[115.594444,-8.816813],[115.594322,-8.81667]]],[[[115.61016799900005,-8.78467300099993],[115.61029800100016,-8.785101999999881],[115.61009200000012,-8.78608800099994],[115.60998499900006,-8.786291998999957],[115.609673,-8.786855999999887],[115.60971099900007,-8.787124],[115.6098329990001,-8.787771998999915],[115.608864,-8.788102998999932],[115.60874200000012,-8.788285998999982],[115.60877200000016,-8.788553],[115.60905500100034,-8.788960000999964],[115.60934400000019,-8.789383],[115.609222,-8.789425],[115.60888700000021,-8.789381000999981],[115.60770400100012,-8.78915799899994],[115.60739099900002,-8.789439000999835],[115.607132,-8.789994],[115.60685700100021,-8.790716],[115.60656,-8.790965],[115.605995,-8.79121700099995],[115.60602600000027,-8.791313999999886],[115.60623900000019,-8.791409],[115.60642999900006,-8.791567],[115.6065060000002,-8.791844998999977],[115.60644500000012,-8.792196],[115.60643800100001,-8.792572000999883],[115.607292,-8.795103998999934],[115.607086,-8.795151],[115.60685700100021,-8.795055999999875],[115.6061859990001,-8.794776000999889],[115.605927,-8.794978998999909],[115.60574300100006,-8.795329],[115.60525500100016,-8.796577998999965],[115.60494200000016,-8.79742700099996],[115.60469100000012,-8.79828],[115.60469100000012,-8.798592999999869],[115.60491899900012,-8.798872998999968],[115.6053770010003,-8.799439998999958],[115.60531600100023,-8.799763999999868],[115.60534700100015,-8.799961000999929],[115.60562900000014,-8.800216],[115.60580400100014,-8.800458],[115.60616300100003,-8.801351000999887],[115.60689500000024,-8.802465000999973],[115.6071779990001,-8.802831000999959],[115.607109,-8.803124998999976],[115.60667400100033,-8.803539],[115.60626200000013,-8.803752998999869],[115.60579699900006,-8.80398],[115.605576,-8.80455899999987],[115.60571300100003,-8.804866],[115.60590400000012,-8.805321998999943],[115.60593400000016,-8.805591998999887],[115.606148,-8.80588],[115.6068189990001,-8.80680600099987],[115.607132,-8.807158],[115.60736800100005,-8.807598999999868],[115.60739900100009,-8.807932999999878],[115.60723899900006,-8.808017000999882],[115.60697900100001,-8.807919998999978],[115.60656700000027,-8.807647998999926],[115.60591099900012,-8.80730199999988],[115.60555299900011,-8.807425],[115.60483600100031,-8.807725999999889],[115.6046520010002,-8.807707998999888],[115.604523,-8.807696],[115.60408800000016,-8.807486],[115.60374499900013,-8.807426999999848],[115.60340100000019,-8.807523998999955],[115.60287500100003,-8.807819],[115.60248600100022,-8.80830699899991],[115.60233300100003,-8.80855800099988],[115.60215000100015,-8.808588000999976],[115.601837,-8.8084380009999],[115.601630999,-8.808196000999942],[115.60150100000033,-8.807874],[115.60052500100016,-8.807837000999939],[115.599937,-8.807868000999918],[115.59951799877342,-8.808012000755525],[115.59951799854684,-8.808012000511155],[115.59937300000013,-8.80806299999989],[115.598915,-8.808337],[115.59787000000028,-8.809575],[115.59755700000017,-8.810176],[115.59745,-8.810517],[115.59716,-8.810796],[115.59689300000014,-8.811045],[115.596817,-8.811256],[115.596779,-8.811426],[115.59658800000011,-8.811444],[115.59639,-8.811374],[115.596031,-8.811528],[115.59526800000015,-8.812187],[115.594734,-8.812659],[115.594185,-8.812762],[115.59383400000013,-8.812828],[115.59365800000012,-8.812959],[115.59356700000023,-8.813032],[115.593269,-8.812663],[115.5931780000002,-8.812617],[115.59324600000014,-8.81284],[115.593788,-8.813674],[115.59423100000015,-8.814338],[115.594513,-8.814768],[115.59455100000014,-8.815008],[115.59445200000027,-8.815088],[115.594162,-8.814941],[115.59306300000014,-8.816053],[115.592598,-8.816459],[115.59204100000011,-8.816709],[115.59140800000011,-8.816792],[115.590469,-8.816679],[115.589851,-8.816558],[115.589622,-8.816569],[115.589554,-8.816648],[115.590256,-8.817202],[115.590523,-8.817547],[115.590591,-8.817861],[115.590515,-8.818272],[115.590111,-8.818497],[115.589523,-8.81884],[115.588814,-8.819239],[115.588257,-8.819452],[115.587723,-8.819539],[115.5870900000001,-8.819488],[115.586746,-8.819319],[115.58626600000014,-8.818887],[115.58581500000014,-8.818676999999866],[115.585121,-8.81859999999989],[115.584488,-8.818639],[115.583099,-8.818373],[115.582748,-8.818224],[115.582474,-8.817999],[115.582359,-8.817583],[115.58210800000018,-8.81719],[115.58149,-8.816779],[115.58080300000017,-8.816537],[115.58055900000011,-8.816423],[115.58036000000016,-8.815945],[115.57997900000021,-8.815189],[115.579781,-8.814726],[115.57943000000012,-8.813848],[115.579033,-8.813454],[115.57798,-8.812895],[115.5774,-8.812621],[115.57692,-8.812512],[115.576187,-8.812611],[115.575638,-8.812719],[115.575134,-8.812679],[115.574463,-8.812371],[115.574333,-8.812303],[115.573921,-8.812449],[115.57319600000017,-8.813103],[115.57280700000013,-8.813442],[115.572441,-8.813547],[115.571617,-8.813469],[115.570503,-8.813217],[115.56981700000017,-8.813122],[115.56913,-8.813098],[115.5686720000001,-8.812938],[115.56834400000014,-8.812662],[115.568207,-8.812441],[115.568184,-8.811816],[115.568214,-8.811337],[115.567795,-8.810495],[115.567314,-8.809764],[115.566841,-8.809144],[115.56589500000018,-8.808476],[115.56559,-8.808204],[115.565369,-8.807935],[115.564896,-8.807697],[115.564362,-8.807548],[115.56380500000012,-8.80755],[115.562973,-8.807772],[115.562431,-8.80794],[115.56207300000017,-8.807935],[115.561615,-8.807618],[115.561234,-8.806808],[115.56099700000016,-8.806195],[115.55960800000014,-8.805327],[115.55864,-8.804501],[115.558228,-8.80421],[115.55806,-8.80414],[115.55759400000011,-8.804283],[115.557007,-8.804434],[115.55648,-8.804787],[115.55619800000011,-8.804996],[115.555939,-8.805028],[115.555611,-8.804838],[115.555283,-8.804174],[115.555084,-8.803852],[115.554825,-8.803622],[115.55424500000015,-8.80341],[115.553055,-8.803451],[115.552505,-8.803502],[115.552116,-8.8037],[115.551781,-8.804144],[115.551537,-8.804546],[115.55133100000023,-8.804692],[115.551125,-8.804667],[115.550934,-8.804431],[115.550789,-8.804083],[115.55072,-8.804002],[115.55114,-8.803182],[115.551262,-8.802854],[115.55124700000022,-8.802543],[115.550499,-8.802039],[115.54956100000015,-8.80175],[115.548973,-8.80157],[115.54754600000024,-8.800606],[115.54717300000016,-8.800256],[115.54707300000018,-8.800133],[115.546326,-8.80009],[115.54573100000016,-8.799952],[115.545349,-8.799854],[115.543503,-8.799421],[115.54277800000011,-8.799166],[115.542572,-8.799067],[115.542023,-8.799217],[115.541527,-8.799187],[115.54074900000012,-8.79914],[115.540527,-8.799171],[115.5401,-8.799607],[115.539772,-8.800398],[115.53961200000015,-8.80081],[115.53943600000014,-8.800937],[115.539215,-8.800928],[115.53894000000014,-8.800712],[115.53878,-8.800417],[115.53881100000012,-8.800148],[115.53925300000014,-8.799809],[115.539375,-8.799495],[115.539421,-8.799101],[115.5393600000001,-8.798803],[115.53916900000013,-8.7986],[115.53875700000015,-8.79845],[115.53801,-8.798559],[115.537666,-8.798595],[115.536987,-8.798114],[115.536644,-8.798043],[115.536446,-8.79798],[115.536171,-8.797635],[115.5360260000001,-8.797511],[115.534958,-8.797332],[115.534325,-8.79783],[115.534035,-8.798002],[115.53294400000016,-8.798167],[115.53082300000017,-8.799401],[115.529846,-8.799541],[115.529419,-8.799547],[115.52897600000017,-8.799423],[115.52874,-8.799414],[115.528557,-8.7992],[115.528564,-8.798891],[115.528687,-8.798154],[115.528793,-8.797762],[115.528801,-8.797611],[115.52858700000013,-8.79709],[115.528488,-8.79693],[115.52850300000011,-8.796494],[115.52836600000012,-8.795982],[115.52813000000015,-8.795392],[115.528053,-8.7946],[115.528069,-8.794494],[115.527969,-8.794433],[115.527672,-8.794188],[115.52737400000012,-8.793394],[115.527252,-8.793174],[115.526978,-8.793024],[115.526886,-8.793007],[115.52652000000012,-8.793029],[115.52625300000011,-8.79305],[115.525978,-8.792873],[115.525864,-8.792649],[115.52584100000013,-8.792553],[115.525475,-8.792649],[115.52507,-8.792631],[115.524422,-8.792271],[115.52357500000016,-8.791834],[115.523399,-8.791602],[115.523361,-8.791278],[115.523758,-8.790826],[115.52398700000015,-8.790584],[115.524002,-8.790469],[115.5237350000001,-8.790242],[115.523666,-8.789987],[115.523842,-8.789433],[115.523895,-8.789292],[115.52375,-8.789034],[115.5236430000001,-8.788881],[115.5237350000001,-8.788525999999877],[115.523773,-8.788249],[115.523506,-8.787299],[115.522232,-8.78547],[115.52195,-8.785028],[115.52161400000011,-8.784641],[115.519958,-8.783807],[115.51883700000019,-8.782992],[115.51875300000017,-8.782945],[115.51850900000022,-8.782478],[115.518387,-8.782153999999878],[115.517723,-8.781583],[115.516563,-8.78102],[115.516396,-8.780951],[115.515877,-8.780735],[115.515594,-8.780479],[115.515541,-8.780394],[115.51541900000018,-8.780581],[115.515228,-8.780753],[115.51508300000012,-8.780695],[115.51487,-8.780128],[115.514717,-8.779911],[115.51453400000014,-8.77976],[115.514336,-8.77946],[115.51413000000014,-8.779311],[115.51403800000014,-8.779105],[115.51322200000016,-8.77848699999987],[115.512794,-8.778289],[115.51264200000014,-8.778373],[115.512352,-8.778784],[115.512177,-8.778904],[115.51202400000011,-8.778896],[115.51191700000015,-8.77815],[115.511436,-8.777861],[115.511131,-8.777681],[115.510895,-8.777314],[115.510887,-8.777165],[115.510857,-8.776687],[115.510864,-8.776582],[115.510727,-8.776381],[115.510033,-8.776299],[115.508949,-8.776246],[115.50858300000016,-8.776228],[115.508034,-8.776332],[115.507484,-8.776471],[115.50708,-8.776481],[115.50647000000015,-8.776078],[115.506172,-8.775958],[115.505997,-8.775938],[115.505905,-8.775971],[115.505325,-8.776147],[115.504807,-8.77617],[115.504379,-8.776173],[115.503731,-8.776379],[115.503235,-8.776489],[115.502449,-8.776451],[115.50205200000016,-8.776303],[115.50189200000023,-8.776062],[115.50180800000021,-8.775938],[115.501526,-8.775854],[115.50108300000011,-8.77572],[115.50076300000012,-8.775368],[115.50029,-8.77521],[115.5,-8.774409],[115.49977100000024,-8.773782],[115.499664,-8.773547],[115.499428,-8.773388],[115.499115,-8.772902],[115.499008,-8.772792],[115.498596,-8.773276],[115.498428,-8.773395],[115.497757,-8.77338],[115.497467,-8.773314],[115.49734500000011,-8.773235],[115.49750500000016,-8.773015],[115.497688,-8.77282],[115.49778,-8.772489],[115.497643,-8.77212],[115.497406,-8.771745999999894],[115.497192,-8.770992],[115.49700900000016,-8.770682],[115.496948,-8.770634],[115.4966810000002,-8.77082],[115.496338,-8.770714],[115.496117,-8.770632],[115.495781,-8.770715],[115.495102,-8.771321],[115.494835,-8.771519],[115.49458300000015,-8.771537],[115.494408,-8.771528],[115.494217,-8.771745999999894],[115.49414800000022,-8.772027],[115.493973,-8.772316],[115.493706,-8.772776],[115.493561,-8.773047],[115.493401,-8.773128],[115.493233,-8.773087],[115.49313400000017,-8.772943],[115.49328600000013,-8.772696],[115.493118,-8.772322],[115.49309500000015,-8.772116],[115.493301,-8.771851],[115.493393,-8.771743],[115.4933470000002,-8.771499],[115.49305000000015,-8.771215],[115.49272200000019,-8.770878],[115.492157,-8.770434],[115.49192,-8.770253],[115.49050100000011,-8.769385],[115.490166,-8.769209],[115.489151,-8.769205],[115.488998,-8.769349],[115.488922,-8.769912],[115.48889200000019,-8.770102],[115.488686,-8.77032899999989],[115.48841900000014,-8.769615999999871],[115.48828100000026,-8.76934],[115.487587,-8.768808],[115.487221,-8.768654],[115.4864500000001,-8.768638],[115.48571800000013,-8.768853],[115.485268,-8.768965],[115.48508500000014,-8.768951],[115.484955,-8.76858],[115.48494700000015,-8.767752],[115.48513000000014,-8.76755],[115.485565,-8.767424],[115.486191,-8.767335],[115.486473,-8.767205],[115.48632,-8.766623],[115.486153,-8.76608],[115.48611500000015,-8.765012],[115.48611500000015,-8.764447],[115.4860990000002,-8.763569],[115.4860460000001,-8.763084],[115.486069,-8.762671],[115.48616000000027,-8.760905],[115.486122,-8.760706],[115.48561100000018,-8.76032],[115.48526,-8.760185],[115.48384900000019,-8.760214],[115.48315400000024,-8.76055],[115.48259700000017,-8.760823],[115.482132,-8.760946],[115.482002,-8.760936],[115.48180400000012,-8.760375],[115.481331,-8.759827],[115.48121600000013,-8.759668],[115.481438,-8.75933],[115.481903,-8.75892],[115.481865,-8.758756],[115.48130000000015,-8.75863],[115.48106400000017,-8.758517],[115.481133,-8.758356],[115.48158300000011,-8.758066],[115.48161300000015,-8.757996],[115.481194,-8.757727],[115.480614,-8.757604],[115.48037000000011,-8.75755],[115.48023200000011,-8.757383],[115.480217,-8.757131],[115.4800110000001,-8.756658],[115.479881,-8.756404],[115.479836,-8.756224],[115.479729,-8.75593],[115.479492,-8.755681],[115.479218,-8.755248],[115.4773100000001,-8.754911],[115.476494,-8.754921],[115.476151,-8.754897],[115.47586100000012,-8.75471],[115.4756930000002,-8.754467],[115.476227,-8.753405],[115.47626500000013,-8.753161999999861],[115.476067,-8.752635],[115.47567,-8.752147],[115.4753720000001,-8.751907],[115.474846,-8.751816],[115.474579,-8.751863],[115.474213,-8.752216],[115.47400700000014,-8.752373],[115.472542,-8.753426],[115.472122,-8.753763],[115.471313,-8.753758],[115.470909,-8.753676],[115.470764,-8.753576],[115.47077900000022,-8.753374],[115.470848,-8.75309],[115.470901,-8.75288],[115.471077,-8.752717],[115.471581,-8.752618],[115.471985,-8.7526],[115.472038,-8.752325],[115.472061,-8.752222],[115.47242000000028,-8.752395],[115.47261,-8.752361],[115.472702,-8.751944],[115.47283900000014,-8.751409],[115.472969,-8.75105],[115.472916,-8.75063],[115.47229,-8.750436],[115.47113000000013,-8.749998],[115.47103900000025,-8.749964],[115.46941400000026,-8.749353],[115.468971,-8.749214],[115.468231,-8.748799],[115.46759,-8.748441],[115.467278,-8.748188],[115.46721600000012,-8.748022],[115.46743,-8.747575],[115.467506,-8.747383],[115.467155,-8.746824],[115.46678900000018,-8.746537],[115.466415,-8.746391],[115.465401,-8.746323],[115.46517900000015,-8.746376],[115.46505000000013,-8.746599],[115.464935,-8.746918],[115.46489,-8.747049],[115.464523,-8.747402],[115.464211,-8.747583],[115.46289800000011,-8.747334],[115.462601,-8.747117],[115.462425,-8.747081],[115.462143,-8.747277],[115.461792,-8.747552],[115.460838,-8.747941],[115.46015200000011,-8.748084],[115.45977,-8.747861],[115.45954900000027,-8.747498],[115.459465,-8.747264],[115.459198,-8.747202],[115.45902300000012,-8.747373999999866],[115.45827500000019,-8.747832],[115.456581,-8.748645],[115.456192,-8.748839],[115.455963,-8.748846],[115.455353,-8.748383],[115.455162,-8.748206],[115.45491000000015,-8.74821],[115.45445300000017,-8.748432],[115.454079,-8.748643],[115.45227100000011,-8.748652],[115.45141600000022,-8.748408],[115.45125600000017,-8.748328],[115.45117200000016,-8.748],[115.45163,-8.747444],[115.45211,-8.746948],[115.451981,-8.746947],[115.4515990000001,-8.746934],[115.451347,-8.746798],[115.45127100000013,-8.746608],[115.45158400000014,-8.745838],[115.45166800000015,-8.745637],[115.451653,-8.745428],[115.451218,-8.745177],[115.45095100000015,-8.745044],[115.45089,-8.744952],[115.45177500000011,-8.74437],[115.45190400000013,-8.74424],[115.45195,-8.74387],[115.45195,-8.743608],[115.45298000000014,-8.743457],[115.453087,-8.743423],[115.453239,-8.743115],[115.4534000000001,-8.742936],[115.453323,-8.742579],[115.45327,-8.742412],[115.453865,-8.742006],[115.45411700000011,-8.74194],[115.45459000000017,-8.742118],[115.455009,-8.742357],[115.455177,-8.742366],[115.455261,-8.742315],[115.45468900000014,-8.741923],[115.454353,-8.74168],[115.454185,-8.741126],[115.453453,-8.741252],[115.45311,-8.741308],[115.45289600000012,-8.741248],[115.452843,-8.741124],[115.453636,-8.740285],[115.453995,-8.739894],[115.454659,-8.739787],[115.455025,-8.739006],[115.45491000000015,-8.73874],[115.454948,-8.738466],[115.454979,-8.738285],[115.455353,-8.737393],[115.45549000000017,-8.737071],[115.455093,-8.736887],[115.455025,-8.736821],[115.455132,-8.736728],[115.455399,-8.73671],[115.455391,-8.736434],[115.455345,-8.736335],[115.455048,-8.736229],[115.453865,-8.736316],[115.45273600000019,-8.736679],[115.45253,-8.736711],[115.45240000000013,-8.736617],[115.452522,-8.736122],[115.452789,-8.735569],[115.45266000000015,-8.735253],[115.452583,-8.735006],[115.45285,-8.734233],[115.452942,-8.733964],[115.45265200000017,-8.73379],[115.452202,-8.733691],[115.45176700000013,-8.733912],[115.451561,-8.734032],[115.451202,-8.733903],[115.450294,-8.73371],[115.449745,-8.733772],[115.449249,-8.733891],[115.448631,-8.73405],[115.447739,-8.734105],[115.44738,-8.733971],[115.446793,-8.733545],[115.446693,-8.733226],[115.44673200000011,-8.732805],[115.446983,-8.732221],[115.44712100000015,-8.732096],[115.447502,-8.732083],[115.447845,-8.732142],[115.448044,-8.73201],[115.448296,-8.731694],[115.448524,-8.73142],[115.448563,-8.73134],[115.448753,-8.730974],[115.448837,-8.73065],[115.44895900000017,-8.730534],[115.449608,-8.730623],[115.450172,-8.730698],[115.450623,-8.730664],[115.451309,-8.729989],[115.451622,-8.729488],[115.451729,-8.729246],[115.451622,-8.728931],[115.451393,-8.728692],[115.45125600000017,-8.728544],[115.451141,-8.728271],[115.45096600000011,-8.728153],[115.4500660000001,-8.728424],[115.449669,-8.728478],[115.449219,-8.728248],[115.448853,-8.728006],[115.4483570000001,-8.727829],[115.448212,-8.727675],[115.448227,-8.727376],[115.4482650000001,-8.727213],[115.448051,-8.726862],[115.44767000000024,-8.726685],[115.447495,-8.7266],[115.447372,-8.726233],[115.447189,-8.725576],[115.44719700000019,-8.725197],[115.447281,-8.724664],[115.44735,-8.724417],[115.448097,-8.72439],[115.448372,-8.724367],[115.448586,-8.724207],[115.448532,-8.724042],[115.448067,-8.72377],[115.447762,-8.723622],[115.44757800000014,-8.723298],[115.447655,-8.722773],[115.447655,-8.722407],[115.447693,-8.722117],[115.4479060000001,-8.721811],[115.448502,-8.722084],[115.449181,-8.722438],[115.449409,-8.722484],[115.449524,-8.72227],[115.449165,-8.721658],[115.44905100000017,-8.721372],[115.449112,-8.720975999999894],[115.449226,-8.720812],[115.45019500000012,-8.721018999999899],[115.45034,-8.721029],[115.450409,-8.720866],[115.450226,-8.720516],[115.45004300000016,-8.720211],[115.45100400000024,-8.719368],[115.451469,-8.719101],[115.451614,-8.719118],[115.452194,-8.719802],[115.452682,-8.720235],[115.452911,-8.720345],[115.453239,-8.720282],[115.45359,-8.720008],[115.453636,-8.719946],[115.45359800000028,-8.719829],[115.453056,-8.719033],[115.45256,-8.718294],[115.452629,-8.718026],[115.452866,-8.717937],[115.45315600000015,-8.718018],[115.45483400000023,-8.718816],[115.45523800000012,-8.719055],[115.455566,-8.719296],[115.455971,-8.719413],[115.4561540000002,-8.719201],[115.456284,-8.718974999999887],[115.455116,-8.717763],[115.4547960000001,-8.717398],[115.45475,-8.717242],[115.45488,-8.717141],[115.455162,-8.717197],[115.45578,-8.717503],[115.4562,-8.717557],[115.45681000000013,-8.717265999999881],[115.45745100000022,-8.716929],[115.458237,-8.716638999999873],[115.45875500000011,-8.716652],[115.45901500000014,-8.716636],[115.459114,-8.716572],[115.459061,-8.716005],[115.4589840000001,-8.715353],[115.45883200000014,-8.71475],[115.45860300000015,-8.714298],[115.458557,-8.71421],[115.45802300000014,-8.713964],[115.457542,-8.713718],[115.45726,-8.713447],[115.4571380000001,-8.712879],[115.457199,-8.71227],[115.457375,-8.711793],[115.459053,-8.709763],[115.45964800000013,-8.709141],[115.45998400000019,-8.708868],[115.46028100000012,-8.708777],[115.46149400000013,-8.708905],[115.461639,-8.708915],[115.46122000000014,-8.708342],[115.46103700000015,-8.708022],[115.46109,-8.70789],[115.46135700000013,-8.707756],[115.46144100000015,-8.707654],[115.461372,-8.707477],[115.46136500000011,-8.707338],[115.4616930000002,-8.70711],[115.462669,-8.706451],[115.4629060000002,-8.706304],[115.46387500000026,-8.706605],[115.46447000000012,-8.706786],[115.464851,-8.706826],[115.465042,-8.706716],[115.46508,-8.706641],[115.4648820000001,-8.706514],[115.46455400000013,-8.706247],[115.464119,-8.705632],[115.46395900000016,-8.705332],[115.464302,-8.704764],[115.464622,-8.703949],[115.464531,-8.702823],[115.464661,-8.701753],[115.464806,-8.700565],[115.465546,-8.699384],[115.466515,-8.698372],[115.467255,-8.697924],[115.468102,-8.697533],[115.468727,-8.697027],[115.4695210000001,-8.697086],[115.47014600000011,-8.697202],[115.470711,-8.697091],[115.471169,-8.69698],[115.471794,-8.696362],[115.472252,-8.695744],[115.472595,-8.694842],[115.472313,-8.693431],[115.472206,-8.692472],[115.472549,-8.691007],[115.47323600000016,-8.690106],[115.474037,-8.689433],[115.47494500000016,-8.68859],[115.475967,-8.687918],[115.47699000000023,-8.686793],[115.478302,-8.686008],[115.47926300000017,-8.685448999999892],[115.48034700000017,-8.684719],[115.481537,-8.684555],[115.48221600000011,-8.684501],[115.48307000000023,-8.683997],[115.4837490000001,-8.683718],[115.48426100000017,-8.683496],[115.4842609878101,-8.683496376369362],[115.48490142900016,-8.683350561999816],[115.48517608700013,-8.683332443999916],[115.48576355000012,-8.683364867999956],[115.4860153190001,-8.683515547999946],[115.48647308300019,-8.683794975999888],[115.4866333010001,-8.683438300999967],[115.48706054800004,-8.682323456999939],[115.48715972800005,-8.6814680089999],[115.48723602400014,-8.68102359799991],[115.48754119800003,-8.68009853299992],[115.48792266800012,-8.679552076999926],[115.48811340300017,-8.678420065999887],[115.488487243,-8.67737865499987],[115.4888687130001,-8.676040649999948],[115.48931884700005,-8.675223350999886],[115.48947143600003,-8.674405097999966],[115.49015045300018,-8.673886298999946],[115.4911270140002,-8.673369406999882],[115.4917984000001,-8.672776221999925],[115.49434661900023,-8.672116278999965],[115.49651336600004,-8.672199249999949],[115.49764251700026,-8.671979903999954],[115.49854278600003,-8.672575949999953],[115.49876403900032,-8.672207832999959],[115.49996185300017,-8.67256641399996],[115.50078582900028,-8.672556876999977],[115.50088501100015,-8.672592162999877],[115.50167083800022,-8.672768591999898],[115.5036697390002,-8.673023222999916],[115.50571441700004,-8.673457145999976],[115.5068588260001,-8.673750876999918],[115.50828552300015,-8.674266813999964],[115.50919342000009,-8.674594878999926],[115.51288604800004,-8.676175115999968],[115.51422882100007,-8.676531790999888],[115.51431274500021,-8.676567076999959],[115.51554107700008,-8.677010534999965],[115.51586914100005,-8.677104949999944],[115.51663208100013,-8.677232742999877],[115.51757049500009,-8.677343367999981],[115.51765441900011,-8.677352903999974],[115.51789093000025,-8.67737865499987],[115.51846313500005,-8.677373884999952],[115.5187072760001,-8.677444457999968],[115.51887512200017,-8.67750835399994],[115.52175903400007,-8.67745113299992],[115.5223312380001,-8.677420616999882],[115.52241516200013,-8.677412986999968],[115.52268219000007,-8.677422521999972],[115.52351379400011,-8.677485464999904],[115.52375030500002,-8.677496909999888],[115.526161193,-8.677555082999902],[115.52761077800017,-8.677577018999955],[115.52943420400004,-8.67763614699993],[115.52953338600003,-8.677627563999977],[115.53013610900007,-8.677575111999943],[115.53034210100009,-8.67753219499997],[115.53050994900013,-8.677498817999947],[115.53147125200019,-8.677327154999944],[115.53395080500025,-8.676881788999879],[115.53403472900004,-8.676882743999954],[115.5343322760001,-8.676893234999966],[115.5349731450001,-8.676823615999979],[115.53628540000022,-8.676625251999894],[115.53628540000022,-8.676549910999938],[115.53629303000002,-8.676354406999963],[115.53755187900015,-8.676190376999955],[115.54106140100009,-8.675573347999887],[115.54328918500005,-8.675127981999822],[115.54336547900016,-8.675115583999968],[115.5454864510001,-8.674701689999893],[115.5468750010001,-8.674242019999951],[115.54848480200008,-8.673411368999894],[115.55050659100016,-8.672284125999965],[115.55144500800009,-8.672082901999943],[115.5523223890001,-8.672011375999944],[115.55261993500005,-8.672014235999939],[115.55330658000014,-8.672082901999943],[115.55361175400014,-8.672123908999936],[115.55389404300013,-8.672165870999947],[115.55416107200006,-8.672125815999948],[115.5544815070001,-8.67216777799996],[115.55478668200021,-8.672168730999942],[115.55505371200002,-8.672169685999904],[115.55541992100007,-8.672191619999978],[115.55570221000005,-8.672131538999963],[115.55602264400011,-8.672133445999918],[115.55638885400003,-8.672074316999954],[115.55665588400007,-8.672055242999932],[115.55693817200006,-8.672036169999956],[115.55722045800007,-8.671996115999946],[115.55760955900007,-8.671937942999932],[115.55785369800014,-8.671897887999876],[115.55815124500009,-8.671838759999957],[115.55845642100019,-8.671819686999982],[115.55882263100011,-8.671760558999893],[115.55921173100012,-8.671721457999979],[115.55955505300005,-8.671662329999947],[115.55977630600023,-8.67162322999991],[115.56016540600001,-8.671604156999933],[115.56052398800023,-8.671598433999975],[115.5620040900003,-8.671870231999947],[115.56323242200017,-8.672163009999963],[115.56442260800009,-8.672684669999967],[115.56506347600009,-8.67317294999998],[115.56584930500003,-8.673700332999886],[115.5665512080003,-8.673995971999943],[115.56662750200007,-8.674030302999938],[115.56896972600009,-8.675184249999859],[115.56909179700028,-8.67527294099989],[115.56920623700012,-8.675351142999887],[115.57022094700005,-8.675932884999895],[115.57169342100008,-8.676937101999954],[115.572319031,-8.67753410299997],[115.57269287100019,-8.677947996999933],[115.57292175400005,-8.67831039399988],[115.57351684700018,-8.679152487999943],[115.57547760100022,-8.68160152299987],[115.57559967000009,-8.681752204999896],[115.57651519700005,-8.683037757999955],[115.57699585000012,-8.683622359999902],[115.57772827200017,-8.684408186999917],[115.5785064700001,-8.685200690999864],[115.57920837400002,-8.68587493799987],[115.58020782500023,-8.688276290999966],[115.58042144800004,-8.688653945999931],[115.58067321700003,-8.689131735999979],[115.58105468800022,-8.689747809999972],[115.58168029700005,-8.691554068999892],[115.5824356070002,-8.694455146999871],[115.58293151800012,-8.696113585999967],[115.58312225400005,-8.69685745299995],[115.58317565900029,-8.696979522999925],[115.58337402400014,-8.697579383999937],[115.5834884640002,-8.698232649999966],[115.58362579300024,-8.698834417999933],[115.58379364100006,-8.69920539799989],[115.58391571100003,-8.699551581999856],[115.58406829900025,-8.699872968999955],[115.58406066900034,-8.700366974999895],[115.58411407400001,-8.700688361999937],[115.58413696200034,-8.701133727999945],[115.58418273900031,-8.701528548999931],[115.58400726300022,-8.70188045499998],[115.58404541000004,-8.702083587999937],[115.58419799800004,-8.703699110999935],[115.58445739700016,-8.704788206999979],[115.58485412600021,-8.705684660999964],[115.58559417800029,-8.706434248999926],[115.58589172400002,-8.706702231999884],[115.58652496400009,-8.707365034999839],[115.58730316100002,-8.708500860999948],[115.58782196000004,-8.709562300999892],[115.5880889900003,-8.710101127999906],[115.58845520000023,-8.710739135999859],[115.58892822200016,-8.711627006999947],[115.58978271400008,-8.712565420999965],[115.590721131,-8.71362113899994],[115.59095764200003,-8.713879584999972],[115.59135437000009,-8.714319228999955],[115.59197235200008,-8.714814186999945],[115.59349823100001,-8.715437888999872],[115.5939483640002,-8.715602873999956],[115.59420013400006,-8.715847967999878],[115.59429931600005,-8.716006277999895],[115.59461975100021,-8.715994834999947],[115.59481048500004,-8.715979575999938],[115.59502411000005,-8.71618080099995],[115.59541320800008,-8.7177171699999],[115.59562683100023,-8.719758985999931],[115.59571075400015,-8.720708847999902],[115.5957260130001,-8.721276281999963],[115.59577942000033,-8.722316740999872],[115.59604644800004,-8.723313331999918],[115.59619903500015,-8.7236480709999],[115.59632873600015,-8.723873138999977],[115.59811401400009,-8.726156234999962],[115.5990142820001,-8.726962088999926],[115.60057067900004,-8.72801780799989],[115.60155487100008,-8.728530883999952],[115.60164642300003,-8.728561400999922],[115.60173797700031,-8.728623388999893],[115.60202026300021,-8.728810309999915],[115.60334777700007,-8.729671477999943],[115.6050262460002,-8.730685232999974],[115.60575103700035,-8.731473921999964],[115.60636901900011,-8.732111929999974],[115.60690307600021,-8.732510565999917],[115.60744476400009,-8.73301887499997],[115.60859680100009,-8.73436641799998],[115.6090850830002,-8.73473167499992],[115.60916900700022,-8.734767913999974],[115.60939025800008,-8.734787939999876],[115.609786987,-8.734942434999937],[115.61032867400013,-8.73534965399989],[115.61215210000023,-8.73720931899993],[115.61244201600005,-8.7376556399999],[115.61292266800001,-8.738399504999904],[115.61328888000014,-8.73914813999994],[115.61361694300001,-8.74026489199997],[115.61403656000016,-8.741960525999957],[115.61406707700007,-8.742070198999954],[115.61544036900023,-8.742412566999974],[115.61636352500022,-8.743077277999873],[115.61681366100015,-8.743645667999942],[115.61740112300004,-8.744426726999961],[115.6175689690001,-8.745371818999956],[115.61811065700022,-8.745609281999975],[115.61879730100031,-8.746202467999922],[115.61946106000005,-8.746936796999933],[115.61966705400005,-8.747243880999918],[115.61936187800006,-8.747596739999892],[115.62028503400006,-8.748096465999936],[115.62082672100018,-8.748405455999944],[115.62118530300006,-8.748807906999957],[115.62110900900007,-8.749350547999882],[115.62082672100018,-8.750081061999936],[115.62120056100002,-8.750294684999915],[115.62174987700018,-8.750296591999927],[115.62200927700019,-8.750510214999906],[115.62184143100012,-8.751075743999877],[115.62073516900011,-8.751693724999939],[115.62057687598883,-8.751774622439825],[115.620735,-8.751694],[115.621841,-8.751076],[115.622314,-8.751307],[115.622803,-8.751783],[115.623215,-8.752341],[115.623589,-8.753132],[115.623688,-8.753436],[115.62381,-8.754099],[115.623711,-8.754363],[115.623421,-8.754658],[115.623222,-8.754937],[115.623245,-8.755053],[115.623314,-8.755085],[115.623741,-8.755178],[115.624062,-8.755274],[115.62445100000014,-8.755568],[115.62471,-8.755913],[115.62487,-8.756216],[115.62500000000011,-8.756458],[115.62533600000017,-8.757088],[115.62538900000015,-8.757445],[115.625351,-8.757898],[115.62516800000014,-8.758119],[115.625023,-8.758434],[115.625023,-8.758769],[115.625107,-8.759747],[115.625015,-8.760249],[115.6248320000002,-8.76018],[115.624237,-8.759774],[115.6234740000001,-8.759316],[115.623215,-8.759496],[115.623192,-8.75966],[115.62339,-8.760206],[115.623756,-8.760826],[115.624443,-8.761431],[115.62487,-8.761846],[115.62500000000011,-8.76197],[115.626526,-8.763918],[115.62735,-8.765395],[115.627632,-8.76625],[115.62816600000019,-8.768251],[115.627396,-8.768476],[115.627396,-8.768587],[115.627541,-8.768743],[115.62841000000014,-8.769547],[115.62858600000015,-8.769955],[115.628532,-8.770222],[115.628357,-8.770503],[115.62812,-8.770605],[115.62750200000016,-8.770642],[115.626846,-8.770736],[115.62661,-8.77091],[115.62638100000015,-8.771292],[115.626511,-8.771624],[115.6269840000001,-8.771828],[115.628143,-8.772325],[115.62849400000016,-8.77264],[115.62825000000021,-8.772784999999885],[115.627602,-8.772966],[115.6265410000002,-8.773081],[115.625519,-8.773211],[115.62500000000011,-8.77327],[115.624878,-8.773282999999878],[115.62384,-8.773399],[115.62249,-8.773103],[115.622093,-8.773239999999873],[115.62174200000015,-8.773491],[115.621567,-8.773739],[115.62216200000012,-8.774254],[115.62205500000016,-8.774814],[115.621696,-8.775735],[115.621399,-8.776111],[115.621277,-8.776022],[115.62114,-8.775762],[115.62085700000011,-8.77516],[115.620605,-8.775043],[115.620171,-8.775209],[115.619507,-8.775503],[115.6187520000002,-8.776095],[115.61862900000017,-8.776481],[115.61869,-8.77752],[115.618889,-8.777737],[115.61899600000015,-8.778004],[115.619003,-8.778378],[115.618866,-8.778416],[115.618515,-8.778378],[115.618103,-8.778189],[115.61811100000011,-8.778078],[115.61832400000014,-8.777874],[115.618462,-8.777653],[115.618347,-8.777453],[115.618126,-8.777361],[115.617767,-8.777479],[115.617409,-8.777748],[115.617264,-8.778063],[115.61737100000016,-8.778497],[115.617386,-8.779053],[115.617241,-8.779313],[115.6170880000002,-8.779321],[115.616867,-8.779117],[115.6160430000001,-8.778366],[115.615959,-8.778713],[115.616005,-8.779237],[115.61607400000014,-8.7801],[115.615929,-8.781308],[115.61579900000015,-8.781734],[115.615601,-8.782064],[115.61525000000017,-8.782269],[115.614571,-8.782553],[115.6138,-8.782928],[115.613571,-8.78328],[115.61322,-8.783661],[115.612923,-8.783773],[115.612564,-8.783676],[115.612015,-8.783552],[115.611343,-8.783595],[115.61089300000015,-8.783745],[115.61055,-8.783998],[115.610199,-8.784442],[115.61018400000023,-8.784308],[115.61018400000023,-8.783735],[115.61002,-8.783563],[115.60995300000013,-8.783493],[115.6098402305081,-8.783375240707358],[115.60995293900021,-8.783492957999897],[115.61001962000012,-8.783562972999903],[115.61018371500029,-8.78373527399998],[115.61018371500029,-8.784308432999978],[115.6101989870001,-8.784441942999933],[115.61016799900005,-8.78467300099993]]],[[[115.62971500100002,-8.780503998999961],[115.62940200000014,-8.780474998999978],[115.62907399900007,-8.780273000999955],[115.62899800000014,-8.780105999999876],[115.629128,-8.779914],[115.62920400100006,-8.779839998999819],[115.62932600100021,-8.779892],[115.62970699900006,-8.780163],[115.6298220000001,-8.780445998999937],[115.62971500100002,-8.780503998999961]]],[[[115.528122,-8.79916],[115.527985,-8.799167],[115.527916,-8.799054],[115.528076,-8.798964],[115.528152,-8.79903],[115.528122,-8.79916]]],[[[115.52322400000025,-8.79033],[115.523293,-8.79009],[115.523331,-8.790021],[115.52340700000013,-8.790023],[115.523567,-8.790115],[115.52359,-8.790302],[115.52349100000015,-8.790456],[115.523361,-8.790468],[115.52322400000025,-8.79033]]],[[[115.49208800000031,-8.773161],[115.492241,-8.773203],[115.49226400100008,-8.773382],[115.492188,-8.773516000999962],[115.49201199900017,-8.77345800099988],[115.49197400000014,-8.773246000999904],[115.49208800000031,-8.773161]]],[[[115.619476,-8.77923],[115.619156,-8.778869],[115.619026,-8.778543],[115.619179,-8.77848699999987],[115.619514,-8.778792],[115.619804,-8.779078],[115.619835,-8.779307],[115.61969,-8.779352],[115.619476,-8.77923]]],[[[115.62899800000014,-8.776428],[115.62912,-8.776035],[115.62931800000013,-8.77602],[115.629692,-8.77611],[115.6303180000001,-8.776404],[115.630463,-8.776631],[115.630478,-8.7769],[115.630249,-8.777775],[115.63012700000013,-8.778006],[115.629944,-8.778695],[115.629639,-8.778939],[115.629379,-8.778974],[115.629173,-8.778829],[115.62908200000015,-8.778584],[115.629143,-8.778352],[115.629372,-8.778028],[115.629784,-8.777461],[115.6298220000001,-8.777081],[115.62970700000017,-8.77667],[115.629524,-8.776479],[115.62899800000014,-8.776428]]],[[[115.626564,-8.776674],[115.62574800000016,-8.776752],[115.6251830000001,-8.776643],[115.62500000000011,-8.776531],[115.624855,-8.776442],[115.624542,-8.776057],[115.623741,-8.774983],[115.622864,-8.774499],[115.622597,-8.774339],[115.622704,-8.774143],[115.62307,-8.774188],[115.62480900000025,-8.774471],[115.62500000000011,-8.774469],[115.625313,-8.774467],[115.629158,-8.775083],[115.628525,-8.775312],[115.62760900000012,-8.775657],[115.627571,-8.775903],[115.62734200000023,-8.77624],[115.62693000000024,-8.776541],[115.626564,-8.776674]]],[[[115.484528,-8.772592],[115.48455000000013,-8.772779],[115.48445100000026,-8.772947],[115.48430600000017,-8.772985],[115.484085,-8.77287],[115.48381,-8.77275],[115.48365000000013,-8.772629],[115.48365000000013,-8.772471],[115.483803,-8.772346],[115.484123,-8.772243],[115.484123,-8.772335],[115.484276,-8.772423],[115.484528,-8.772592]]],[[[115.487282,-8.770644],[115.48716,-8.770694],[115.486916,-8.770626],[115.486702,-8.770386],[115.48648800000024,-8.770063],[115.486534,-8.769988],[115.486809,-8.76977],[115.48701500000016,-8.769808],[115.487221,-8.76999],[115.487305,-8.770267],[115.487282,-8.770644]]],[[[115.47845500000017,-8.759024],[115.47824100100013,-8.758819998999911],[115.477852,-8.758301],[115.477913,-8.758079999999893],[115.47824100100013,-8.757874999999899],[115.47855400000014,-8.757866000999968],[115.478676,-8.757985000999952],[115.478737,-8.758277998999915],[115.478546,-8.758845],[115.47845500000017,-8.759024]]],[[[115.47275500000012,-8.754585],[115.472397,-8.7543],[115.47232800000018,-8.754213],[115.473061,-8.753741],[115.473259,-8.753676],[115.47331200000019,-8.753951],[115.47322800000018,-8.75431],[115.472954,-8.754615],[115.47275500000012,-8.754585]]],[[[115.4547960000001,-8.737823],[115.45460500000013,-8.737841999999887],[115.454559,-8.73776],[115.454712,-8.737669999999866],[115.454849,-8.737712],[115.4547960000001,-8.737823]]],[[[115.45640600000013,-8.715111],[115.456085,-8.71507],[115.45591000000013,-8.714874],[115.455864,-8.714619],[115.455986,-8.714376],[115.45621500000027,-8.714216],[115.45649000000014,-8.714105],[115.45656600000018,-8.714395],[115.456696,-8.715],[115.45640600000013,-8.715111]]],[[[115.45172099900014,-8.750217],[115.45179700000017,-8.750331],[115.451736,-8.75043599899982],[115.4515990000001,-8.750440998999977],[115.45153,-8.750331],[115.45164500000021,-8.750198998999906],[115.45172099900014,-8.750217]]],[[[115.46023559600008,-8.698549269999944],[115.45967865000011,-8.69907283699996],[115.45904541000016,-8.699518202999911],[115.45816040100021,-8.700128555999981],[115.45784759400021,-8.700078963999943],[115.45765686000004,-8.700111387999812],[115.45705413700034,-8.700988768999935],[115.45697784400033,-8.701104163999958],[115.45634460400004,-8.701633453999875],[115.45585632300003,-8.701878547999911],[115.45549774200026,-8.70214176099995],[115.45510864300013,-8.70257091499991],[115.45481109700006,-8.702973364999934],[115.45442199600006,-8.703238486999908],[115.45333099300012,-8.703910827999948],[115.45324707100008,-8.704109191999919],[115.45291900600023,-8.70443057999995],[115.4525527960003,-8.704629896999904],[115.45220184200002,-8.704825400999937],[115.45175170900006,-8.705286979999926],[115.45149230900006,-8.705531118999886],[115.45102691700026,-8.706081389999952],[115.4507293710002,-8.706065176999914],[115.44969940200008,-8.70595359899994],[115.44938659800005,-8.705703734999872],[115.44930267400002,-8.705722807999962],[115.44917297300003,-8.705863951999959],[115.44913482600009,-8.70616722099993],[115.44906616300023,-8.70641136099988],[115.44892120300017,-8.706563949999975],[115.44884491000016,-8.70759868599987],[115.44857788000002,-8.70793056399998],[115.4483642570001,-8.708273887999894],[115.44832611100014,-8.708610533999945],[115.44817352300004,-8.708878515999913],[115.44792938200021,-8.709049223999898],[115.4477767950001,-8.709112166999887],[115.44734191900022,-8.70929336499995],[115.44694519100005,-8.709767339999928],[115.44688415500002,-8.709839820999946],[115.44653320400016,-8.710188864999964],[115.44618988000002,-8.710177421999902],[115.44573974700018,-8.710013388999926],[115.44544220000012,-8.70978069299997],[115.4452514640002,-8.709476470999903],[115.44522857800007,-8.709104536999973],[115.44497680600034,-8.709068297999977],[115.44454193100012,-8.709147453999947],[115.44439697200016,-8.709334372999876],[115.44448089500008,-8.709560392999947],[115.44462585500003,-8.709993362999967],[115.44463348500005,-8.710604666999927],[115.44438934400023,-8.710816381999962],[115.44421386800013,-8.711048124999934],[115.44428253100023,-8.71133232099993],[115.44438934400023,-8.712055204999956],[115.44406127800005,-8.712283132999971],[115.44380188100001,-8.712274549999961],[115.44354248100024,-8.712112426999965],[115.44336700300016,-8.712069510999982],[115.44303131000015,-8.712257384999873],[115.4428710950001,-8.712363241999924],[115.4427642820001,-8.712303161999955],[115.44259643500015,-8.712216376999947],[115.44247436600006,-8.712368964999882],[115.44226837200006,-8.712570188999905],[115.44214630100021,-8.71250057099985],[115.44207763800011,-8.71228027299992],[115.44191742000021,-8.711846349999973],[115.44179534900013,-8.711694717999876],[115.44152069100016,-8.711315154999909],[115.44118499800015,-8.71141910499989],[115.44094848700001,-8.711484907999932],[115.44065856900022,-8.711351393999962],[115.44065856900022,-8.711482047999937],[115.44058990500002,-8.711647032999906],[115.44035339400011,-8.711833],[115.44027709900024,-8.711996076999924],[115.44014740000011,-8.711899757999959],[115.44013214100016,-8.711682319999909],[115.4402465820001,-8.71097469199998],[115.4404525760001,-8.710620879999908],[115.44039154100017,-8.71011447899997],[115.4404754630001,-8.709703444999946],[115.44055175900007,-8.709218024999927],[115.440330506,-8.70906257699994],[115.44020080500002,-8.70909500099998],[115.44020843500005,-8.70931720699997],[115.44011688300031,-8.709509847999925],[115.4396286010001,-8.709918021999954],[115.43939208900008,-8.71010494099994],[115.43929290700021,-8.709972381999933],[115.43918609700006,-8.709878920999927],[115.43910217300004,-8.709980964999943],[115.4389343260001,-8.710106848999942],[115.43869018600014,-8.710085867999965],[115.43863677900003,-8.709922789999894],[115.4387054450001,-8.70967578899996],[115.43880462700008,-8.709220886999901],[115.438941956,-8.709089278999954],[115.43933868400018,-8.708915709999872],[115.43949890200008,-8.708552360999931],[115.4394454950002,-8.708359718999873],[115.43920135500002,-8.70808124599995],[115.43874359100005,-8.707848547999959],[115.43863677900003,-8.707966803999966],[115.4384689340003,-8.70860767299996],[115.43797302300004,-8.70869541199994],[115.43789672900016,-8.708578109999905],[115.43777465900018,-8.708445547999872],[115.43754577600009,-8.708459853999898],[115.43709564200003,-8.708463668999968],[115.4370880140001,-8.708326339999871],[115.4370880140001,-8.707937239999922],[115.43694305500026,-8.707617759999948],[115.43704986500006,-8.707413672999962],[115.43708038400018,-8.707290648999901],[115.43702697800018,-8.707176208999954],[115.43741607700031,-8.706768989999887],[115.43773651200013,-8.706178664999982],[115.4378814690001,-8.70625305099992],[115.43823242200006,-8.706624984999962],[115.43836975100021,-8.706513404999896],[115.43860626200012,-8.706329345999961],[115.43869781400008,-8.706191062999949],[115.43907165500002,-8.705563545999894],[115.4392700190001,-8.704810142999918],[115.43936157300004,-8.704274177999878],[115.43973541300022,-8.70358467099993],[115.43968200800009,-8.703133581999907],[115.43992614700016,-8.702300070999968],[115.44021606500019,-8.701888083999904],[115.44107055600011,-8.700988768999935],[115.4413757320001,-8.700666426999817],[115.44166564900002,-8.700650214999882],[115.44232177700019,-8.70063209499989],[115.4429702770002,-8.700402258999873],[115.44414520200007,-8.699846267999874],[115.44501495300005,-8.69944477099989],[115.4460525510001,-8.699039459999938],[115.44778442300003,-8.698260305999952],[115.44891357300003,-8.697638511999912],[115.44926452700008,-8.697112081999876],[115.44960784800003,-8.696375847999889],[115.44992065500003,-8.69571685699998],[115.45030975300006,-8.695003508999946],[115.4505996700002,-8.694820404999973],[115.45108032200017,-8.694605826999975],[115.45240783700012,-8.693833350999967],[115.45271301300033,-8.693790435999972],[115.45307922300026,-8.693792341999938],[115.45386505000022,-8.693291662999968],[115.45424652100007,-8.693026542999974],[115.45493316700004,-8.692756652999947],[115.45558166500018,-8.69226550999997],[115.45770263700001,-8.690907478999975],[115.45790863000025,-8.690671919999943],[115.45891571000027,-8.688795089999815],[115.45945739700005,-8.687986373999934],[115.45967865000011,-8.688091276999955],[115.46003723200033,-8.688417434999906],[115.4607315070001,-8.688997268999913],[115.46089172400002,-8.68893051099991],[115.46137237500022,-8.688511848999894],[115.46260070700009,-8.687515257999962],[115.4631729140001,-8.687406539999927],[115.46551513600025,-8.68714713999998],[115.46578216600017,-8.687240599999882],[115.46588134800004,-8.687421797999946],[115.46587371800013,-8.68769645599997],[115.46566772500023,-8.68815040499993],[115.46501159700006,-8.68931960999987],[115.46385192800017,-8.691620826999952],[115.46352386500007,-8.69226550999997],[115.46300506600005,-8.69370555799992],[115.46230316100002,-8.694996832999948],[115.4619598390002,-8.695887564999907],[115.46144104000018,-8.69677829699998],[115.46082305900006,-8.69760703999998],[115.46055603100001,-8.69809913599994],[115.46023559600008,-8.698549269999944]]],[[[115.47307586800002,-8.671721457999979],[115.4731597890003,-8.672208784999953],[115.47303009100006,-8.672999381999887],[115.4726486200002,-8.674145698999894],[115.47204589900002,-8.675345419999871],[115.47103881800001,-8.676859855999965],[115.47058868400029,-8.677566528999876],[115.47018432700031,-8.67824268299995],[115.46984100400005,-8.678615569999977],[115.46804809500031,-8.679520607999905],[115.46747589100005,-8.679808615999946],[115.46660614000007,-8.680596350999906],[115.46618652300015,-8.680989263999948],[115.46567535400004,-8.68177318599993],[115.46528625500002,-8.682223319999878],[115.46376037600021,-8.682527540999843],[115.46308136000016,-8.68272209099996],[115.46210479600018,-8.683215140999891],[115.46182251000005,-8.683433531999924],[115.46173858700001,-8.68398856999994],[115.461685181,-8.684226035999927],[115.46088409400011,-8.684614181999905],[115.46060943600025,-8.68477725899993],[115.4604415880001,-8.685030935999919],[115.4605712890002,-8.685592649999876],[115.46065521300022,-8.685891150999964],[115.46055603100001,-8.686184882999953],[115.46035003700001,-8.686386106999976],[115.45886993500017,-8.686780927999962],[115.4583129880001,-8.68711280899987],[115.45726776200001,-8.687510489999909],[115.45652771000005,-8.687781332999975],[115.45621490500002,-8.68800067799998],[115.45612335100009,-8.688105582999981],[115.45536804300014,-8.68876171099987],[115.45506286600016,-8.689153671999975],[115.4545822140002,-8.689780235999876],[115.45383453400018,-8.690575598999942],[115.45304870700022,-8.691226958999948],[115.45266723600002,-8.691534995999916],[115.45217132600021,-8.692334175999974],[115.45197296100002,-8.69260787899998],[115.45135498000002,-8.69300556199994],[115.45106506400032,-8.693163871999957],[115.45092773500005,-8.693366050999941],[115.45085144100017,-8.69381522999987],[115.44962310900007,-8.693727493999972],[115.4491882330002,-8.693820952999886],[115.44840240400015,-8.693901061999952],[115.44747924800015,-8.693957328999886],[115.44685363700012,-8.694008826999891],[115.44665527300003,-8.694018364999977],[115.44617462200017,-8.69408130499994],[115.44490051300033,-8.694292067999982],[115.44352722100007,-8.694376943999885],[115.44260406500007,-8.69429015999998],[115.44181060800008,-8.694087027999956],[115.44142150900007,-8.694037437999953],[115.44082641600016,-8.694272041999909],[115.4404525760001,-8.694356917999926],[115.4388885510001,-8.693963049999923],[115.43843078700024,-8.693839073999868],[115.43827056900011,-8.69386577499995],[115.43804168600013,-8.694284439999876],[115.43792724600007,-8.694499969999924],[115.43766021800002,-8.694546698999886],[115.43733978300008,-8.694550514999946],[115.43641662500022,-8.69429015999998],[115.4360504150003,-8.693972587999895],[115.43579101600005,-8.693569183999955],[115.43543243400006,-8.693295477999925],[115.43471527000008,-8.692881583999963],[115.43442535400004,-8.692351341999881],[115.4342346200001,-8.692156791999935],[115.43409728900019,-8.691953657999932],[115.4335632320001,-8.691239356999972],[115.43325805700022,-8.69098949499994],[115.43299102700007,-8.690895080999951],[115.43274688800011,-8.690962791999937],[115.43247985800019,-8.69149970899997],[115.43229675200018,-8.691796302999876],[115.4317169200001,-8.692219732999945],[115.43160247700018,-8.69227886099992],[115.43152618300007,-8.69228744399993],[115.4309387210003,-8.692257879999886],[115.43079376200012,-8.692067145999829],[115.43025970400004,-8.691010473999881],[115.43005371200002,-8.690974234999885],[115.42967224100016,-8.691096304999974],[115.42916107200006,-8.69124507999993],[115.4290924070001,-8.691147804999957],[115.42905426000004,-8.690708159999929],[115.429176331,-8.690376281999875],[115.4293975830002,-8.69024944299997],[115.42982482900015,-8.69001579199994],[115.42997741800025,-8.689690589999941],[115.42993926900022,-8.68938731999998],[115.42983245900007,-8.689181327999961],[115.42967224100016,-8.68903636899995],[115.42930602900003,-8.688812255999892],[115.42863464300012,-8.688952444999927],[115.428253175,-8.688875198999938],[115.42789459300013,-8.688655852999943],[115.42784118600025,-8.688479422999876],[115.42791748100012,-8.688120840999886],[115.42807769700005,-8.687964438999927],[115.42901611300022,-8.687560081999948],[115.42918396100004,-8.687218665999922],[115.42923736600017,-8.686717987999884],[115.42913818400007,-8.68656539799997],[115.42892456100014,-8.686607359999812],[115.42853546100002,-8.68665790499989],[115.42836761500007,-8.686544416999936],[115.4283142080003,-8.686293602999967],[115.42836761500007,-8.686005591999958],[115.42855072100008,-8.68532085499993],[115.42841339000017,-8.685309408999956],[115.42807006900011,-8.685557365999955],[115.42787933300008,-8.685601234999979],[115.42777252200005,-8.685517310999955],[115.42776489200003,-8.685273169999903],[115.42776489200003,-8.684409141999936],[115.42754363900008,-8.684277533999932],[115.42721557600021,-8.684012412999948],[115.42707061700003,-8.683653831999948],[115.42710113600015,-8.68331336999995],[115.42726898100011,-8.682971954999914],[115.4275512700001,-8.682778357999894],[115.42874908500016,-8.682170866999968],[115.42920684700005,-8.681978225999956],[115.42972564700017,-8.681935310999961],[115.42997741800025,-8.682056426999964],[115.43038940500014,-8.682305335999843],[115.43069458000014,-8.68214416599983],[115.43148040800008,-8.681818007999937],[115.43183899000007,-8.681925772999875],[115.43199157800007,-8.68214511799988],[115.43203735400016,-8.682415960999947],[115.4321212760002,-8.682966231999899],[115.43231201200001,-8.683115958999963],[115.43246460000034,-8.683085441999879],[115.43337249700005,-8.682441711999957],[115.4339752200001,-8.681777000999887],[115.4345397950002,-8.681041716999914],[115.43489837600009,-8.680584907999958],[115.43503570500002,-8.67973232299994],[115.43519592300015,-8.679542540999932],[115.43531036300021,-8.679559706999953],[115.43541717600021,-8.679575919999934],[115.436317443,-8.679978369999958],[115.43634033200021,-8.680174827999963],[115.4360809320001,-8.6808786389999],[115.43614959700017,-8.681085585999881],[115.43642425500013,-8.68135261599997],[115.43666839700006,-8.68141937199988],[115.43758392200004,-8.68137931799987],[115.43891906700014,-8.681178092999914],[115.43972778300008,-8.680797577999954],[115.44043731600027,-8.68032455299982],[115.44060516400009,-8.680167197999936],[115.44113159100004,-8.679897307999909],[115.44149780300017,-8.67998409199987],[115.4420700070001,-8.680273055999976],[115.44213104300002,-8.680160522999927],[115.44234466500006,-8.679735182999877],[115.44263458200021,-8.679577827999935],[115.44310760600001,-8.679542540999932],[115.44447326700003,-8.679428100999871],[115.44546508900021,-8.679257392999887],[115.44573211700003,-8.678997992999939],[115.44630432100018,-8.67803573599997],[115.44635009800015,-8.677913664999892],[115.44658660900006,-8.67730998899998],[115.44698333800011,-8.675813673999869],[115.44714355500014,-8.674614905999931],[115.44718933200011,-8.674146650999887],[115.44730377200017,-8.673046111999952],[115.44779205300017,-8.66837215299995],[115.44798278700011,-8.667480468999884],[115.44821167000009,-8.666956901999981],[115.44895172200006,-8.666028022999967],[115.44954681300021,-8.665079115999959],[115.44976806600016,-8.664628982999943],[115.44997406000016,-8.664311407999946],[115.45036315900006,-8.663582800999961],[115.45063018800022,-8.663280486999838],[115.45106506400032,-8.663054465999949],[115.45349884000007,-8.663078307999967],[115.45520019500009,-8.663445471999978],[115.45659637500012,-8.66369914899991],[115.45796203700002,-8.663949012999979],[115.45858001600004,-8.664029121999874],[115.45944213900009,-8.664218902999949],[115.46340179400022,-8.665195463999908],[115.46475982600009,-8.665540694999947],[115.46649169900002,-8.665928840999925],[115.46697998000013,-8.666019439999957],[115.46763610800008,-8.665953636999859],[115.46803283700012,-8.665870665999932],[115.46829986600005,-8.666152953999926],[115.46846008400007,-8.666353225999956],[115.4695358270003,-8.666920661999939],[115.471321106,-8.66817378899998],[115.472167968,-8.669503210999892],[115.47265625100022,-8.670537948999936],[115.47307586800002,-8.671721457999979]]],[[[115.42121124300013,-8.576164244999973],[115.42067718500005,-8.57616138499992],[115.41973114100006,-8.576032638999948],[115.41921997100008,-8.576029777999963],[115.41846466100026,-8.575976370999967],[115.41739654600008,-8.575922010999932],[115.41664123600015,-8.575918197999954],[115.41572570800008,-8.57591438299994],[115.41451263400006,-8.575859069999979],[115.41334533600025,-8.575854299999946],[115.41220092800006,-8.576000213999919],[115.41127014200015,-8.576111791999892],[115.41089630200008,-8.576083182999923],[115.40985107500023,-8.575987815999952],[115.4088897700002,-8.576036453999905],[115.40833282400013,-8.576093673999935],[115.40735626300022,-8.576230047999957],[115.40682983400006,-8.576348303999964],[115.40647125200007,-8.576506613999982],[115.40602874800004,-8.576664922999953],[115.40530395500002,-8.576942443999883],[115.40410614100006,-8.577228546999947],[115.40348815900006,-8.577415465999934],[115.40287780800031,-8.577483176999976],[115.40219879200026,-8.577450751999947],[115.40096282900004,-8.57732391399992],[115.4005432140001,-8.57710647599987],[115.40023040700021,-8.576944350999952],[115.39969634900012,-8.576699256999916],[115.39900207400012,-8.576430319999872],[115.39844512800005,-8.576190947999976],[115.3979949950002,-8.576036453999905],[115.39695739800004,-8.575767515999928],[115.39649963400018,-8.575704572999882],[115.39553070100021,-8.575570106999976],[115.39472961400008,-8.57553005199992],[115.3942184450002,-8.575488089999908],[115.39359283400017,-8.57540702699987],[115.39270782400013,-8.575308799999902],[115.39227294900013,-8.575324057999921],[115.39186096200001,-8.57533931599994],[115.39120483400029,-8.575552940999955],[115.39081573500016,-8.575576781999871],[115.39026641800012,-8.575523376999968],[115.38929748500016,-8.575438497999812],[115.38825225800008,-8.57545089599995],[115.38766479500009,-8.575424194999869],[115.38700866700015,-8.575284003999968],[115.38624572700007,-8.575181960999885],[115.38526916600017,-8.575153349999937],[115.38436889600007,-8.575138091999975],[115.38363647400013,-8.575084686999958],[115.38256835900006,-8.574970245999964],[115.38215637200005,-8.574933051999892],[115.38151550200007,-8.574880599999915],[115.38110351600028,-8.574878691999857],[115.38101959200014,-8.574876784999958],[115.38025665300029,-8.574859618999938],[115.38005065900018,-8.57482910199991],[115.37920379600018,-8.574704168999972],[115.37825012200005,-8.574717521999844],[115.37737274100004,-8.574618339999972],[115.37686157200017,-8.574568747999876],[115.37639618000003,-8.574577330999944],[115.37605285600023,-8.574656486999856],[115.37562561100015,-8.574835776999919],[115.37542724700006,-8.574919700999942],[115.3752212520003,-8.5750112529999],[115.37484741200012,-8.575090406999948],[115.374488831,-8.575106619999872],[115.37421417300004,-8.575057982999965],[115.37339782700019,-8.574917793999873],[115.37274932900016,-8.574970245999964],[115.3722763070001,-8.574973105999959],[115.37148285000012,-8.574993132999907],[115.37110901000005,-8.57500266999989],[115.37103271400031,-8.574826239999936],[115.37095642000008,-8.575005530999931],[115.37071228100001,-8.575054167999895],[115.37042236300022,-8.575109482999949],[115.37016296300021,-8.575145721999945],[115.36993408200021,-8.575240133999898],[115.36974334800004,-8.575345993999974],[115.36911010800009,-8.575461386999905],[115.36838531500007,-8.575713157999871],[115.36798095800009,-8.575786589999836],[115.36758422900004,-8.575979232999941],[115.36687469400022,-8.576201438999874],[115.36673736500006,-8.576237677999927],[115.36639404400023,-8.57629680599996],[115.36560058600014,-8.576506613999982],[115.36472320500025,-8.57674789399988],[115.36442565900018,-8.576812744999927],[115.36419677800029,-8.576858519999973],[115.36397552500023,-8.576857566999877],[115.3638153080002,-8.576922415999945],[115.36345672600021,-8.577033995999841],[115.36318206800001,-8.577127456999847],[115.36290741000005,-8.577201842999955],[115.36251831000015,-8.577322005999974],[115.3622512820001,-8.577481268999975],[115.3618621820001,-8.577536581999937],[115.36166381700002,-8.577676772999894],[115.36144256700004,-8.577828407999846],[115.36132049600019,-8.578045844999963],[115.36095428400006,-8.57831096599989],[115.36058044400022,-8.578467367999963],[115.35996246300033,-8.578655243999947],[115.3595047010001,-8.578811645999906],[115.35922241300023,-8.57888698499994],[115.35884857200006,-8.579059599999937],[115.35848236100026,-8.579270362999978],[115.35807800400016,-8.579535484999951],[115.35729217500023,-8.580009459999928],[115.35691070500025,-8.580383299999937],[115.35665893500004,-8.580762862999904],[115.35653686500007,-8.580762862999904],[115.35643768200009,-8.580735205999929],[115.35635376100004,-8.580767630999958],[115.35634613000002,-8.580870627999957],[115.35626983700001,-8.580979347999971],[115.35617828300008,-8.581098555999972],[115.35610961900022,-8.581185339999934],[115.35604095400015,-8.581229209999947],[115.35566711400008,-8.581401824999944],[115.35545349100016,-8.581678390999969],[115.35529327400013,-8.581851958999948],[115.35505676300033,-8.581987379999873],[115.35483551000004,-8.582084654999846],[115.35465240400003,-8.582267760999969],[115.35458374000018,-8.582478522999907],[115.35440063400017,-8.582526207999877],[115.35422515900007,-8.582741737999925],[115.35419464200015,-8.583012580999878],[115.35407257100007,-8.583066940999913],[115.3539505010001,-8.582990646999917],[115.35397338900009,-8.583137511999894],[115.3539199820002,-8.583186148999857],[115.3538436880001,-8.583202361999952],[115.35363769600008,-8.583533286999966],[115.35362243600002,-8.58361530399992],[115.35342407300004,-8.583745001999887],[115.35328674200002,-8.583809852999934],[115.35315704300001,-8.583814620999874],[115.3530960080002,-8.583896636999953],[115.35292816300012,-8.583988188999967],[115.3527374260002,-8.584183692999943],[115.3524322520002,-8.5843782419999],[115.35231018100012,-8.584519385999954],[115.35223388800011,-8.584676740999896],[115.35221862700018,-8.58480739499987],[115.35220336900011,-8.584938048999959],[115.3522262570001,-8.585036277999905],[115.3520431510002,-8.58500289899996],[115.35193634100006,-8.58507346999994],[115.35183715900007,-8.585160255999938],[115.35173034700006,-8.585257530999911],[115.35174560500013,-8.585336684999959],[115.35177612400003,-8.58542251599988],[115.35168457000009,-8.58549976199987],[115.3516082760002,-8.5855741499999],[115.35156249900001,-8.585641860999829],[115.35156249900001,-8.585809706999953],[115.35151672400013,-8.585951805999969],[115.35149383600015,-8.586056707999944],[115.35143280000011,-8.586194036999927],[115.35136413700002,-8.58623790699994],[115.3513259880001,-8.586328505999973],[115.35119628900009,-8.586409569999944],[115.35102844100027,-8.586631774999944],[115.35088348400006,-8.586806295999963],[115.35076141400009,-8.586899757999902],[115.3506622320001,-8.587064742999871],[115.35055541900022,-8.587173460999963],[115.35054779100017,-8.58729362399987],[115.35048675600012,-8.587387084999875],[115.35047149700006,-8.587612150999973],[115.35037994300012,-8.587759970999912],[115.35036468500005,-8.587887763999959],[115.35031128000003,-8.587959289999901],[115.35025024500021,-8.588093755999921],[115.35015869100005,-8.588392257999942],[115.35012054400022,-8.588659284999892],[115.35012817400013,-8.5887546539999],[115.35012054400022,-8.588850021999974],[115.35010528600003,-8.58896636999998],[115.35012817400013,-8.589160918999937],[115.35020446800002,-8.58930492299993],[115.350227356,-8.589382171999944],[115.350227356,-8.589470862999917],[115.35021209800016,-8.589581488999897],[115.3501968380001,-8.589653968999869],[115.35011291600028,-8.589818],[115.35008239700016,-8.590143203999958],[115.35003662200006,-8.590292929999976],[115.35002899200026,-8.590404509999871],[115.34999847300014,-8.590478897999901],[115.34989929100016,-8.590701102999901],[115.34989929100016,-8.590828894999902],[115.34989929100016,-8.590922355999908],[115.34981536900011,-8.591052054999977],[115.34961700500003,-8.591297148999956],[115.3495025630001,-8.591409683999927],[115.34934234700006,-8.591495512999927],[115.34920501800013,-8.591636656999981],[115.34906768700023,-8.591673850999939],[115.34898376500007,-8.591726303999906],[115.34884643600014,-8.591767310999955],[115.34874725400005,-8.591839788999891],[115.34866333000025,-8.59185027999996],[115.34851074300002,-8.59192085299992],[115.34841918900008,-8.592004776999943],[115.34836578400018,-8.592067717999953],[115.34825897200005,-8.592117309999935],[115.34789276200013,-8.592469215999927],[115.34764862000031,-8.59278011299989],[115.3476562510001,-8.592874527999982],[115.347709656,-8.592988012999967],[115.34769439700028,-8.593121528999973],[115.3476562510001,-8.593238829999905],[115.34757995700022,-8.593371390999948],[115.34745788600003,-8.593403814999874],[115.34735870400016,-8.593433378999862],[115.34725952200006,-8.59349346199997],[115.34703826900022,-8.593711851999899],[115.34689331000004,-8.593872069999918],[115.3467865,-8.594106672999942],[115.34668731800002,-8.594243048999886],[115.34660339400034,-8.594371794999972],[115.34661865200019,-8.594467161999944],[115.34667205700009,-8.59452056799995],[115.34664154100005,-8.59465312899988],[115.34649658200021,-8.594695090999892],[115.34629821700003,-8.594717025999955],[115.34619903500004,-8.594733236999957],[115.34611511300022,-8.59479617999989],[115.34592437700007,-8.59482955899989],[115.34571838500005,-8.594886779999968],[115.34551239000018,-8.594950674999893],[115.34529876800002,-8.59507560599991],[115.34497070300017,-8.595256804999906],[115.34459686200023,-8.595448492999878],[115.34429931600016,-8.59548187199988],[115.34410095200008,-8.595541],[115.34398651100014,-8.595568656999944],[115.34375763000003,-8.59569930999993],[115.34352874700005,-8.595781325999951],[115.34320068400018,-8.595817565999937],[115.34296417300004,-8.595858572999873],[115.34272766200013,-8.59594535899987],[115.34252166800013,-8.596002578999958],[115.34226226800001,-8.59611511199995],[115.34215545600023,-8.59617233199998],[115.34208679200003,-8.596201895999968],[115.34195709100004,-8.596323011999914],[115.34181976200011,-8.596464155999968],[115.34178161600005,-8.596543311999937],[115.34169769400012,-8.59661102299998],[115.34133911200001,-8.596606254999926],[115.34126281600004,-8.596666335999942],[115.34111785900006,-8.596644401999981],[115.34098053000002,-8.596720694999874],[115.34082794100004,-8.596797943999889],[115.34053802500023,-8.59695053099989],[115.34046173100012,-8.596961973999953],[115.34039306600005,-8.597022056999947],[115.34009551900022,-8.597198485999968],[115.33990478500004,-8.597281456999951],[115.33981323300009,-8.59739017399994],[115.33979034500021,-8.597495078999941],[115.339561462,-8.597738265999965],[115.33941650400004,-8.597793577999937],[115.33930969200014,-8.59785842899987],[115.33924102900005,-8.597911833999945],[115.33920288000002,-8.598185538999928],[115.33904266400009,-8.598495483999898],[115.33869171100002,-8.598773956999935],[115.33839416400008,-8.598968505999892],[115.33814239500009,-8.599110602999929],[115.33789062500023,-8.5993423459999],[115.3377075200001,-8.599412916999881],[115.33757019100017,-8.59956073799998],[115.337249756,-8.599690436999936],[115.33689880400016,-8.599909781999884],[115.33666229300002,-8.599960326999962],[115.33652496400009,-8.600017546999936],[115.3364257820001,-8.600065231999963],[115.3363189700001,-8.600094795999894],[115.33621978700012,-8.600135802999944],[115.3360900890001,-8.600224494999964],[115.3359069830002,-8.600307463999911],[115.3357009880001,-8.600407600999972],[115.33553314300002,-8.6005382539999],[115.33544158900008,-8.600656509999851],[115.33531952000021,-8.600686073999896],[115.33502960200019,-8.600800513999957],[115.3348464960003,-8.600851058999979],[115.33452606300034,-8.600965498999926],[115.3343429570001,-8.601099012999953],[115.33424377500012,-8.601079939999977],[115.33412170400004,-8.601154327999893],[115.3339309700001,-8.60116863199994],[115.33380889900002,-8.601233481999884],[115.33355713000003,-8.601273535999894],[115.33337402400002,-8.601398466999967],[115.33298492300003,-8.601531027999897],[115.3326187140002,-8.601778984999896],[115.33231353700012,-8.601956367999946],[115.33200836200012,-8.60233306899994],[115.33180236800001,-8.60235595699993],[115.33176422100007,-8.602594375999956],[115.33152008000002,-8.602602003999948],[115.3313064570001,-8.602754592999872],[115.33109283500016,-8.602838516999896],[115.33078003000014,-8.603110312999945],[115.33026123100012,-8.603371619999962],[115.33007049600019,-8.603379249999875],[115.3299179070001,-8.603549957999974],[115.32958221400008,-8.6037015899999],[115.32921600400005,-8.60400676699993],[115.32898712100018,-8.604209898999954],[115.32889556900011,-8.60438918999995],[115.3288650500001,-8.604541778999874],[115.32872772100006,-8.604640006999944],[115.32844543500016,-8.604672430999926],[115.32806396500018,-8.604832647999956],[115.32785034200003,-8.60499382099988],[115.3277053830002,-8.605206487999908],[115.32751464900002,-8.605367660999832],[115.32720947300004,-8.605638502999966],[115.3270416250001,-8.605808258999957],[115.32688141000017,-8.605884551999964],[115.32673645000023,-8.605926513999975],[115.32646942100007,-8.606079100999978],[115.32631683300008,-8.606307981999919],[115.32604980600001,-8.606503485999951],[115.32578277600021,-8.606782911999971],[115.3252410880001,-8.607637404999934],[115.32476043800011,-8.60831737399991],[115.3245773320001,-8.608632087999922],[115.32450866600004,-8.609001158999888],[115.32445526100003,-8.609330176999947],[115.32437133700023,-8.609415054999943],[115.32404327400013,-8.609528540999918],[115.32375335800009,-8.609705923999968],[115.3234176630001,-8.60991382599991],[115.32327270600001,-8.610002517999874],[115.32315826500019,-8.61014652199998],[115.32304382300015,-8.610315322999952],[115.32298278700023,-8.610437392999927],[115.32294464000017,-8.610505103999913],[115.32281494200015,-8.610668181999927],[115.32271575900018,-8.610831260999873],[115.32261657700008,-8.611026762999927],[115.3224945070001,-8.611225127999887],[115.32246399000019,-8.611481666999964],[115.32247161800012,-8.611798286999885],[115.32257843100001,-8.612246512999945],[115.32257843100001,-8.612436293999906],[115.32258605900006,-8.612542151999946],[115.3225936890002,-8.6126155849999],[115.32260894700005,-8.612763404999953],[115.32261657700008,-8.612840652999978],[115.32260131900011,-8.613194464999935],[115.32254028400007,-8.613331793999919],[115.32239532500012,-8.6135387409999],[115.32228851200011,-8.613631247999933],[115.32216644400012,-8.613688467999964],[115.32202148400017,-8.61374187499996],[115.32183837900004,-8.613712310999972],[115.32168579100005,-8.613731384999937],[115.32159423900009,-8.613762853999958],[115.32098388600014,-8.614199636999956],[115.32072448600002,-8.614400863999947],[115.3201293940001,-8.614875793999943],[115.31970214800015,-8.614770888999885],[115.31921386800002,-8.614704130999883],[115.3189926150003,-8.614732741999944],[115.3188629140003,-8.614748],[115.31842803900008,-8.614767073999928],[115.31814575300007,-8.61489677499992],[115.31797790500002,-8.614995956999962],[115.3176879890002,-8.6152067189999],[115.31726074200026,-8.615535734999924],[115.31697082500034,-8.615681648999953],[115.31687164300013,-8.615665435999915],[115.31645965600023,-8.616308210999932],[115.31634521600006,-8.616475105999939],[115.31575012300004,-8.616721152999958],[115.31542968800011,-8.616914748999932],[115.31459045400015,-8.617125510999927],[115.31407928500005,-8.6173086149999],[115.31358337400013,-8.617469787999937],[115.3129577650003,-8.61775302899997],[115.31256103600003,-8.617964743999948],[115.31219482400002,-8.618144988999916],[115.31195068300008,-8.618259429999966],[115.31141662500033,-8.618513106999899],[115.31104278500015,-8.618758200999935],[115.31042480400004,-8.619006156999944],[115.30984497100019,-8.619340895999926],[115.30934143000013,-8.619646071999966],[115.3087463380001,-8.620033262999925],[115.30809784000007,-8.620411872999966],[115.30799102700007,-8.620471953999981],[115.30786132800006,-8.620471000999885],[115.3078231820001,-8.620537756999909],[115.30772399900002,-8.620540618999883],[115.30767059200014,-8.620624542999906],[115.30755615200007,-8.620641708999926],[115.30744934100017,-8.620806693999953],[115.30725860500002,-8.620936392999965],[115.30706787100007,-8.620967863999965],[115.30699920600011,-8.62106990899997],[115.30673217800006,-8.621231078999926],[115.30644226200025,-8.62140846199992],[115.30637359600007,-8.621503828999835],[115.30621337900004,-8.621554373999913],[115.30613708500016,-8.621670721999976],[115.30594635100033,-8.621813773999975],[115.30586242700019,-8.621962547999942],[115.30579376200023,-8.622013090999872],[115.3056564330002,-8.622016905999942],[115.30541992200006,-8.62224578899992],[115.30516815200019,-8.622519491999924],[115.30469513000014,-8.622889518999898],[115.30357360800008,-8.623677253999972],[115.30329895000023,-8.623899458999972],[115.30313110400004,-8.62407398199997],[115.302940368,-8.62413883299996],[115.3027801510002,-8.624278068999956],[115.3024215710002,-8.624615669999912],[115.3023452750001,-8.624741553999911],[115.30223846500019,-8.624954222999861],[115.30218505800008,-8.62528228699989],[115.30214691100002,-8.62548160599988],[115.30207824700005,-8.625620841999933],[115.30207061700014,-8.625830649999898],[115.30199432400013,-8.626067160999924],[115.30187225300006,-8.626578329999859],[115.3017807010001,-8.62686443299998],[115.30187225300006,-8.626988410999957],[115.30186462500012,-8.627080917999876],[115.30182647800007,-8.627215384999886],[115.30175781200012,-8.627457617999937],[115.30172729600008,-8.627611159999958],[115.3016738890002,-8.627696036999964],[115.3015747070001,-8.62781143199993],[115.30146026600016,-8.627891540999883],[115.30130767900005,-8.627978324999958],[115.30114746100014,-8.628062248999981],[115.30099487400003,-8.628113746999873],[115.30091857800005,-8.628205297999898],[115.3007507330002,-8.628288269999928],[115.30055236800001,-8.628352164999967],[115.30037689300013,-8.628548621999812],[115.30024719200014,-8.628633498999818],[115.30014801000016,-8.628760336999903],[115.30001831100014,-8.628937719999954],[115.30000305300007,-8.629074096999943],[115.29985809300001,-8.629287718999933],[115.2997970580002,-8.62944507599991],[115.29984283500016,-8.62954139599998],[115.29983520500025,-8.62963771799997],[115.29974365300018,-8.62970256799997],[115.29965209900001,-8.629718778999973],[115.29953002800016,-8.629793167999935],[115.29946899500032,-8.629854202999923],[115.2993621830002,-8.630013465999866],[115.29926300100033,-8.630082130999938],[115.29914093000014,-8.630140303999951],[115.29901123100012,-8.630187988999978],[115.29889678900008,-8.630269049999981],[115.29880523700012,-8.63040828699991],[115.29860687200016,-8.630629538999926],[115.2984390270002,-8.63097476999991],[115.29840087800017,-8.631317138999975],[115.29838562000009,-8.631402967999975],[115.29835510300018,-8.631480216999876],[115.2983322140002,-8.631561277999936],[115.29830169800016,-8.631628988999864],[115.29825592100019,-8.631703376999951],[115.29826354900024,-8.631892203999882],[115.29827880900007,-8.632048605999955],[115.2982330320001,-8.632152557999916],[115.29816436700003,-8.632201194999936],[115.29808044500021,-8.63221931399994],[115.29787445100021,-8.632230758999981],[115.29774475200009,-8.632255552999936],[115.29755401600005,-8.632348059999913],[115.2974090580002,-8.632432936999919],[115.29717254700006,-8.632561682999949],[115.29702758800022,-8.632677077999972],[115.29690551800002,-8.632721899999979],[115.29682922400013,-8.632730482999875],[115.29653930600011,-8.632716178999942],[115.29624176100015,-8.632866858999876],[115.29600524800003,-8.633000372999902],[115.29583740200019,-8.63313579499993],[115.2957458510001,-8.633204459999945],[115.29564666800002,-8.63328552199988],[115.2955627450001,-8.633401869999886],[115.295539856,-8.633473394999953],[115.29542541600017,-8.633578299999954],[115.29534912200006,-8.633647917999951],[115.29528045600011,-8.633732794999958],[115.29527282600031,-8.633818625999936],[115.29516601600005,-8.633960722999973],[115.29513549700005,-8.634042738999938],[115.29512023900008,-8.634126662999904],[115.29498291000016,-8.63431453699991],[115.29483795100009,-8.634511946999908],[115.29466247500022,-8.634551047999935],[115.29459381200013,-8.634604452999952],[115.29443359400034,-8.634744644999898],[115.29438018700012,-8.634823798999946],[115.29433441200013,-8.634886740999946],[115.29418945300017,-8.634958266999888],[115.29408264300002,-8.635018347999903],[115.29399871900011,-8.635051726999905],[115.29392242500023,-8.63506603199994],[115.29380798300019,-8.635080337999966],[115.29373168900008,-8.635108946999935],[115.29364776500006,-8.635140417999878],[115.29356384300002,-8.63517761199995],[115.29346466100003,-8.635258673999886],[115.29338836800002,-8.635373113999947],[115.29327392500022,-8.635460852999927],[115.29316711500007,-8.635528563999912],[115.29305267400014,-8.63564681999992],[115.29297637900015,-8.63571834499993],[115.29293060400016,-8.635818479999955],[115.29283142200029,-8.635917661999883],[115.2927322390002,-8.63590335899994],[115.29256439200003,-8.636028289999956],[115.29243469300002,-8.63609504599998],[115.29235076900022,-8.636178969999833],[115.29231262200017,-8.636255262999839],[115.2922439570001,-8.63632774399997],[115.29212188800022,-8.636345861999871],[115.2920379640002,-8.636421202999884],[115.29194641000004,-8.63652515299998],[115.29187011700003,-8.636581420999903],[115.29182434200027,-8.636644363999949],[115.291786193,-8.636705398999936],[115.29174804600018,-8.636791227999936],[115.29159545900006,-8.636942862999888],[115.29148864700016,-8.637010573999873],[115.29145050000011,-8.637089729999957],[115.29138946400019,-8.637148856999943],[115.29132843100001,-8.637229918999935],[115.29129791200023,-8.63733005599994],[115.29129791200023,-8.637455938999949],[115.29125976600028,-8.637604713999849],[115.29122161900023,-8.63769340499988],[115.29117584200026,-8.63782977999989],[115.29112243700001,-8.637967108999874],[115.29100799600008,-8.638063429999875],[115.29090118400006,-8.638144493999903],[115.29075622500011,-8.63827800799993],[115.29067993100023,-8.638353346999963],[115.29064178400017,-8.638422011999978],[115.29061889600018,-8.638504980999926],[115.29060363700012,-8.638601302999973],[115.29057312100008,-8.638680456999964],[115.29048919700006,-8.638787268999977],[115.29042053100022,-8.638828277999835],[115.29035186800013,-8.638926505999962],[115.29020690900029,-8.639016151999897],[115.29007721000016,-8.639081000999965],[115.28992462100007,-8.639118194999924],[115.28976440500014,-8.639174461999971],[115.2896728510002,-8.639213561999895],[115.28954315200019,-8.639276504999884],[115.28946685900019,-8.639317511999877],[115.28924560600012,-8.63939666799996],[115.2891082770002,-8.639472960999967],[115.28889465200018,-8.63963222399991],[115.28875732300025,-8.63973045299997],[115.28855133100012,-8.639867781999953],[115.28849029600008,-8.63990688399997],[115.28831482000032,-8.639954565999915],[115.28816986100014,-8.640063285999872],[115.28788757300003,-8.64032840699997],[115.28780365100022,-8.64039516399987],[115.28765869200004,-8.640530585999898],[115.28753662100019,-8.640666961999898],[115.28747558600003,-8.640758513999913],[115.28741455000011,-8.640842437999936],[115.28730011000005,-8.640911100999972],[115.28723144400021,-8.640981673999931],[115.28708648700001,-8.641041754999947],[115.28700256400009,-8.641097067999965],[115.28691864000007,-8.641136168999935],[115.28680419900013,-8.641180038999892],[115.28671264700006,-8.641264914999908],[115.28661346500019,-8.641300201999968],[115.28656005800008,-8.64138793899997],[115.286468506,-8.641448973999957],[115.28636169400022,-8.641556738999896],[115.28631591900023,-8.641684531999886],[115.28623962300014,-8.641802787999893],[115.2862243650003,-8.641901014999974],[115.28620910600023,-8.641997336999964],[115.2861557010001,-8.642123222999942],[115.28608703600003,-8.642244338999944],[115.28595733700001,-8.642402648999905],[115.28582000800031,-8.64257717199996],[115.28566741900022,-8.642723083999954],[115.28549194300012,-8.642853736999939],[115.285339356,-8.64292716999995],[115.28524780400005,-8.642966269999931],[115.28514099100005,-8.643003463999946],[115.28500366200012,-8.64303874899997],[115.2849197390002,-8.643096923999963],[115.28479004000019,-8.643136977999973],[115.28450012100006,-8.6431713099999],[115.28418731700015,-8.643297194999946],[115.2837371830002,-8.64361],[115.28340149000007,-8.643783567999947],[115.28318786700004,-8.643939017999912],[115.28297424200002,-8.644085884999981],[115.28240966800001,-8.64435195999988],[115.28203582800006,-8.644597053999917],[115.28160858100011,-8.644942282999978],[115.2815017710002,-8.644941329999881],[115.28143310500002,-8.644991874999903],[115.28139495800008,-8.645053862999873],[115.28124999900012,-8.645154],[115.28115081700025,-8.645243643999947],[115.28100586000005,-8.645389555999941],[115.28073883000002,-8.645587919999912],[115.28052520800009,-8.645695685999954],[115.28041839500008,-8.64577197899996],[115.28035736000004,-8.645817755999929],[115.28029632700009,-8.645887373999926],[115.28020477300015,-8.645936011999936],[115.28008270200007,-8.646080970999947],[115.2800140380001,-8.64620208699995],[115.27988433800022,-8.646352767999872],[115.27968597300003,-8.646461485999907],[115.27932739200014,-8.646720885999969],[115.27917480400015,-8.646896361999836],[115.27880096400008,-8.64711284699996],[115.27860260000023,-8.647270201999959],[115.2784423830002,-8.647408485999904],[115.27812194800003,-8.647516250999956],[115.27780151500008,-8.647685050999883],[115.27758789000006,-8.647920606999946],[115.27729034400011,-8.648341178999942],[115.27715301500007,-8.6485042569999],[115.27699279700016,-8.648582457999964],[115.27680206300033,-8.648654936999947],[115.27662658700001,-8.648811338999906],[115.27621460000012,-8.649149894999937],[115.27565765400004,-8.649583814999971],[115.27554321400021,-8.64973544999998],[115.27522277900005,-8.649989128999948],[115.27499389600007,-8.650158881999971],[115.26852417000009,-8.654808044999925],[115.26859283400029,-8.65487289299989],[115.26848602300004,-8.654969214999937],[115.26841735800019,-8.6550178519999],[115.26835632200005,-8.655092237999952],[115.26828002900004,-8.655187606999903],[115.26818847700031,-8.655267715999969],[115.2680892950001,-8.655340194999951],[115.26799011300011,-8.655413627999963],[115.26794433600014,-8.655480383999873],[115.26771545500026,-8.655772209999952],[115.26699066100002,-8.656543730999942],[115.26625061100003,-8.657463073999963],[115.2658004750001,-8.658026695999979],[115.26496887100006,-8.659029959999941],[115.26424408000003,-8.65997028399994],[115.2632598880001,-8.661513328999888],[115.2627182010001,-8.662381171999925],[115.26196289000006,-8.663577078999936],[115.26163482700008,-8.664146422999977],[115.2614593510001,-8.664510726999936],[115.26133728100012,-8.664805410999975],[115.26128387400001,-8.66499328499998],[115.26110839800026,-8.665568351999866],[115.26087951700003,-8.666520118999927],[115.26084137000021,-8.667204855999898],[115.26083374000007,-8.667283056999963],[115.26080322300015,-8.667495726999903],[115.26075744600018,-8.66775894199992],[115.26074981600004,-8.667989729999931],[115.26074981600004,-8.668175695999935],[115.26075744600018,-8.66838550599988],[115.26075744600018,-8.66873073499994],[115.26074218800034,-8.668964385999914],[115.2607650760001,-8.669121742999948],[115.26083374000007,-8.669199943999956],[115.26091003400006,-8.66920089699994],[115.26105499300002,-8.669332502999907],[115.26114654500009,-8.669453620999889],[115.26132965100021,-8.669763565999972],[115.26158905000011,-8.670130729999869],[115.2619476320001,-8.670727728999964],[115.2621765130001,-8.671097755999938],[115.2627182010001,-8.672138213999972],[115.26295471200012,-8.672550200999979],[115.26338195900018,-8.67336654699983],[115.26361084000018,-8.673284530999979],[115.26360321000027,-8.67314529399988],[115.2636947640002,-8.673071860999869],[115.26402282700008,-8.673537254999928],[115.26387024000019,-8.673633574999883],[115.26374816900011,-8.673470496999926],[115.26358032300004,-8.67358016999998],[115.26390838600014,-8.67436695099991],[115.26403808500015,-8.67448329899986],[115.26412963900009,-8.674451827999917],[115.26406860400004,-8.674289702999829],[115.264236449,-8.674211501999935],[115.264549256,-8.674816131999933],[115.26438140900007,-8.674872397999877],[115.26428222600032,-8.674691198999938],[115.26419067400002,-8.674848555999972],[115.2643890390002,-8.67581558199987],[115.26452636800013,-8.676647185999911],[115.26457977300015,-8.676816940999856],[115.2650299070001,-8.676793097999905],[115.26528167800006,-8.676883696999937],[115.26533508300008,-8.67699622999993],[115.2653121950002,-8.677069662999884],[115.26522827100018,-8.677116392999949],[115.26512146100004,-8.67714977199995],[115.26511383000002,-8.677435874999901],[115.26509857200006,-8.67780208499994],[115.26505279500009,-8.678420065999887],[115.26461029100005,-8.680205344999877],[115.26439666700014,-8.681155204999868],[115.26428222600032,-8.681544302999953],[115.26419830300006,-8.681929587999946],[115.26427459600006,-8.682247160999907],[115.26447296100002,-8.682305335999843],[115.2645416260001,-8.682129859999975],[115.26468658500016,-8.682123184999966],[115.2648010260001,-8.682307242999912],[115.26483917200005,-8.68261051199994],[115.26496887100006,-8.68369579299997],[115.2651062000001,-8.684732436999923],[115.26531982500012,-8.685592649999876],[115.26562499900012,-8.68673896799993],[115.26585388200033,-8.687767981999912],[115.26590728800011,-8.688008307999894],[115.26599884000007,-8.688167570999951],[115.26624298100012,-8.688318252999977],[115.26637268200011,-8.688383102999921],[115.26674652200029,-8.689632415999881],[115.26704406800002,-8.69066238499994],[115.26721954400034,-8.691331863999892],[115.26732635400015,-8.69226550999997],[115.26732635400015,-8.693140983999967],[115.26720428600015,-8.694384573999969],[115.26707458500016,-8.695264815999906],[115.2669296260002,-8.696415901999956],[115.26683807400002,-8.697087287999977],[115.2666244510001,-8.697937965999927],[115.26650238000002,-8.698408125999947],[115.2664184570001,-8.698879241999975],[115.26612091000004,-8.700470924999877],[115.265472412,-8.702591895999944],[115.26544952400013,-8.70282554499994],[115.26535797200017,-8.703215597999872],[115.26519012400013,-8.703879356999892],[115.26502227800006,-8.704425811999897],[115.26485443100012,-8.704732893999903],[115.26473999000018,-8.704921722999927],[115.26407623200032,-8.706062316999976],[115.2636947640002,-8.706577300999925],[115.26337432900004,-8.707011222999938],[115.26216888500016,-8.708012580999934],[115.2617416380001,-8.708285330999956],[115.26044464100016,-8.709033965999879],[115.25923156700014,-8.709806441999945],[115.25885009700005,-8.710009573999969],[115.2586059580002,-8.7101440429999],[115.25839233300019,-8.710274695999885],[115.25813293500005,-8.710411070999953],[115.25779724000006,-8.710581778999881],[115.25752258200009,-8.710700988999974],[115.25696563600002,-8.710931776999871],[115.25602722200017,-8.711400031999915],[115.25551605300006,-8.711749075999933],[115.2550582890002,-8.711930273999826],[115.25399017400002,-8.711854934999963],[115.2533874510001,-8.711943626999926],[115.25289917000009,-8.712227820999942],[115.25292968700012,-8.712605475999908],[115.25307464600007,-8.712562560999913],[115.25322723300019,-8.712746619999962],[115.25308990400015,-8.712876318999918],[115.25289917000009,-8.712804794999954],[115.25276947000009,-8.712663650999843],[115.25261688200021,-8.712463378999871],[115.25237274100004,-8.712494849999928],[115.2521057130001,-8.712526321999917],[115.2518692020002,-8.712557792999974],[115.2514801020003,-8.712636946999964],[115.25126647900015,-8.712695121999957],[115.25109100300017,-8.712710380999965],[115.25088500900006,-8.712719915999969],[115.25085449200003,-8.712876318999918],[115.25085449200003,-8.713032722999912],[115.25086212200017,-8.713184355999942],[115.25068664500009,-8.713210105999849],[115.25070190500014,-8.71296691799995],[115.25070190500014,-8.712810515999934],[115.25070953300008,-8.712692259999812],[115.25072479300024,-8.712525366999955],[115.25070190500014,-8.712428092999971],[115.25068664500009,-8.71232509499987],[115.25068664500009,-8.71221732999993],[115.25063323900031,-8.71214675899995],[115.2505569460003,-8.71212005599989],[115.25048828000013,-8.712086676999888],[115.25037384000007,-8.712054251999973],[115.25028991800002,-8.712038038999935],[115.25016021700026,-8.71201038299995],[115.25003051800013,-8.711993216999872],[115.2498703010001,-8.711992263999889],[115.24964904800015,-8.712023735999935],[115.24947357200006,-8.712050436999903],[115.24929046600016,-8.71207618599982],[115.24913787900005,-8.712113379999948],[115.24903869700006,-8.712166784999965],[115.24894714300012,-8.712214469999878],[115.2487640390002,-8.712245940999935],[115.24866485700034,-8.71232700299987],[115.24854278600014,-8.712380409999923],[115.24834442200006,-8.712460516999897],[115.24822998100024,-8.712427139999875],[115.24818420400027,-8.712356566999915],[115.24819946300022,-8.712244033999923],[115.24817657400001,-8.712130545999969],[115.24816131600016,-8.71202754899997],[115.24816894600008,-8.711854934999963],[115.24817657400001,-8.711704253999926],[115.24819183300008,-8.711553573999936],[115.24819946300022,-8.711364744999912],[115.24813079900002,-8.711266517999945],[115.24800109800003,-8.71117973399987],[115.24771118200022,-8.711108207999928],[115.24722290000011,-8.710979461999955],[115.24710083100013,-8.710962295999934],[115.24687957800018,-8.710916518999966],[115.24674224900025,-8.710873603999971],[115.24663543700012,-8.71084499299991],[115.24654388500005,-8.710823059999939],[115.24642944300012,-8.710793495999894],[115.24633026000004,-8.710781097999927],[115.24623870800008,-8.71078586599998],[115.2461395260002,-8.710839270999884],[115.24598693900009,-8.710793495999894],[115.24559783900008,-8.710873603999971],[115.24509430000023,-8.711338995999938],[115.24479675300006,-8.711717603999887],[115.24467468300008,-8.712213514999974],[115.24436187800006,-8.71241664899992],[115.24396514900002,-8.712049484999909],[115.2434387200002,-8.712668418999954],[115.24359130900018,-8.712866782999924],[115.2434692390002,-8.713077544999976],[115.24330139100016,-8.713588713999911],[115.2430343630001,-8.71417140899996],[115.2428817760001,-8.714456557999938],[115.24205780000034,-8.714744567999958],[115.24150848400006,-8.714910505999853],[115.24140167200005,-8.715019225999981],[115.24114990200019,-8.715251921999936],[115.241004943,-8.715404509999871],[115.2408447260002,-8.71554279299994],[115.2407226570001,-8.715673446999915],[115.24062347500023,-8.715767860999904],[115.24046325800009,-8.715921400999889],[115.24030304000007,-8.71605872999993],[115.24020385800009,-8.716182707999963],[115.24010467600021,-8.716270446999943],[115.24001312200028,-8.716350555999895],[115.23992920000012,-8.716429709999943],[115.23986053500005,-8.716503142999898],[115.23980712900004,-8.71655368799992],[115.23973846400008,-8.716626166999959],[115.239616393,-8.716735838999966],[115.23953247100008,-8.716808317999948],[115.23947143600003,-8.716896056999929],[115.23934936500018,-8.716990470999974],[115.23920440600011,-8.717135427999892],[115.23905181900022,-8.717295645999911],[115.23882293600002,-8.717324256999973],[115.23865509000018,-8.717367171999967],[115.23851013100023,-8.717388151999955],[115.23841857900004,-8.717410087999895],[115.2383270250001,-8.717416763999893],[115.23822021500018,-8.717445372999975],[115.2380981440001,-8.717481611999972],[115.23797607400013,-8.7174949649999],[115.23770141600016,-8.717552184999931],[115.23754882900005,-8.7175807939999],[115.2374267580002,-8.717609404999962],[115.23728179900002,-8.71763801599991],[115.23703002900015,-8.717680930999904],[115.23654174900003,-8.717773437999938],[115.23612976000015,-8.717859266999938],[115.23593139600007,-8.717895507999913],[115.23573303100011,-8.717945098999849],[115.23558807400025,-8.717951773999971],[115.23545074500021,-8.717978476999917],[115.23522949200003,-8.718026159999965],[115.23464965800008,-8.718157767999969],[115.23442840500013,-8.718290328999899],[115.23432159500021,-8.718347549999919],[115.2340621950002,-8.718529700999966],[115.23379516500017,-8.718688965999945],[115.2331161510001,-8.71913909899996],[115.23252868600025,-8.719531059999952],[115.23217773400017,-8.71952152199998],[115.23210144100017,-8.719529151999893],[115.23192596500007,-8.719530104999876],[115.23143768200009,-8.719515799999954],[115.23143005400016,-8.719627379999963],[115.23074340700009,-8.719757080999955],[115.23017883300008,-8.719700812999974],[115.229415893,-8.719761848999951],[115.22885894900014,-8.719836234999889],[115.22834777800017,-8.719808577999913],[115.22785949700005,-8.719849584999963],[115.22775268500004,-8.720110892999969],[115.22727203400018,-8.720527648999905],[115.22697448800011,-8.720554350999976],[115.2270736700001,-8.720689773999936],[115.22682952900004,-8.72105789199992],[115.2271499640002,-8.721364020999943],[115.22678375200007,-8.721557617999963],[115.2263793950001,-8.721424101999844],[115.2258377070001,-8.721826552999914],[115.2252502450001,-8.722218513999849],[115.22547149700017,-8.722514152999963],[115.22517395100022,-8.722670554999922],[115.22458648600002,-8.722499846999938],[115.22470092700019,-8.723476409999932],[115.2256851200001,-8.72444629599994],[115.22777557300003,-8.72604846799993],[115.22775987462228,-8.726069617354085],[115.227776,-8.726048],[115.22789,-8.726111],[115.22809600000016,-8.726249],[115.228271,-8.726414],[115.228401,-8.7265],[115.22845500000017,-8.726564],[115.228569,-8.726615],[115.22864500000026,-8.726686],[115.228745,-8.726766],[115.22882800000014,-8.72683],[115.228905,-8.726902],[115.228966,-8.726959],[115.22905,-8.72701],[115.229118,-8.727054],[115.229271,-8.727161],[115.229355,-8.727247],[115.229507,-8.727255],[115.229599,-8.727227],[115.229683,-8.727213],[115.229759,-8.727206],[115.22979,-8.727077],[115.229729,-8.726785],[115.22981300000026,-8.726591999999869],[115.229897,-8.726536],[115.229958,-8.726479],[115.22999600000014,-8.7264],[115.230026,-8.726299999999867],[115.229935,-8.726171],[115.229851,-8.726043],[115.229683,-8.725948],[115.229546,-8.725883],[115.22941600000013,-8.725819],[115.229286,-8.725711],[115.229126,-8.725554],[115.22905,-8.725396],[115.22901200000024,-8.72526],[115.229042,-8.72513199999986],[115.22908800000016,-8.724968],[115.22919500000012,-8.724833],[115.22932400000013,-8.724748],[115.22941600000013,-8.724641],[115.229515,-8.724534],[115.229614,-8.724435],[115.229698,-8.724328],[115.229759,-8.724228],[115.2298810000002,-8.724164],[115.230019,-8.724172],[115.230141,-8.724094],[115.230247,-8.724045],[115.2303770000002,-8.724038],[115.230484,-8.72406],[115.23053,-8.723968],[115.23057600000016,-8.723853],[115.23062100000016,-8.723711],[115.23069,-8.723625],[115.23076600000024,-8.723561],[115.230843,-8.723462],[115.23090400000012,-8.723405],[115.23098800000014,-8.723405],[115.231094,-8.723449],[115.231155,-8.723535],[115.231239,-8.723585],[115.231308,-8.723671],[115.231377,-8.723728],[115.2314530000001,-8.72365],[115.231544,-8.723586],[115.231628,-8.723544],[115.23172,-8.723516],[115.231819,-8.723488],[115.231903,-8.723488],[115.2320020000002,-8.723453],[115.232124,-8.723454],[115.232292,-8.72344],[115.232407,-8.723412],[115.23252900000011,-8.72337],[115.232651,-8.723328],[115.232735,-8.723292],[115.232841,-8.723243],[115.232933,-8.723214],[115.23302500000011,-8.723207],[115.233116,-8.723215],[115.233215,-8.723194],[115.233315,-8.723173],[115.23341400000015,-8.72316],[115.23352100000011,-8.723139],[115.233612,-8.723125],[115.233803,-8.723083],[115.233894,-8.723076],[115.233978,-8.723076],[115.23405500000024,-8.723055],[115.234177,-8.723063],[115.23428300000012,-8.723056],[115.234398,-8.723042],[115.234489,-8.722936],[115.234604,-8.722843],[115.2346500000001,-8.722751],[115.234726,-8.72268],[115.234795,-8.722602],[115.234901,-8.722516],[115.234993,-8.722466],[115.2351,-8.722388],[115.2351910000001,-8.722332],[115.23529100000019,-8.722268],[115.235382,-8.722219],[115.235481,-8.722169],[115.23555,-8.722127],[115.235695,-8.722013],[115.23577100000011,-8.721899],[115.23584000000017,-8.721864],[115.23589300000026,-8.721792],[115.235962,-8.721743],[115.23603100000014,-8.721693],[115.23607600000014,-8.721636],[115.23616000000015,-8.721572],[115.236214,-8.721516],[115.236336,-8.721402],[115.236465,-8.721353],[115.236595,-8.721353],[115.236725,-8.721368],[115.236847,-8.721404],[115.23698400000012,-8.721426],[115.237114,-8.721441],[115.23729700000013,-8.721492],[115.23745,-8.721507],[115.237587,-8.721572],[115.23774000000014,-8.72158],[115.237915,-8.721601],[115.238083,-8.721581],[115.238266,-8.721546],[115.23845700000015,-8.721526],[115.238647,-8.721491],[115.23878500000012,-8.721456],[115.238937,-8.721414],[115.239052,-8.721421],[115.239204,-8.721479],[115.239342,-8.721559],[115.23950200000013,-8.721652],[115.23967000000016,-8.721767],[115.239845,-8.721839],[115.24007400000016,-8.721954],[115.24025000000017,-8.72207],[115.24040200000013,-8.722149],[115.24047900000028,-8.722193],[115.240616,-8.722236],[115.240768,-8.722296],[115.240936,-8.722359],[115.241051,-8.722416],[115.241173,-8.722474],[115.241264,-8.722531],[115.24140200000011,-8.722618],[115.24151600000027,-8.72269],[115.24173,-8.722784],[115.241882,-8.722863],[115.24198200000012,-8.722942],[115.242126,-8.72305],[115.242264,-8.723179],[115.24234000000024,-8.723308],[115.242378,-8.723444],[115.242432,-8.723594],[115.242538,-8.723945],[115.24275200000022,-8.724324],[115.24310300000013,-8.724661],[115.24360700000011,-8.724907],[115.243889,-8.724972],[115.244026,-8.724994],[115.244263,-8.725024],[115.244446,-8.72506],[115.244598,-8.725111],[115.244659,-8.725154],[115.24472800000012,-8.725268],[115.244759,-8.725432999999896],[115.2447810000001,-8.725554],[115.24479700000018,-8.725662],[115.24482000000012,-8.725791],[115.244843,-8.725933],[115.244881,-8.726076],[115.244919,-8.726255],[115.24494900000013,-8.726377],[115.244972,-8.726534],[115.24501,-8.726691],[115.24504100000013,-8.72688399999987],[115.245064,-8.727049],[115.245071,-8.727213],[115.24511,-8.72742],[115.245163,-8.727692],[115.24522400000012,-8.728057],[115.24522400000012,-8.728399],[115.245193,-8.728755999999862],[115.245171,-8.728999],[115.24504100000013,-8.729198],[115.24494900000013,-8.72938299999987],[115.244759,-8.72949],[115.244614,-8.729568],[115.244438,-8.729652],[115.24427,-8.729688],[115.24411,-8.729715],[115.243973,-8.729693],[115.243835,-8.729686],[115.243706,-8.729664],[115.243591,-8.72962],[115.243484,-8.729577],[115.24337,-8.729533],[115.24319500000013,-8.729468],[115.24305,-8.729382],[115.2429350000001,-8.729302],[115.242851,-8.729231],[115.242798,-8.729174],[115.242645,-8.729031],[115.242569,-8.728972],[115.24250000000018,-8.728866],[115.242393,-8.728744],[115.242317,-8.728621],[115.242317,-8.728521],[115.242302,-8.728407],[115.242302,-8.728307],[115.242302,-8.728186],[115.24228700000015,-8.728086],[115.24225600000022,-8.727993],[115.242172,-8.727864],[115.242088,-8.727749],[115.241989,-8.727592],[115.24192,-8.727484],[115.241837,-8.727369],[115.241722,-8.727283],[115.24161500000014,-8.727197],[115.241463,-8.727097],[115.241318,-8.72701],[115.241135,-8.726923],[115.240944,-8.726887],[115.240738,-8.726893],[115.240601,-8.726928],[115.24040200000013,-8.726977],[115.240173,-8.727055],[115.23999800000013,-8.727147],[115.23986100000013,-8.727246],[115.239716,-8.72736],[115.239578,-8.72748],[115.239479,-8.727601],[115.239388,-8.727708],[115.239304,-8.727872],[115.23925800000018,-8.72805],[115.2392500000002,-8.728222],[115.239227,-8.72835],[115.239235,-8.728515],[115.239265,-8.72863599999988],[115.239319,-8.728764999999896],[115.239388,-8.728879],[115.23951,-8.729009],[115.23968500000012,-8.729188],[115.239784,-8.729296],[115.239975,-8.729461],[115.240143,-8.729562],[115.240349,-8.729691],[115.24048600000015,-8.729763],[115.240616,-8.729814],[115.24081400000011,-8.72985],[115.240974,-8.729894],[115.241173,-8.729923],[115.241325,-8.729939],[115.241493,-8.729953],[115.241669,-8.729982],[115.241821,-8.730047],[115.241936,-8.730141],[115.2420350000001,-8.73027],[115.242126,-8.730399],[115.24219500000015,-8.730536],[115.24225600000022,-8.730670999999859],[115.242294,-8.730822],[115.242317,-8.730928],[115.24231,-8.731035],[115.242249,-8.731207],[115.242188,-8.731292],[115.242142,-8.731356],[115.242043,-8.731462],[115.241966,-8.731526],[115.241882,-8.731612],[115.241798,-8.731683],[115.241714,-8.731711],[115.241547,-8.731746],[115.24139400000013,-8.731752],[115.24128,-8.731752],[115.24118,-8.731766],[115.241058,-8.731735],[115.24089800000013,-8.731708],[115.240746,-8.731649],[115.240616,-8.731635],[115.24048600000015,-8.731641],[115.240372,-8.731627],[115.24021900000025,-8.73174],[115.240112,-8.731838999999866],[115.239983,-8.731946],[115.239853,-8.732024],[115.23966200000018,-8.73208],[115.239563,-8.732108],[115.23944900000015,-8.73218],[115.239403,-8.732286],[115.23939500000029,-8.732408],[115.239433,-8.732586],[115.239479,-8.7328],[115.239563,-8.732972],[115.239616,-8.733066],[115.23968500000012,-8.733188],[115.239769,-8.733316],[115.239838,-8.733402],[115.239899,-8.733467],[115.239944,-8.733531],[115.240005,-8.733632],[115.240051,-8.733725],[115.240059,-8.733818],[115.240036,-8.733917],[115.239983,-8.734053],[115.24007400000016,-8.734168],[115.239975,-8.734253],[115.23990600000013,-8.734345],[115.239845,-8.734417],[115.239761,-8.734459],[115.239677,-8.734494],[115.23958600000014,-8.734529],[115.239426,-8.734543],[115.23931100000027,-8.734571],[115.239227,-8.734621],[115.239143,-8.734714],[115.239075,-8.734827],[115.23896,-8.734926],[115.238831,-8.735041],[115.238632,-8.735147],[115.238403,-8.735209],[115.23822,-8.73528],[115.238052,-8.73533],[115.23787700000014,-8.735365],[115.237724,-8.735414],[115.237579,-8.73547],[115.23747300000025,-8.735584],[115.2373960000001,-8.735705],[115.23732,-8.735812],[115.237206,-8.735911],[115.23706100000027,-8.736025],[115.236839,-8.736181],[115.236694,-8.736266],[115.23657200000014,-8.736344],[115.2364960000001,-8.736465],[115.236465,-8.736629],[115.236549,-8.736773],[115.236626,-8.736873],[115.236687,-8.73698],[115.236755,-8.737087],[115.236847,-8.737203],[115.236931,-8.737309],[115.237007,-8.737417],[115.237137,-8.737496],[115.23729700000013,-8.737518],[115.23737300000016,-8.737548],[115.237495,-8.737548],[115.23764,-8.737563],[115.237808,-8.73759299999989],[115.2379,-8.737529],[115.237938,-8.737436],[115.237991,-8.737343999999894],[115.238075,-8.737257999999883],[115.23820500000011,-8.737151],[115.238335,-8.737045],[115.238472,-8.736875],[115.23856400000011,-8.736782],[115.238602,-8.736675],[115.238625,-8.736561],[115.23869300000013,-8.736446],[115.238754,-8.736354],[115.238846,-8.73629],[115.23892200000023,-8.736212],[115.239014,-8.736134],[115.23908200000017,-8.736049],[115.2391970000001,-8.735956],[115.23927300000014,-8.735857],[115.239357,-8.735793],[115.239479,-8.735701],[115.239632,-8.735573],[115.239853,-8.735424],[115.240021,-8.735311],[115.2402340000001,-8.735147],[115.240456,-8.734998],[115.240608,-8.734856],[115.240784,-8.734707],[115.240952,-8.734643],[115.24111900000014,-8.734672999999873],[115.241333,-8.734737],[115.24147,-8.73481],[115.241631,-8.734832],[115.241829,-8.73489],[115.24202700000012,-8.734977],[115.242149,-8.735013],[115.24231,-8.735035],[115.24242400000014,-8.735036],[115.242569,-8.735044],[115.242722,-8.73500799999988],[115.24292000000014,-8.734966],[115.24311100000011,-8.734896],[115.24324800000011,-8.73486],[115.24341600000014,-8.734761],[115.243546,-8.734655],[115.243675,-8.73452],[115.243858,-8.734443],[115.244026,-8.734379],[115.244171,-8.734301],[115.244263,-8.734259],[115.24437,-8.734195],[115.244476,-8.734131],[115.24453700000015,-8.734067],[115.24462100000017,-8.73400299999986],[115.24464400000011,-8.733903],[115.244682,-8.733768],[115.244743,-8.733646],[115.2447810000001,-8.733532],[115.24486500000012,-8.733412],[115.244911,-8.733283],[115.24495700000011,-8.733183],[115.24501,-8.733005],[115.245026,-8.732855],[115.244995,-8.73274],[115.24498,-8.732605],[115.244972,-8.732455],[115.244972,-8.732284],[115.244926,-8.732162],[115.24482000000012,-8.732033],[115.244675,-8.731853],[115.244522,-8.731603],[115.24453,-8.731396],[115.24457600000017,-8.731217],[115.24462100000017,-8.731053],[115.244759,-8.730861],[115.24493400000028,-8.730741],[115.245087,-8.730598],[115.245193,-8.730514],[115.245331,-8.730364],[115.245499,-8.730229],[115.2456360000001,-8.730108],[115.245766,-8.729995],[115.24585,-8.72988],[115.245964,-8.729753],[115.24608600000022,-8.729639],[115.24617000000023,-8.729532],[115.246315,-8.72938299999987],[115.24644500000011,-8.729248],[115.246536,-8.729127],[115.246651,-8.729013],[115.24678,-8.728892],[115.246925,-8.728736],[115.247032,-8.728594],[115.24715400000014,-8.728458],[115.247299,-8.728352],[115.247421,-8.728273],[115.247604,-8.728203],[115.247765,-8.728147],[115.247917,-8.728127],[115.248093,-8.728098],[115.248276,-8.728092],[115.24845100000016,-8.728107],[115.248634,-8.728144],[115.248749,-8.728171999999859],[115.248856,-8.728223],[115.248962,-8.728259],[115.249046,-8.728295],[115.24914600000011,-8.728368],[115.24914600000011,-8.728489],[115.24914600000011,-8.728603],[115.249153,-8.728767],[115.249153,-8.728946],[115.24914600000011,-8.729032],[115.24914600000011,-8.729153],[115.24914600000011,-8.729281],[115.249138,-8.729417],[115.24913,-8.729588999999862],[115.24913,-8.729724],[115.24914600000011,-8.729875],[115.24912300000017,-8.729989],[115.24913,-8.730196],[115.24912300000017,-8.730417],[115.24913,-8.730567],[115.249138,-8.730688],[115.24913,-8.730845],[115.249138,-8.730989],[115.24913,-8.731124],[115.24912300000017,-8.731296],[115.248718,-8.731201],[115.24832200000014,-8.73172],[115.247604,-8.732417],[115.24734500000011,-8.732723],[115.24745900000016,-8.733237],[115.247498,-8.733509],[115.247528,-8.733773],[115.247536,-8.733916],[115.247513,-8.734074],[115.2474820000001,-8.734302],[115.24740600000018,-8.734559],[115.247314,-8.734808],[115.24723800000015,-8.735107],[115.247116,-8.735364],[115.2469410000001,-8.735806],[115.246819,-8.736006],[115.24674200000015,-8.736156],[115.24662,-8.736226],[115.24644500000011,-8.736325],[115.246223,-8.736381999999878],[115.245979,-8.736309],[115.245644,-8.736165],[115.245293,-8.735885],[115.243958,-8.736921],[115.244118,-8.737214999999878],[115.244194,-8.737386999999899],[115.24427,-8.737622],[115.244278,-8.737772],[115.244286,-8.738144],[115.244255,-8.738736],[115.244209,-8.738965],[115.244141,-8.739186],[115.244057,-8.7394],[115.24391200000014,-8.739627999999868],[115.243523,-8.739947],[115.243095,-8.740031],[115.24283600000012,-8.739937],[115.24261500000011,-8.739879],[115.24048600000015,-8.742105],[115.24041000000011,-8.742183],[115.24027300000012,-8.742325],[115.240128,-8.742453],[115.239952,-8.742601],[115.239983,-8.742752],[115.239983,-8.742873],[115.239952,-8.743002],[115.239891,-8.74308],[115.23980700000027,-8.743179],[115.239754,-8.743286],[115.239647,-8.743372],[115.239563,-8.743457],[115.239388,-8.743521],[115.23910500000011,-8.743576],[115.23891400000014,-8.74354],[115.238724,-8.743539],[115.238472,-8.743509],[115.238312,-8.74353],[115.238136,-8.743565],[115.23797600000012,-8.743586],[115.237846,-8.743607],[115.23770900000011,-8.74367],[115.237534,-8.743748],[115.237312,-8.743833],[115.237091,-8.743875],[115.236946,-8.743888],[115.236847,-8.743895],[115.23658800000021,-8.743857],[115.236465,-8.743814],[115.236313,-8.743763],[115.236153,-8.743688],[115.235954,-8.743597],[115.235802,-8.74354],[115.235634,-8.743432],[115.2354200000002,-8.743266],[115.23500800000022,-8.742922],[115.234825,-8.742728],[115.23473400000012,-8.742599],[115.2346500000001,-8.742513],[115.234505,-8.74237],[115.234413,-8.74229],[115.234299,-8.74214],[115.234192,-8.742032],[115.234138,-8.741918],[115.234085,-8.741789],[115.2341,-8.741674],[115.23414600000012,-8.741517],[115.23412300000018,-8.741375],[115.234024,-8.741267],[115.23387100000014,-8.741130999999882],[115.233757,-8.741044999999872],[115.23362,-8.740944],[115.233475,-8.740801],[115.23324600000012,-8.740643],[115.23310900000013,-8.740541],[115.232872,-8.740334],[115.232712,-8.740232],[115.232567,-8.740096],[115.232368,-8.739981],[115.232155,-8.739844],[115.23178900000016,-8.739635],[115.231567,-8.739491],[115.231148,-8.739263],[115.230896,-8.739137],[115.23076600000024,-8.739046],[115.23063700000023,-8.739047],[115.2304610000001,-8.739096],[115.230263,-8.739151],[115.230095,-8.739164],[115.22990400000015,-8.739076],[115.22981300000026,-8.738952],[115.22963,-8.73897],[115.22940100000028,-8.739066],[115.229164,-8.739109],[115.228897,-8.739133],[115.22863,-8.739079],[115.2285,-8.739009],[115.228477,-8.738901],[115.228546,-8.738787],[115.228661,-8.738721],[115.2287520000001,-8.738638],[115.228851,-8.738556],[115.22892000000013,-8.7385],[115.229027,-8.738447],[115.229126,-8.738387],[115.22919500000012,-8.738335],[115.229286,-8.738255],[115.229347,-8.738196],[115.22941600000013,-8.738128],[115.22949200000016,-8.738054],[115.229576,-8.737988],[115.22963700000014,-8.737906],[115.229744,-8.737779],[115.22982000000013,-8.737675],[115.2298810000002,-8.737567],[115.229919,-8.737444],[115.229927,-8.737329],[115.229958,-8.737162],[115.229927,-8.736987],[115.229843,-8.736804],[115.229668,-8.736438],[115.229515,-8.736192],[115.229378,-8.735948],[115.22927900000013,-8.735722],[115.22932400000013,-8.735543],[115.22940800000015,-8.735276],[115.229477,-8.735174],[115.22963,-8.735064],[115.229744,-8.734975],[115.229591,-8.734956],[115.229477,-8.734996],[115.22940800000015,-8.735038],[115.2293400000002,-8.735084],[115.229256,-8.735166],[115.229202,-8.735256999999876],[115.229134,-8.735411],[115.229149,-8.735554],[115.2291560000001,-8.735685],[115.229202,-8.73588],[115.229286,-8.73612],[115.22937,-8.736288],[115.229446,-8.736491],[115.229515,-8.736698],[115.229561,-8.736997],[115.22955300000024,-8.737254],[115.22946900000022,-8.737444],[115.22932400000013,-8.737727],[115.22919500000012,-8.737936],[115.22892800000022,-8.738199],[115.22860000000026,-8.738445],[115.22837100000015,-8.738622],[115.228264,-8.738722],[115.228271,-8.738993],[115.22819500000014,-8.739136],[115.228226,-8.739283],[115.228241,-8.739532],[115.228249,-8.739788],[115.22828700000014,-8.739975],[115.22831700000029,-8.740215],[115.228355,-8.740446],[115.2285,-8.740509],[115.228745,-8.740588],[115.228775,-8.740794],[115.228691,-8.740965],[115.22860000000026,-8.74112],[115.228485,-8.741239],[115.22834000000012,-8.741301],[115.22823300000027,-8.74135],[115.228134,-8.741393],[115.228065,-8.741424],[115.22798200000011,-8.741448],[115.227913,-8.741479],[115.227806,-8.741519],[115.22773,-8.741571],[115.227646,-8.741674],[115.22761500000013,-8.74178],[115.22773,-8.74193],[115.22789,-8.74209],[115.22818800000027,-8.74241],[115.22905700000024,-8.74315],[115.229256,-8.743279],[115.22942400000022,-8.743391],[115.22955300000024,-8.743457],[115.229668,-8.743524],[115.22982000000013,-8.743583],[115.23004900000012,-8.743671],[115.230263,-8.743751],[115.230507,-8.743857],[115.23072100000024,-8.743937],[115.230911,-8.743978],[115.23104900000021,-8.743963],[115.23120900000015,-8.743896],[115.231369,-8.743809],[115.23156,-8.743738],[115.23178900000016,-8.743714],[115.232048,-8.743709],[115.232384,-8.743745],[115.232773,-8.743803],[115.233276,-8.743977],[115.233696,-8.744209],[115.23407,-8.744492],[115.234253,-8.744648],[115.23439,-8.744804],[115.234604,-8.745086],[115.23473400000012,-8.74528],[115.234833,-8.745449],[115.234909,-8.745633],[115.234993,-8.745914],[115.235054,-8.74656],[115.234978,-8.747114],[115.234787,-8.747565],[115.234703,-8.747751999999878],[115.23462700000016,-8.747908],[115.234497,-8.748095],[115.234337,-8.748249],[115.23413100000016,-8.748424],[115.23387100000014,-8.748534],[115.233429,-8.74866],[115.233047,-8.748565],[115.232765,-8.748348],[115.230553,-8.749859],[115.23022500000025,-8.750185],[115.230362,-8.750425],[115.230515,-8.750691],[115.23057600000016,-8.750875],[115.230614,-8.751081],[115.23056,-8.7513],[115.230507,-8.75158],[115.230446,-8.751745],[115.230331,-8.751956],[115.230026,-8.752257],[115.229858,-8.752375],[115.22966,-8.752515],[115.229347,-8.752644],[115.22892800000022,-8.752629],[115.22825600000021,-8.752358],[115.227264,-8.751565],[115.22688300000016,-8.751326],[115.226677,-8.751188],[115.22649400000012,-8.751071],[115.22625,-8.750958],[115.22600600000021,-8.750857],[115.225708,-8.75071],[115.22544900000014,-8.750571],[115.225204,-8.750469],[115.225014,-8.750402],[115.22459400000014,-8.750302],[115.22436500000015,-8.750254],[115.224083,-8.750199],[115.22379300000011,-8.750158],[115.223526,-8.750117],[115.223198,-8.750063],[115.222862,-8.750009],[115.22257200000013,-8.749954],[115.222328,-8.749892],[115.2220920000002,-8.749847],[115.22183200000018,-8.749772],[115.22158800000011,-8.749701],[115.221306,-8.749626],[115.221054,-8.749563],[115.220741,-8.749458],[115.21965000000012,-8.748987],[115.219421,-8.748894],[115.21922300000017,-8.748799],[115.218987,-8.748653],[115.21884200000011,-8.748579],[115.218712,-8.748466],[115.218582,-8.748353],[115.218407,-8.748197],[115.218178,-8.747903],[115.21800200000018,-8.74754],[115.21788,-8.747063],[115.21784200000013,-8.746754],[115.217857,-8.74637],[115.218071,-8.745754],[115.218178,-8.74543],[115.218269,-8.745163],[115.21839100000022,-8.744864],[115.218513,-8.744515],[115.218765,-8.743585],[115.21946700000012,-8.740912],[115.219513,-8.740598],[115.2195660000001,-8.740271],[115.219589,-8.739941],[115.219673,-8.739556],[115.21982600000013,-8.739261],[115.21997100000021,-8.739065],[115.22010000000023,-8.73895],[115.220299,-8.738873],[115.220421,-8.738836],[115.220505,-8.73879],[115.220604,-8.738725],[115.220665,-8.738653],[115.220665,-8.738566],[115.220634,-8.738348],[115.220558,-8.73807],[115.220482,-8.737649],[115.22045900000012,-8.737019],[115.22052800000029,-8.736293],[115.220619,-8.735766],[115.220772,-8.735209],[115.221024,-8.735014],[115.221375,-8.734925],[115.221603,-8.734929],[115.22184800000014,-8.73489],[115.222061,-8.734756],[115.22217600000022,-8.734632],[115.222229,-8.734458],[115.222282,-8.734305],[115.222282,-8.734097],[115.222267,-8.73385],[115.22222100000022,-8.733691],[115.222145,-8.733414],[115.222023,-8.733148],[115.22189300000025,-8.732944],[115.221725,-8.732601],[115.22167200000013,-8.732186],[115.221718,-8.731899],[115.221855,-8.731647],[115.22197,-8.731483],[115.22222100000022,-8.731321],[115.222549,-8.731249],[115.222878,-8.731254],[115.223038,-8.731292],[115.22319000000027,-8.731333],[115.22332800000015,-8.731352],[115.223488,-8.73135],[115.223564,-8.731318],[115.22370100000012,-8.731266],[115.223808,-8.731186],[115.22387700000013,-8.731077],[115.223946,-8.730947],[115.223984,-8.730812],[115.223984,-8.730654],[115.223984,-8.730457],[115.224022,-8.730233],[115.224106,-8.729971],[115.22423600000013,-8.729763],[115.22438,-8.729592],[115.224556,-8.729419],[115.224983,-8.729118],[115.22551000000021,-8.728852],[115.225677,-8.728779],[115.225853,-8.72871],[115.22599800000012,-8.728627],[115.22611200000028,-8.72854999999987],[115.22621900000013,-8.728485],[115.226311,-8.728426],[115.22644,-8.728336],[115.226562,-8.728265],[115.226654,-8.728185],[115.22674600000016,-8.728113],[115.22683000000018,-8.728045],[115.226913,-8.72798],[115.22696700000017,-8.72793],[115.227058,-8.727862],[115.22712700000011,-8.727806],[115.22720300000015,-8.727716],[115.22724200000016,-8.727651],[115.22729500000014,-8.727586],[115.227325,-8.727489],[115.227356,-8.727392],[115.227402,-8.727275],[115.227417,-8.727202],[115.227356,-8.727161],[115.227272,-8.727095],[115.227165,-8.727015],[115.227043,-8.726925],[115.22704309222604,-8.726924896999947],[115.22683715900018,-8.726924896999947],[115.22622680600023,-8.727064132999942],[115.22576141400009,-8.726969718999953],[115.2252197260002,-8.726583480999977],[115.22478485100021,-8.726278303999948],[115.22415161100002,-8.725645063999934],[115.22295379700006,-8.725719452999954],[115.2226257320001,-8.72584152099995],[115.22190094000007,-8.726153372999875],[115.22168731800014,-8.726418494999962],[115.22165679900002,-8.726548193999975],[115.22160339400011,-8.72661590499996],[115.22143554600007,-8.726701735999882],[115.22130584700005,-8.72666454199998],[115.22117614700005,-8.726620674999936],[115.22103119000019,-8.726656913999932],[115.22099304300014,-8.726755140999956],[115.22098541300022,-8.72684860299995],[115.22097015400016,-8.727008817999888],[115.22082519500009,-8.72711944599996],[115.22054290700021,-8.727124213999957],[115.22025299100005,-8.727073668999935],[115.21999359100005,-8.727060317999872],[115.21972656300011,-8.727083206999907],[115.21952056900034,-8.727088926999954],[115.2193374630001,-8.727093696999873],[115.219161987,-8.72709941799991],[115.21898651100003,-8.727048872999944],[115.21887969900024,-8.727011680999965],[115.21879577700008,-8.726887702999932],[115.21873474200004,-8.726794242999972],[115.21862793000014,-8.726700782999899],[115.21845245400016,-8.726688384999932],[115.21828460600011,-8.726717948999976],[115.21817016600005,-8.726791380999941],[115.21803283700001,-8.726859092999916],[115.21789550800008,-8.72693919999989],[115.21785736100003,-8.727037429999939],[115.21771240200007,-8.727092741999911],[115.21762085000012,-8.727055549999932],[115.21755218400006,-8.726986884999917],[115.217544556,-8.72691249899998],[115.21757507300015,-8.726770401999886],[115.21759796100002,-8.726671219999957],[115.2175598140002,-8.726591110999948],[115.21746063200021,-8.726547240999878],[115.21737670900006,-8.72653484299991],[115.21729278500004,-8.726546286999906],[115.21721649100016,-8.726571082999897],[115.21709442000008,-8.726632117999884],[115.21702575700033,-8.726662634999911],[115.21691131600005,-8.726711271999875],[115.21684265100009,-8.72673606799998],[115.21672821100003,-8.726821898999958],[115.21662902800006,-8.726864813999953],[115.21654510500002,-8.726895332999902],[115.21646881100025,-8.726932524999881],[115.21638488700023,-8.727048872999944],[115.21628570500002,-8.727091788999928],[115.21616363400017,-8.72711658499992],[115.21606445200007,-8.727140426999938],[115.21592712300003,-8.727158544999952],[115.2157897940001,-8.727176665999934],[115.21567535400004,-8.727194786999917],[115.2155609130001,-8.727236746999836],[115.21542358400006,-8.727279662999933],[115.21531677200005,-8.727292060999957],[115.21525573700012,-8.727216719999944],[115.21525573700012,-8.727136611999981],[115.21525573700012,-8.727049827999906],[115.21525573700012,-8.726969718999953],[115.21517944300001,-8.72692584899994],[115.21510314900002,-8.726931571999899],[115.21503448400017,-8.72695636799989],[115.21495056200013,-8.727017402999877],[115.2148666380001,-8.72705459499997],[115.21482086100002,-8.727128981999954],[115.2146606440001,-8.727177618999917],[115.21453094500032,-8.72718238899995],[115.2144470210003,-8.727139471999976],[115.21438598600014,-8.727095604999874],[115.21428680400015,-8.727033613999879],[115.214225768,-8.726959227999942],[115.2141952520002,-8.72689056299987],[115.21414184700006,-8.726811408999879],[115.21401977600021,-8.726702688999978],[115.21386718700012,-8.726675032999879],[115.21377563500005,-8.726782797999931],[115.21366119400022,-8.727327345999981],[115.21320343000002,-8.729459762999909],[115.21279144300013,-8.731703757999867],[115.21228027400002,-8.733837127999891],[115.21194457900003,-8.735337255999923],[115.21176910300005,-8.736071585999923],[115.211685181,-8.736426353999889],[115.21184539700016,-8.736629485999913],[115.21198272800007,-8.736735343999953],[115.21215820400005,-8.736874579999949],[115.21225738600003,-8.736936568999909],[115.2124481200002,-8.737041472999977],[115.21257019100005,-8.737106323999967],[115.21271515000012,-8.737188339999875],[115.21284484900025,-8.737277031999952],[115.21297454700016,-8.737348554999926],[115.21311187800006,-8.73741722099993],[115.21326446600006,-8.737479208999957],[115.21350860700011,-8.737618445999942],[115.21372223000014,-8.737761496999951],[115.21382141200002,-8.737948417999974],[115.2138366700002,-8.738090514999953],[115.21382141200002,-8.73830318499995],[115.21381378200022,-8.73853397299996],[115.21379852300015,-8.738739967999948],[115.21378326500007,-8.73893260899996],[115.2137603760001,-8.739149093999856],[115.21372985800008,-8.739331245999892],[115.21368408300009,-8.739532469999972],[115.21367645300018,-8.739801406999902],[115.21366119400022,-8.740096091999874],[115.21363067600021,-8.740315436999879],[115.21358490100022,-8.74056625299994],[115.2135543820001,-8.740724562999901],[115.21351623500004,-8.74087333599988],[115.21347045800007,-8.74106979399994],[115.21343994100016,-8.7411947249999],[115.2133712760002,-8.741475105999939],[115.21307373000013,-8.741389274999847],[115.21299743600002,-8.741662979999944],[115.21295166100003,-8.741868971999907],[115.21292114200025,-8.741973876999964],[115.21287536500029,-8.742125510999927],[115.21283721800012,-8.7422876359999],[115.21281433200011,-8.742379187999973],[115.21279144300013,-8.742477415999929],[115.21276855500003,-8.742619514999944],[115.21274566600016,-8.742747305999956],[115.21271515000012,-8.742849349999972],[115.21267700300007,-8.743041991999974],[115.21227264400011,-8.7446060179999],[115.212249756,-8.744805334999967],[115.21215057400013,-8.744916914999976],[115.21200561400019,-8.744930267999905],[115.21185302700007,-8.744922637999878],[115.2116775510001,-8.74489402699993],[115.21154022200005,-8.744856833999961],[115.21134948800011,-8.744812011999954],[115.21121978700012,-8.744770049999886],[115.21106720000034,-8.744786260999888],[115.21099853500004,-8.74482345499996],[115.21095276000028,-8.744904516999895],[115.21091461100002,-8.744985579999934],[115.21089935300006,-8.745110510999893],[115.21089172400002,-8.745256422999887],[115.21105194200015,-8.7453317639999],[115.21125030600001,-8.745362280999927],[115.2114715570001,-8.745387076999975],[115.211685181,-8.745415687999923],[115.21185302700007,-8.745439528999952],[115.21185302700007,-8.745666502999882],[115.21184539700016,-8.745896337999966],[115.21185302700007,-8.746153830999958],[115.2119369510001,-8.746356964999904],[115.21205139100016,-8.746537207999893],[115.21202850300006,-8.746780394999973],[115.21190643200032,-8.746868133999953],[115.21127319300024,-8.746865270999933],[115.21104431200001,-8.746847152999976],[115.21078491200012,-8.746822356999871],[115.21065521300011,-8.746814728999937],[115.21053314300013,-8.746793747999902],[115.21035766700004,-8.74676227599997],[115.21018218900008,-8.746747970999934],[115.20998382500011,-8.746737479999979],[115.20981597900015,-8.746726034999881],[115.20967102000009,-8.746711730999948],[115.20953369100005,-8.746701240999869],[115.20935821500007,-8.74669647099995],[115.20911407400001,-8.746692657999972],[115.20869445900007,-8.746653555999956],[115.2087173450002,-8.74645709999993],[115.20842742900015,-8.746438978999947],[115.20812988300008,-8.746430395999937],[115.2077941890002,-8.746412276999934],[115.20756530800031,-8.746397971999954],[115.20734405600012,-8.746379850999915],[115.20712280300006,-8.746364592999896],[115.20695495500001,-8.746354101999941],[115.20677947900003,-8.746319770999946],[115.20661163400007,-8.746308326999952],[115.20642089800015,-8.746290206999959],[115.20629882900005,-8.746276855999952],[115.20614624000018,-8.746221540999898],[115.2059936520003,-8.746139526999968],[115.205955506,-8.745980261999932],[115.20593261700014,-8.745798110999942],[115.2059936520003,-8.745463370999971],[115.20606994600007,-8.74519920299997],[115.20613098100023,-8.744953155999951],[115.2061767580002,-8.744729995999933],[115.20622253300019,-8.74450969599991],[115.20628356900022,-8.744314193999912],[115.2063369760001,-8.744071006999945],[115.206390381,-8.743878363999897],[115.20642852800006,-8.743658065999966],[115.20649719300013,-8.743482589999928],[115.2065658570001,-8.743266104999975],[115.2066421510001,-8.743040083999915],[115.20670318600003,-8.742779731999974],[115.20674133300008,-8.742587087999937],[115.20678711000005,-8.742391585999883],[115.2068481450001,-8.742155074999971],[115.2068939200002,-8.741965293999897],[115.20693969700017,-8.74179363299993],[115.20697021600029,-8.741637228999934],[115.20700073200032,-8.741536140999926],[115.2070312510001,-8.741387366999959],[115.20707702600009,-8.741229056999885],[115.20711517300015,-8.741141317999848],[115.20714569100016,-8.741012571999931],[115.20717620800008,-8.740900993999958],[115.20722198500005,-8.740745543999935],[115.2072601320001,-8.740572928999882],[115.20729827900016,-8.740461348999872],[115.20733642600021,-8.740377426999942],[115.2073593140002,-8.740242002999935],[115.20741271900022,-8.740127562999874],[115.20745086600004,-8.739989280999907],[115.20750427300015,-8.739856719999977],[115.20754242000021,-8.73971557599998],[115.20758056700004,-8.739580154999885],[115.20764923000002,-8.739280700999927],[115.20772552400013,-8.739027975999932],[115.20781707800006,-8.738775251999925],[115.2079010020002,-8.738603591999947],[115.20794677700019,-8.73849296599991],[115.20800018400007,-8.738269805999948],[115.2076950070001,-8.738207817999978],[115.20732879700006,-8.738104820999979],[115.20695495500001,-8.738032339999904],[115.2065658570001,-8.737938879999888],[115.20604705800008,-8.737855910999883],[115.20613861200002,-8.73747062599989],[115.20629882900005,-8.736934660999964],[115.20642089800015,-8.736510275999933],[115.20647430500003,-8.736267089999956],[115.20657348700001,-8.735943793999922],[115.20676422100007,-8.735732078999945],[115.20704650900029,-8.735753057999887],[115.20722198500005,-8.735754012999962],[115.20742034900013,-8.735785483999905],[115.20772552400013,-8.735847471999875],[115.20804595900006,-8.735899924999956],[115.2084121710003,-8.735952376999933],[115.20872497600021,-8.735974310999893],[115.20905303900008,-8.736046791999854],[115.20939636200012,-8.736098288999926],[115.20961761500007,-8.736140250999938],[115.20992279100005,-8.73618221299995],[115.21022796600005,-8.736213683999893],[115.21041107200006,-8.736265181999954],[115.21059417800006,-8.73632717199996],[115.21079254200004,-8.736378669999965],[115.21092224100016,-8.736439704999952],[115.21099090600012,-8.736126899999931],[115.21104431200001,-8.735954284999934],[115.21107482800005,-8.735762595999972],[115.21112060500002,-8.735600470999941],[115.21115112400003,-8.735448835999932],[115.21118927100008,-8.735256194999977],[115.21125030600001,-8.735084533999895],[115.2113189700002,-8.734902380999927],[115.21136474700018,-8.734700202999875],[115.21141815200008,-8.73443698899996],[115.2114715570001,-8.734213827999895],[115.21150970400004,-8.734002112999974],[115.21153259200014,-8.733819006999909],[115.21163177400001,-8.73343467699982],[115.21151733400006,-8.733110426999815],[115.21141052200016,-8.732815742999946],[115.21127319300024,-8.732582091999973],[115.2111129750001,-8.732308386999875],[115.21099090600012,-8.732004164999921],[115.21083831700014,-8.731800079999914],[115.21073150700022,-8.731596945999911],[115.21058654800004,-8.731434822999972],[115.21040344200014,-8.73127174299998],[115.21030426000027,-8.731169700999885],[115.21020507800006,-8.731108664999908],[115.21002960200008,-8.731077193999965],[115.20983886800013,-8.731056212999931],[115.20964050300017,-8.73099422499996],[115.20941925100033,-8.730892179999955],[115.2093124380001,-8.73073005699996],[115.20916748100012,-8.730525969999917],[115.20909881600005,-8.730394363999949],[115.20883941600005,-8.730332373999886],[115.20861053500005,-8.730320930999937],[115.20837402400014,-8.730330465999941],[115.20809173600003,-8.730328558999929],[115.20772552400013,-8.73029708799993],[115.20745849600019,-8.730143546999898],[115.20723724300012,-8.729919433999953],[115.20710754500021,-8.729827879999903],[115.20686340300006,-8.729674337999882],[115.20658874500009,-8.729450224999937],[115.20638275100009,-8.729378698999938],[115.20605468800022,-8.729589461999979],[115.20582580500002,-8.729588508999882],[115.20573425300006,-8.729283331999966],[115.20562744100016,-8.729398727999921],[115.205490112,-8.729461669999978],[115.20516204900002,-8.72951698299994],[115.20507812500011,-8.729385374999879],[115.20496368400018,-8.7292451859999],[115.2048416140002,-8.729270933999942],[115.20470428500016,-8.72938346899997],[115.2046356190001,-8.72947692899993],[115.20453643700012,-8.729588508999882],[115.20446777400002,-8.72978973399995],[115.20435333300009,-8.729898452999976],[115.204460143,-8.730109213999981],[115.20449829000006,-8.730244636999942],[115.20460510200019,-8.730319022999936],[115.20481872500022,-8.730503081999927],[115.20469665400014,-8.730927466999958],[115.20478057800017,-8.73110580499997],[115.20505523600013,-8.731522559999974],[115.20529937700019,-8.731492042999946],[115.20560455400005,-8.731439590999969],[115.20586395200007,-8.731591224999875],[115.20594024700006,-8.731719970999961],[115.2059173590003,-8.731852529999912],[115.20583343500016,-8.731958389999875],[115.20566558700011,-8.732089995999956],[115.20535278300031,-8.73234653399993],[115.20521545400004,-8.732593536999957],[115.20500946100015,-8.732907294999961],[115.20482635500014,-8.733053206999955],[115.2046356190001,-8.73310661399995],[115.20430755600012,-8.733098983999923],[115.203765868,-8.733088492999968],[115.20338440000012,-8.733057021999912],[115.20296478300008,-8.733078002999946],[115.20265960600011,-8.733070371999872],[115.20243835400015,-8.732906341999978],[115.20249176100003,-8.732707977999894],[115.20223998900019,-8.732455252999955],[115.20184326100002,-8.73228454499997],[115.2016830450001,-8.73205375699996],[115.20137786900023,-8.732048988999907],[115.20094299300013,-8.732132910999951],[115.20059967000009,-8.732303618999936],[115.19987487800017,-8.733021734999909],[115.1997528080002,-8.73319244299995],[115.19971466100014,-8.733356475999926],[115.19973754900002,-8.733586310999954],[115.19971466100014,-8.733717917999968],[115.19963073700012,-8.733845710999901],[115.1994934080002,-8.73414039499994],[115.1991119380001,-8.73425197499995],[115.19877624400021,-8.734217642999965],[115.19852447500023,-8.734077453999873],[115.19820404000006,-8.733946800999888],[115.1978759770002,-8.733854293999968],[115.19764709400022,-8.733802793999814],[115.19738769400021,-8.733800888999895],[115.1972351070001,-8.733894347999922],[115.19712829700018,-8.7341079709999],[115.19693756100003,-8.734576224999955],[115.19671630800008,-8.735989570999891],[115.1966400140002,-8.736338614999909],[115.19656372100019,-8.736570358999927],[115.19663238600003,-8.736763],[115.19673919600007,-8.736938475999978],[115.19670868000003,-8.737229346999982],[115.19658660900006,-8.737627027999963],[115.19647979700017,-8.737840652999864],[115.19626617400002,-8.738066673999981],[115.19611358700001,-8.738157272999956],[115.19589996400009,-8.738117218999832],[115.19576263300019,-8.738032339999904],[115.19548034700006,-8.73809528299995],[115.19516754200004,-8.73792743699994],[115.19491577100007,-8.73768806399994],[115.19471740700021,-8.737469672999964],[115.1945877080002,-8.737271308999937],[115.19435882500034,-8.737014769999917],[115.19424438500027,-8.736988067999903],[115.19409179700006,-8.736992835999956],[115.19393921000017,-8.737104415999966],[115.19370269700005,-8.737087249999945],[115.19354248100012,-8.737078666999878],[115.19342041100015,-8.737150190999955],[115.19323730500014,-8.737256050999974],[115.19300079400011,-8.737194060999911],[115.19292450000023,-8.737021444999925],[115.19288635300018,-8.736865996999938],[115.19278717100019,-8.73675632499993],[115.19269561700003,-8.736688613999945],[115.19258117700019,-8.736623763999887],[115.19242858900031,-8.736711502999981],[115.1923294070001,-8.736823080999955],[115.19226074200003,-8.736911771999928],[115.19217682000021,-8.73696994699992],[115.19205474900014,-8.73709011099993],[115.19187927300004,-8.737112043999957],[115.19161224400023,-8.737316130999886],[115.19135284400022,-8.737518310999917],[115.1910400390002,-8.737565992999976],[115.19066619900002,-8.737564087999885],[115.19049072300004,-8.737706183999933],[115.19036865300006,-8.737675665999973],[115.18941497800029,-8.739870070999928],[115.18824768100012,-8.74102115699992],[115.18699646000005,-8.740916251999977],[115.18622589100016,-8.74172687499987],[115.18602752700008,-8.743027685999948],[115.18601989700016,-8.74367427899989],[115.1858520510001,-8.743703842999935],[115.18553924600008,-8.743359564999878],[115.18527221700026,-8.74340152699989],[115.18463134700016,-8.74407863599987],[115.18445587100007,-8.744567870999958],[115.18462371900011,-8.747059822999972],[115.18457794200015,-8.747760772999868],[115.18666839700018,-8.74766635899988],[115.18803405800008,-8.747593879999954],[115.18930816600016,-8.747553825999887],[115.18930816600016,-8.747751234999896],[115.18802642800017,-8.74780273499988],[115.18668365500002,-8.747850416999938],[115.18457031300011,-8.747924803999979],[115.18452453600014,-8.748750686999927],[115.18312072800018,-8.752752303999955],[115.18233489900001,-8.75548553499982],[115.180793762,-8.757783889999928],[115.18073272600009,-8.757845877999955],[115.18095397900004,-8.75822258099987],[115.18072509800004,-8.759304998999937],[115.18086242700008,-8.76003551599996],[115.18137359600018,-8.760918616999959],[115.18162536600005,-8.761697768999909],[115.18148040900007,-8.762086866999937],[115.1818161020002,-8.762302398999964],[115.18205261300011,-8.763091086999907],[115.1825103770002,-8.763317106999978],[115.18265533400006,-8.763760565999974],[115.18252563500005,-8.764294622999955],[115.18269348100023,-8.764665602999969],[115.18280792300015,-8.765108107999936],[115.18341064400033,-8.765242576999924],[115.18453216500018,-8.765062330999967],[115.18556213300008,-8.764696121999918],[115.18534088200022,-8.764101028999903],[115.18536376900022,-8.763136863999875],[115.18588256800001,-8.762767790999817],[115.18647766100003,-8.76336479199989],[115.18727874800015,-8.76340579899994],[115.1869583130001,-8.764554022999903],[115.18688201900022,-8.7653894419999],[115.18730926500007,-8.765335081999979],[115.18774414000006,-8.764947890999963],[115.18802642800017,-8.76405811199993],[115.18849182200029,-8.763949393999951],[115.18878936900012,-8.76424789299989],[115.18897247300004,-8.764971731999935],[115.18913269000006,-8.76590061099995],[115.18971252500012,-8.765513419999877],[115.19017791700026,-8.765683172999957],[115.19036102300015,-8.766694067999936],[115.19094085700033,-8.76676273299995],[115.19158935500002,-8.766969680999921],[115.19188690200019,-8.768084525999882],[115.19255066000005,-8.769850730999906],[115.19295501700003,-8.77059459599991],[115.19301605200019,-8.770699500999967],[115.19397735700022,-8.771893500999909],[115.19429016200024,-8.773117065999827],[115.19366455000022,-8.775106429999937],[115.19402313200021,-8.7766132349999],[115.19468689000007,-8.777490615999852],[115.19576263300019,-8.778356551999934],[115.19692230200008,-8.779322623999974],[115.19727325400015,-8.779681205999907],[115.1975173950002,-8.78000068599988],[115.19768524100004,-8.780320166999957],[115.19766235400004,-8.78059387199994],[115.19757080000011,-8.780866621999962],[115.19738006600016,-8.781111715999941],[115.19715118300007,-8.781332015999965],[115.19699096600004,-8.78155898999995],[115.19683075000012,-8.781728744999953],[115.19667816100002,-8.781899452999937],[115.19660949800016,-8.78206920599996],[115.19664764400011,-8.782252311999912],[115.19677734300012,-8.782434462999902],[115.19684600900007,-8.782637594999926],[115.19705200100009,-8.782523154999978],[115.19716644400023,-8.782381057999942],[115.19783783000003,-8.78177261399992],[115.19892120400004,-8.781643867999946],[115.20062255800019,-8.781511306999903],[115.20116424600008,-8.781270980999977],[115.20141601600005,-8.781180381999945],[115.20177459700005,-8.781197546999977],[115.20205688500027,-8.781361579999952],[115.20265197800006,-8.781910895999943],[115.20299530000023,-8.782056807999936],[115.20413971000005,-8.782092093999893],[115.20447540400028,-8.782138823999958],[115.20467376800002,-8.782250403999967],[115.20514679000007,-8.782653807999907],[115.20657348700001,-8.784020423999948],[115.2074890130001,-8.784678457999917],[115.20822143500015,-8.785305976999894],[115.20831298900009,-8.785558699999854],[115.20865631000004,-8.78546523999995],[115.20902252200005,-8.785581587999957],[115.20944213900009,-8.785540580999964],[115.20998382500011,-8.785533904999909],[115.21099853500004,-8.785623549999968],[115.21191406200012,-8.785690307999971],[115.21279144300013,-8.786162374999947],[115.21473693700011,-8.78709220899998],[115.21495819000006,-8.786939620999874],[115.2151184080002,-8.786683081999968],[115.21540832600022,-8.786603927999977],[115.21576690600023,-8.786700247999875],[115.21613311800013,-8.786590574999877],[115.21649169900002,-8.786719320999964],[115.21760559100017,-8.787132262999933],[115.21839904900014,-8.787061691999952],[115.22003936800002,-8.787203788999875],[115.22027587900016,-8.787152288999891],[115.21910095200019,-8.786478994999982],[115.21708679200015,-8.785013198999934],[115.21618652300003,-8.783196448999888],[115.21506500300006,-8.779113769999924],[115.21425628700001,-8.777653693999923],[115.21379852300015,-8.775995253999952],[115.21485138000014,-8.77487182599998],[115.21634674000006,-8.773950575999947],[115.21739959700017,-8.773271560999888],[115.21772766200002,-8.7717504499999],[115.21752929800016,-8.77128219499997],[115.217338562,-8.770609855999965],[115.21853637800018,-8.770209311999906],[115.21992492800018,-8.769990919999884],[115.22069549600008,-8.769922256999962],[115.22129821700003,-8.769688605999931],[115.22231292700008,-8.769483565999906],[115.2227249140002,-8.769502638999882],[115.22280120800008,-8.769502638999882],[115.22304534900013,-8.769480705999968],[115.22387695300006,-8.769465444999923],[115.22399139400011,-8.770314216999907],[115.22430419800014,-8.770371436999937],[115.22424316500008,-8.771553992999884],[115.2242736820001,-8.772334098999977],[115.22424316500008,-8.773119925999879],[115.22434997500011,-8.773475645999895],[115.22441101100014,-8.774533271999928],[115.22469329900002,-8.77496623999997],[115.22498321500007,-8.774765013999911],[115.22505950900018,-8.774953841999945],[115.22500610300017,-8.775391577999926],[115.22511291600006,-8.776185034999912],[115.22531890800008,-8.776791572999912],[115.22611999600008,-8.77671909299994],[115.22618103100001,-8.776844977999872],[115.22609710700021,-8.776968956999951],[115.2261734010001,-8.777686117999963],[115.2262725830002,-8.777812003999884],[115.22657775900018,-8.777792929999976],[115.22660064800004,-8.777896879999957],[115.22649383600026,-8.778057097999977],[115.22662353400017,-8.779636381999921],[115.22696685800031,-8.77971458299993],[115.22697448800011,-8.779840468999964],[115.22679138200021,-8.779915809999977],[115.22673797700008,-8.781425475999981],[115.22687530600001,-8.781579017999888],[115.22705078200033,-8.781447408999952],[115.22712707500034,-8.781517981999912],[115.22718048000002,-8.78216552799995],[115.22708129800003,-8.78222751599992],[115.22692108100034,-8.78215694499994],[115.22680664000006,-8.78247642499997],[115.22676849400011,-8.783450125999934],[115.22687530600001,-8.783750533999978],[115.2270736700001,-8.783653259999937],[115.22717285200031,-8.78370284999994],[115.22716522200005,-8.783897398999954],[115.22697448800011,-8.784195899999872],[115.22703552300004,-8.785240173999966],[115.22721099900002,-8.785720824999942],[115.22757720900006,-8.78588294999986],[115.22760009800015,-8.785750387999883],[115.2276382440001,-8.785590170999967],[115.22780609200015,-8.78558444999993],[115.22792816300023,-8.785724639999898],[115.22792053200021,-8.786009787999944],[115.228233337,-8.786685943999942],[115.22858428900008,-8.787049293999928],[115.2288742070001,-8.787085532999981],[115.22908783000014,-8.786982535999869],[115.22916412300015,-8.786600112999963],[115.22927093600003,-8.786565780999979],[115.22953033500005,-8.786740301999941],[115.22963714600007,-8.787012099999913],[115.22967529200002,-8.787492751999935],[115.2297973630001,-8.787876127999937],[115.23001861600005,-8.788148879999937],[115.2302627570001,-8.788219451999908],[115.23034667900015,-8.787948608999955],[115.23046112100019,-8.787893295999936],[115.23060607900004,-8.78794288599994],[115.23060607900004,-8.788443564999966],[115.23075103800011,-8.788666724999871],[115.23107147300004,-8.789002417999939],[115.23104858400018,-8.789169310999966],[115.23087310800008,-8.789223670999945],[115.23074340700009,-8.789133071999913],[115.2306976320001,-8.78946018199997],[115.23110961900034,-8.78992748199994],[115.23124694800003,-8.789747237999848],[115.2313919070001,-8.789803504999952],[115.23151397600031,-8.790027618999943],[115.23153686500018,-8.790215491999959],[115.23138427700019,-8.790430067999921],[115.23148345900006,-8.790659903999938],[115.23181152300015,-8.790884018999918],[115.23198700000023,-8.79120540599996],[115.23207092200005,-8.792054175999965],[115.23229217500011,-8.792410849999953],[115.23241424600019,-8.792467117999934],[115.23244476200023,-8.792348861999812],[115.23258972100007,-8.792302130999929],[115.23270416200023,-8.792356489999975],[115.2325210580002,-8.792759893999971],[115.23228454700006,-8.792994499999963],[115.23246765100009,-8.794812202999879],[115.23298645000011,-8.796344756999929],[115.23365783600002,-8.797663688999933],[115.23438263000003,-8.798483847999933],[115.23510742200006,-8.798713682999903],[115.23556518600014,-8.798639296999966],[115.23582458500005,-8.79837608299988],[115.23584747400002,-8.798178672999882],[115.2360916130001,-8.797920225999974],[115.23602295,-8.797388075999947],[115.23626708900008,-8.797260284999936],[115.23665618900009,-8.79732704099996],[115.23689270000023,-8.797236441999928],[115.23728942900004,-8.797307014999888],[115.23744201600005,-8.797573089999958],[115.2375564570001,-8.797771453999928],[115.2376556390002,-8.798031805999926],[115.23724365200007,-8.79823780099997],[115.23704528800022,-8.798469543999886],[115.23672485300006,-8.798498152999969],[115.23686981200012,-8.79879379199997],[115.23642730600011,-8.799037932999909],[115.23598480300018,-8.798808097999938],[115.23583984400011,-8.799155233999954],[115.23591613700012,-8.799956320999968],[115.2363510130001,-8.801043509999943],[115.2369384770002,-8.801783561999912],[115.2375335700001,-8.802247045999877],[115.23780822800006,-8.802183150999952],[115.23801422100018,-8.801815985999951],[115.23847961500019,-8.80126476299995],[115.23875427300015,-8.801265715999875],[115.2389450070001,-8.801439285999948],[115.23921203700002,-8.801332472999889],[115.23954773000014,-8.801301956999964],[115.23974609400022,-8.801483152999936],[115.23986053500005,-8.801739692999945],[115.23983001800002,-8.802068709999958],[115.2400283820001,-8.80231761899995],[115.24022674600019,-8.80273055899994],[115.24011230400015,-8.802929877999873],[115.24018860000001,-8.803155898999933],[115.2400741570001,-8.803271293999899],[115.24008941700015,-8.803463935999957],[115.24017333900008,-8.80359268199993],[115.24019622800017,-8.80370902999988],[115.23999023500005,-8.804027556999927],[115.23953247100008,-8.804216383999915],[115.23925018300008,-8.804407119999894],[115.23903656100003,-8.804491043999917],[115.2386856070001,-8.80447864599995],[115.23842620800008,-8.804488180999954],[115.23828125000011,-8.804348944999958],[115.23852539000006,-8.804180144999975],[115.23884582500011,-8.804011343999946],[115.23883819600007,-8.803734778999967],[115.23854827800005,-8.80374431599995],[115.23823547300003,-8.803870199999892],[115.2378692630001,-8.803999900999884],[115.23768615800009,-8.803674697999952],[115.23751831000027,-8.803323745999876],[115.2375564570001,-8.80285358499998],[115.23705291800013,-8.802776335999965],[115.23667907800007,-8.802891730999931],[115.23591613700012,-8.803367613999967],[115.23494720400004,-8.804662703999895],[115.2344741820001,-8.805235861999904],[115.23423767100019,-8.805511473999957],[115.23402404800004,-8.805832861999932],[115.23336792000009,-8.8063488009999],[115.23283386300022,-8.807017326999869],[115.23234558000001,-8.807483671999933],[115.23196411200013,-8.808291434999944],[115.23175811700003,-8.809196471999883],[115.23176574800004,-8.809920310999928],[115.23169708200021,-8.81017589499993],[115.2318267830002,-8.8106451029999],[115.23149109000019,-8.811421393999922],[115.22924041700003,-8.813774108999894],[115.22792816300023,-8.814783095999928],[115.22660064800004,-8.815908431999958],[115.22531128000014,-8.817234038999914],[115.22467041000004,-8.818013189999931],[115.22449493400006,-8.818231582999942],[115.22456359800003,-8.818612097999903],[115.22479248100012,-8.81892108999989],[115.2251434320001,-8.819169043999977],[115.2251205440001,-8.819324493999943],[115.22505188000014,-8.819469450999975],[115.22498321500007,-8.819757461999927],[115.22451019300001,-8.819938659999877],[115.22426605100009,-8.820186613999965],[115.22382354800015,-8.820331573999965],[115.22380829000008,-8.820511816999954],[115.22345733600002,-8.820719718999953],[115.2233200070001,-8.820912360999898],[115.22330474900014,-8.821184158999927],[115.22290802000009,-8.821811675999982],[115.2228317260001,-8.822070121999957],[115.22231292700008,-8.82295513199989],[115.22222900300005,-8.824045179999928],[115.22183227500011,-8.824730871999918],[115.22122955400005,-8.825311659999898],[115.22092437700019,-8.825582504999943],[115.220779418,-8.825978277999923],[115.2209777820002,-8.826159476999976],[115.2209320070001,-8.826217651999912],[115.22080230700021,-8.826112746999968],[115.22074127100007,-8.826233862999914],[115.22063446100015,-8.826381681999976],[115.22058105400004,-8.826655387999892],[115.22048187200005,-8.827188491999948],[115.22051239000007,-8.827608106999946],[115.22053527900027,-8.82795619899997],[115.22041320800008,-8.828420637999955],[115.22027587900016,-8.82866573399997],[115.22007751500007,-8.828936576999979],[115.21964264000007,-8.829632758999935],[115.21957397400001,-8.82990074199995],[115.21936798200011,-8.830115316999922],[115.21931457400012,-8.830292700999962],[115.21894073400006,-8.830906866999953],[115.21863556000005,-8.831441878999897],[115.21854400600012,-8.831520079999962],[115.2184143070001,-8.831794737999871],[115.21811676100003,-8.832232473999966],[115.2179794320001,-8.832304],[115.21784973100011,-8.832608221999863],[115.2172851570001,-8.833041191999882],[115.21657562300004,-8.833440779999933],[115.21643829400011,-8.833485602999872],[115.21633911200013,-8.833501815999966],[115.21614837600009,-8.833561895999878],[115.215721131,-8.833898543999965],[115.21543121300022,-8.833932875999949],[115.21495819000006,-8.834026335999965],[115.21449279800026,-8.834135054999877],[115.21428680400015,-8.834213256999874],[115.2139892570001,-8.83425426399998],[115.21366882200016,-8.834403037999948],[115.21343994100016,-8.834457397999927],[115.21326446600006,-8.834446906999915],[115.21278381300021,-8.83462142899998],[115.2125778210002,-8.834640501999957],[115.21245575000012,-8.834652899999924],[115.21227264400011,-8.834673880999958],[115.21203613300031,-8.834742545999973],[115.21116638200021,-8.835094450999975],[115.21098327600032,-8.835160255999881],[115.21078491200012,-8.835267065999915],[115.21070861800001,-8.835327148999852],[115.21051788400018,-8.83528709399991],[115.21038055300028,-8.835470199999975],[115.21023559600008,-8.83553504899993],[115.21016693100023,-8.83559989899993],[115.20998382500011,-8.835631370999977],[115.20993042000009,-8.83571624699988],[115.2095413210003,-8.835809706999896],[115.20943450900018,-8.835896490999971],[115.20929718000014,-8.835963248999974],[115.20915222100007,-8.835964203999879],[115.20902252200005,-8.8360128409999],[115.20893859800026,-8.836096762999944],[115.2088241580002,-8.836143493999884],[115.20877075300018,-8.836207389999913],[115.20814514100005,-8.836350441999969],[115.20793914900025,-8.836430549999932],[115.20788574100027,-8.83649444599996],[115.20781707800006,-8.836520194999878],[115.20773315400004,-8.836626051999929],[115.20755004800014,-8.836729049999917],[115.20738220200008,-8.836724281999977],[115.20714569100016,-8.836803435999968],[115.20707702600009,-8.836862562999954],[115.2068481450001,-8.836873053999966],[115.20672607400002,-8.836914062999881],[115.20658111500018,-8.836966512999936],[115.20648956300022,-8.837049483999976],[115.20641327000021,-8.837137220999978],[115.20629882900005,-8.837162016999969],[115.20616912800006,-8.83722591299994],[115.20555114700005,-8.837582586999929],[115.20543670600023,-8.83761978099983],[115.20472717300004,-8.83782863599987],[115.20438385000034,-8.837857244999952],[115.20424652100007,-8.838074684999981],[115.20388793900008,-8.838289259999954],[115.20372009300002,-8.838492391999978],[115.20347595200019,-8.83876323699991],[115.20294952500024,-8.839590072999954],[115.20233154300013,-8.840120315999968],[115.20134735200008,-8.840580939999938],[115.20028686500007,-8.840825080999934],[115.1999359140002,-8.840717315999882],[115.19976806600016,-8.84076976699987],[115.19939422600032,-8.840975760999925],[115.19902801600006,-8.84114837699991],[115.19878387500023,-8.84149932799994],[115.19834136900033,-8.841746329999921],[115.19781494200004,-8.841812132999962],[115.19702911500008,-8.841944693999892],[115.19606781000005,-8.842053413999963],[115.19496917800029,-8.842287062999901],[115.19340515000022,-8.842641828999945],[115.19092559900014,-8.843118666999885],[115.19071960400004,-8.843105315999935],[115.19039154100017,-8.843029974999979],[115.19027709900013,-8.843255995999868],[115.18984222300003,-8.843533515999923],[115.18868255600012,-8.84448051499993],[115.18764495800008,-8.845122337999953],[115.1863403320001,-8.845479964999925],[115.18332672100007,-8.846240997999928],[115.18213653500015,-8.846560477999901],[115.1805572510001,-8.84680175699998],[115.17980194000017,-8.847150802999977],[115.17870330900018,-8.847254752999959],[115.17812347400002,-8.847096442999941],[115.17784118600014,-8.847163200999944],[115.17741394100005,-8.847558974999913],[115.17667388900009,-8.84771442399989],[115.1756515510001,-8.847811698999976],[115.17531585700021,-8.8479871749999],[115.17511749300013,-8.848012922999828],[115.17483520500002,-8.84793853699989],[115.17437744100016,-8.847907065999948],[115.17333221400008,-8.847809790999975],[115.17270660500014,-8.847948074999977],[115.17261505100021,-8.847860335999883],[115.17244720500014,-8.84798049899996],[115.17200470000023,-8.848260879999827],[115.17139434900002,-8.84853649099989],[115.17018890500015,-8.849053381999852],[115.16970825200008,-8.849074362999886],[115.16928100500002,-8.849006651999957],[115.16922760000011,-8.848916052999925],[115.16861724900014,-8.849062919999938],[115.16809844900001,-8.849089621999894],[115.16769409300014,-8.849017142999969],[115.16726684500031,-8.849252700999898],[115.16670989900024,-8.849262236999891],[115.16646576000005,-8.849167822999902],[115.16628265400016,-8.849166869999976],[115.16597747800017,-8.849027632999935],[115.16558074900013,-8.848946571999875],[115.16541290300006,-8.849023817999978],[115.16385650600012,-8.848625181999921],[115.16338348300019,-8.848562240999968],[115.1630020130001,-8.848508833999915],[115.16275024400011,-8.84852790799988],[115.16249847400002,-8.848456381999938],[115.16177368100023,-8.848577499999976],[115.16141510100022,-8.848509788999877],[115.16052246200002,-8.848431587999926],[115.1599960320001,-8.848428724999962],[115.15904998800022,-8.84840869899989],[115.15834045400027,-8.848257064999927],[115.15721130400027,-8.848354338999911],[115.15644073500005,-8.848299026999939],[115.155403137,-8.847877501999903],[115.15483093300008,-8.847757338999884],[115.15441894600019,-8.84774780299989],[115.15325164800004,-8.847796440999957],[115.1528778080002,-8.84777164499991],[115.15248870800019,-8.847769736999965],[115.15189361500006,-8.847681044999888],[115.15081024200003,-8.847463607999941],[115.15063476600005,-8.84746169999994],[115.1504898070001,-8.847412109999937],[115.15036773600002,-8.84733200099987],[115.15024566700015,-8.847289084999886],[115.15010833700012,-8.847270010999978],[115.1500015260001,-8.847336768999924],[115.1498489390001,-8.847330093999972],[115.14968872100008,-8.84735965799996],[115.14950561500018,-8.847394941999937],[115.14939880300005,-8.847449301999973],[115.14935302800006,-8.847542761999932],[115.14920043900008,-8.847613334999892],[115.1491012570001,-8.847710608999932],[115.14900970500003,-8.847740172999977],[115.14890289200014,-8.847727774999953],[115.14877319400023,-8.84772682199997],[115.14869690000012,-8.847763061999956],[115.14858245800008,-8.847836494999967],[115.14844512900015,-8.847902297999894],[115.14828491300023,-8.847950934999915],[115.14810943500026,-8.84796237899991],[115.14795684800004,-8.847936629999822],[115.14784240800009,-8.847845077999978],[115.14770507900005,-8.847826003999899],[115.14759063800011,-8.847898482999938],[115.1474838260001,-8.84794044499995],[115.14733886700014,-8.847951887999841],[115.14723968500005,-8.847990989999971],[115.14715576300023,-8.84798431399986],[115.14707183900009,-8.848029136999912],[115.14685821600006,-8.848222732999943],[115.14608001700003,-8.848251341999912],[115.14584350600012,-8.848342895999963],[115.14560699500021,-8.84826755499995],[115.14505767700018,-8.848217962999911],[115.14469909800027,-8.848220824999885],[115.14434051600006,-8.84819602899995],[115.14404296900011,-8.848186491999968],[115.14346313500005,-8.848121642999956],[115.14320373500027,-8.848057745999881],[115.14297485400004,-8.84784221599989],[115.14202118000003,-8.847605703999875],[115.1412887580002,-8.84755802199993],[115.140701293,-8.847578047999889],[115.13967895500014,-8.847690582999974],[115.13928222600009,-8.847624777999954],[115.13880157400013,-8.847618101999956],[115.13840484600018,-8.847601890999897],[115.13803863600003,-8.847697257999926],[115.13787841800013,-8.84759044599997],[115.1376647960002,-8.847779274999937],[115.13739013800023,-8.847777366999878],[115.13593292200005,-8.847742080999978],[115.13491058400007,-8.847632407999981],[115.13359069700016,-8.847286223999902],[115.13186645400003,-8.84730529799998],[115.13073730400004,-8.847415922999971],[115.1305542,-8.847275733999936],[115.12987518300008,-8.8471336369999],[115.129318237,-8.847093582999946],[115.12883758500004,-8.846892355999898],[115.12785339300012,-8.846822737999958],[115.12715148800021,-8.84670352899991],[115.12696075400004,-8.846813201999964],[115.12677764800003,-8.846946715999877],[115.12657928400006,-8.846903800999883],[115.12557220400026,-8.847264290999874],[115.12529754600007,-8.847164153999927],[115.12498474100005,-8.847196577999966],[115.12454986600005,-8.847121238999932],[115.12398529000006,-8.84735870299994],[115.12374877900015,-8.847815513999933],[115.12364196800024,-8.847935676999896],[115.12348937900015,-8.847865103999936],[115.123458862,-8.847499846999938],[115.12351989800027,-8.847324370999956],[115.12337493900009,-8.847304344999884],[115.12316131600005,-8.847243309999897],[115.12294006300021,-8.847501753999893],[115.12275695700009,-8.847533225999939],[115.12268066400009,-8.84745406999997],[115.12277984600018,-8.847315787999946],[115.12284851100003,-8.847145079999962],[115.12268829400023,-8.847087859999931],[115.12246704100016,-8.847073553999905],[115.12224578800021,-8.847455976999925],[115.12200927700007,-8.84747886599996],[115.12195587200006,-8.847422599999902],[115.12159729000018,-8.847490310999945],[115.12146758900019,-8.847286223999902],[115.12150573800011,-8.846911428999817],[115.12124633900021,-8.84656715299991],[115.1208038330002,-8.846365928999887],[115.12048339800003,-8.846313475999978],[115.12017822400003,-8.84616374899997],[115.11932373100012,-8.846302985999898],[115.11904144300001,-8.846280096999976],[115.11870575000023,-8.846223831999964],[115.11829376300011,-8.8461599339999],[115.117935181,-8.846235274999913],[115.11736297700008,-8.846158980999974],[115.1170272830002,-8.84617614699988],[115.11660003600002,-8.846166609999898],[115.11598205500002,-8.846147535999933],[115.11553955100021,-8.846059798999875],[115.11457824700005,-8.845829963999961],[115.112998962,-8.84568977399988],[115.1125564570001,-8.84577274299994],[115.11226654100005,-8.845663070999933],[115.11137390100009,-8.845541],[115.11003875600022,-8.84502124799991],[115.1096267690001,-8.844870565999884],[115.1089630130001,-8.844789504999937],[115.10747528100012,-8.844152449999967],[115.10707092200016,-8.843986511999901],[115.106575012,-8.843781469999897],[115.10563659700006,-8.84333324399995],[115.10425567500022,-8.842782020999891],[115.10369110100021,-8.84254550999998],[115.1031799320001,-8.842323303999876],[115.10295867900015,-8.842275618999963],[115.10245513800032,-8.841980932999888],[115.10166168100011,-8.84169959999997],[115.1013565070001,-8.841662405999898],[115.10079956100003,-8.841511725999965],[115.10008239700005,-8.841367721999973],[115.09936523400029,-8.841177939999966],[115.09873962400002,-8.84099578899992],[115.09834289600008,-8.840938566999966],[115.09764099000006,-8.840771673999939],[115.0974426260002,-8.840755462999937],[115.09714508000013,-8.840676306999967],[115.09667205700009,-8.840658187999964],[115.09588623000002,-8.840654372999893],[115.09526824900001,-8.84031677299987],[115.09413909900002,-8.839789389999908],[115.0928955080002,-8.839075088999891],[115.09188842800017,-8.838657379999972],[115.09092712300014,-8.838170051999953],[115.09035491900022,-8.83784103399995],[115.09026336700015,-8.838155745999927],[115.08993530200007,-8.838084220999974],[115.08974456800013,-8.838157653999929],[115.08907318100023,-8.838232994999942],[115.088867187,-8.838134764999893],[115.08905029300013,-8.837843893999889],[115.08744812000032,-8.836516379999921],[115.08703613300008,-8.835712431999923],[115.08689880400016,-8.835235594999915],[115.08703613300008,-8.83508777499992],[115.08702850300017,-8.834856033999927],[115.08695220900006,-8.834629058999894],[115.08699798600003,-8.83425426399998],[115.08686828600014,-8.8337488169999],[115.08682251100015,-8.833059309999953],[115.08663177400013,-8.832742689999975],[115.08640289300013,-8.832566261999943],[115.0861892710002,-8.832370757999911],[115.08567810000011,-8.832122802999947],[115.0851898190001,-8.831430433999913],[115.0850830070001,-8.831415175999894],[115.0850830070001,-8.831027029999973],[115.08522033600002,-8.830846785999938],[115.0851364140002,-8.830253600999981],[115.084861756,-8.830053328999952],[115.08445739700005,-8.829931258999977],[115.08388519300013,-8.829733848999979],[115.08399963400007,-8.82917404099993],[115.08420562800006,-8.82915210699997],[115.08445739700005,-8.82905578499998],[115.08460998500004,-8.828690527999981],[115.08477783200021,-8.82835388199993],[115.08469390900007,-8.827932356999952],[115.08455658000003,-8.82750511199987],[115.08433532700008,-8.82714748299992],[115.08428192200017,-8.826522825999973],[115.08448028600003,-8.826217651999912],[115.08409118700013,-8.824965475999875],[115.08413696300022,-8.824697493999906],[115.08438110400004,-8.824657438999964],[115.084861756,-8.82449722399997],[115.08498382500011,-8.824303626999892],[115.08492279100005,-8.823863981999978],[115.08493805000012,-8.823557852999954],[115.08506774900013,-8.823484420999819],[115.08519744900002,-8.822406767999894],[115.08538818400007,-8.822268486999917],[115.08538818400007,-8.821879385999978],[115.08512878400006,-8.821479796999938],[115.08515930300007,-8.821156501999951],[115.08522796600016,-8.821059227999967],[115.08557129000008,-8.820848464999926],[115.08559417800006,-8.82063579499993],[115.08580017000008,-8.82041835799987],[115.086013793,-8.820327758999952],[115.08631897000032,-8.819908140999928],[115.08641052200005,-8.819348334999972],[115.08658599900014,-8.819270133999908],[115.08666229300002,-8.81914711099995],[115.08673095700021,-8.819030760999908],[115.08683013900009,-8.818798063999907],[115.08689117400024,-8.818377494999936],[115.08695220900006,-8.818277359999911],[115.087020875,-8.818114279999918],[115.0871887200002,-8.818014144999893],[115.08724212600032,-8.817702292999968],[115.08728790300029,-8.817445755999927],[115.08733368000026,-8.817148208999924],[115.08791351400009,-8.816452026999968],[115.08834839000019,-8.816190719999952],[115.08836364800004,-8.815147400999933],[115.08854675400005,-8.814742088999878],[115.08921051000016,-8.814395902999934],[115.09012603800022,-8.81396579799997],[115.09140777600021,-8.813510893999876],[115.09247589100005,-8.8136281969999],[115.09322357100007,-8.81347846999995],[115.09502411000028,-8.813879013999895],[115.09622192400013,-8.813577651999935],[115.09665679900013,-8.8132610319999],[115.09838867300004,-8.81207179899991],[115.09972381500006,-8.810894965999978],[115.10013580200007,-8.810615538999969],[115.10043334900013,-8.810462950999977],[115.1012496940001,-8.810495375999949],[115.102104187,-8.81058311399994],[115.10304260300018,-8.810839653999949],[115.10346222000021,-8.811155318999965],[115.10420990000023,-8.810637473999918],[115.10507202100007,-8.810167311999919],[115.10574340800008,-8.809836386999962],[115.10618591300022,-8.80935668899997],[115.10652160600034,-8.809264182999868],[115.10750579800003,-8.808514594999963],[115.10973358200022,-8.807010649999938],[115.110328675,-8.807068824999874],[115.11077880800019,-8.807262420999905],[115.11147308300019,-8.806908606999855],[115.1125793450002,-8.806128500999876],[115.11344146800002,-8.805221557999971],[115.11387634300002,-8.805037496999944],[115.11600494300012,-8.80353069399996],[115.1163330080002,-8.802886963999981],[115.11726379500021,-8.80062675499994],[115.11745452900016,-8.799546241999963],[115.11791992300016,-8.797448158999941],[115.11806488000013,-8.795811651999884],[115.1187515270002,-8.793813705999867],[115.11943054100004,-8.793494223999971],[115.11959838900009,-8.79324340699992],[115.11991119400011,-8.79326915799993],[115.11991882400002,-8.79381942699996],[115.12014007500011,-8.7938871369999],[115.12039947400001,-8.793891906999932],[115.12082672200006,-8.794022560999906],[115.1212692250001,-8.79404830899989],[115.12149047800006,-8.794104574999949],[115.12199401900023,-8.79373359699997],[115.12243652400002,-8.79326057499992],[115.12284088100012,-8.792796135999936],[115.12361145000023,-8.79164028199989],[115.12413787900016,-8.791098593999948],[115.12469482500023,-8.790727613999934],[115.125076293,-8.790503500999876],[115.12529754600007,-8.790348053999821],[115.12519073400017,-8.790284155999927],[115.12519073400017,-8.79006862599988],[115.12503814700005,-8.78988647499989],[115.12505340500002,-8.78980255099998],[115.12524414100005,-8.789691924999886],[115.12526703000003,-8.789566039999954],[115.12542724700006,-8.789769171999978],[115.12565612800006,-8.790021895999928],[115.12588500900017,-8.79002285099989],[115.1261520390002,-8.790135383999882],[115.12643432700008,-8.790353773999925],[115.12667846600016,-8.790675163999879],[115.1269531260001,-8.790439604999847],[115.1274414070001,-8.790470121999874],[115.12767791800002,-8.790598867999961],[115.12793731700015,-8.790452003999974],[115.12828826900022,-8.790481566999915],[115.12855529900025,-8.790380477999918],[115.12888336200001,-8.790234565999924],[115.12940216100003,-8.790035246999935],[115.12982940600011,-8.789889334999941],[115.13004303100013,-8.789858817999914],[115.13030242800016,-8.789844512999878],[115.13051605300018,-8.789857862999952],[115.13068389900002,-8.789909362999936],[115.13091278200022,-8.78977012699994],[115.1312637330002,-8.78946018199997],[115.13158416800013,-8.789368629999956],[115.13173675500002,-8.78931522299996],[115.13188934300013,-8.789105414999938],[115.13203430200008,-8.788849830999936],[115.13233947800006,-8.788597106999873],[115.13241577200006,-8.788376808999942],[115.13256835900017,-8.78819847099993],[115.13276672400013,-8.787903785999902],[115.13295745800008,-8.787586211999894],[115.13314056400009,-8.787317275999953],[115.13335418600002,-8.786957739999878],[115.13385009700016,-8.786790846999907],[115.13438415500013,-8.786549567999941],[115.13492584200003,-8.78641986699995],[115.13516998400019,-8.786352156999953],[115.13558959900001,-8.786144256999876],[115.13613128600014,-8.785960197999941],[115.13713073800022,-8.785264014999882],[115.1381301880001,-8.7844676979999],[115.13930511500007,-8.783602714999915],[115.13959503100011,-8.783214568999938],[115.14043426500007,-8.782604217999904],[115.14094543400006,-8.781999587999962],[115.14163970900017,-8.780929564999894],[115.14179992700008,-8.780766486999937],[115.14190673900009,-8.780588148999925],[115.14205932700008,-8.780395506999923],[115.14217376700014,-8.780317305999972],[115.14254760700021,-8.780242919999921],[115.14289093000002,-8.780481338999948],[115.14316558800022,-8.780140875999905],[115.143325806,-8.780086517999962],[115.14368438800034,-8.780241012999966],[115.14381408600002,-8.78026294599988],[115.14433288600003,-8.779804229999968],[115.14446258400005,-8.779785155999889],[115.1448593130001,-8.779514312999936],[115.14507293800011,-8.779466628999899],[115.14556884800015,-8.779874800999949],[115.14654541000027,-8.779980659999978],[115.14723968500005,-8.779999733999887],[115.1476898200001,-8.779892920999941],[115.14815521200023,-8.779654502999904],[115.14857482900004,-8.779632568999887],[115.14935302800006,-8.7795715339999],[115.14965057500024,-8.779607772999952],[115.15112304600018,-8.780005453999934],[115.15252685500002,-8.779950141999961],[115.15277862600033,-8.780007361999878],[115.15314483600025,-8.780496596999967],[115.1532669070001,-8.780560492999939],[115.1535949700002,-8.780666349999876],[115.15389251600016,-8.78064060099996],[115.15457153300008,-8.780420302999971],[115.1560134880001,-8.78032970399994],[115.15644073500005,-8.780548094999972],[115.15737915000011,-8.781173705999947],[115.15821838400029,-8.78135204199998],[115.15890502900004,-8.782327652999925],[115.15931701800002,-8.78236198399992],[115.1600494390002,-8.782377242999871],[115.16044616800002,-8.782468794999886],[115.16084289500009,-8.78239250099989],[115.16153717000009,-8.78213977899992],[115.16275024400011,-8.781515121999973],[115.16358184800015,-8.780678747999957],[115.16471862800006,-8.779322623999974],[115.16574859700029,-8.77770137799996],[115.16622161900034,-8.776544571999978],[115.16660308900009,-8.775791168999945],[115.16703796400009,-8.774930000999973],[115.16747284000007,-8.77395152999992],[115.16764831600017,-8.77325916299992],[115.16785430800019,-8.772498129999974],[115.16793823200021,-8.772116661999917],[115.16804504400011,-8.771650314999874],[115.16809082100008,-8.771355628999913],[115.16813659600007,-8.77071762099996],[115.16843414300013,-8.769691467999962],[115.16863250700021,-8.768478393999885],[115.16898345900006,-8.767337797999915],[115.16893005300005,-8.765861510999969],[115.1694030760001,-8.764822004999871],[115.169410706,-8.763463018999971],[115.16912841800024,-8.761320113999943],[115.16852569700006,-8.759204863999969],[115.16789245700022,-8.757611274999931],[115.16705322300004,-8.756625175999943],[115.16441345200008,-8.75444698399997],[115.16190338100012,-8.75199222599997],[115.16067504900025,-8.751547812999945],[115.1600494390002,-8.751012802999924],[115.15952301000004,-8.750320434999935],[115.15701294000007,-8.750389098999847],[115.15245819100005,-8.750477789999877],[115.15217590300028,-8.750280380999925],[115.15213775600012,-8.7473812099999],[115.15229797400002,-8.74710178399988],[115.155609131,-8.746979713999906],[115.15868377600009,-8.746840476999864],[115.15922546400009,-8.746091841999828],[115.15936279300001,-8.744525908999947],[115.16008758600003,-8.742963790999909],[115.16049957300015,-8.741138457999966],[115.16099548400007,-8.738783834999936],[115.16291046100014,-8.735409736999884],[115.16310119500008,-8.735084533999895],[115.16297149700006,-8.73474693299994],[115.16309356700003,-8.734478950999971],[115.16333007800029,-8.734468459999903],[115.16337585500025,-8.73403835299996],[115.16344451900011,-8.733506202999877],[115.16389465300006,-8.731839179999952],[115.16426849500021,-8.730355262999922],[115.16491699300002,-8.729182242999968],[115.16604614300002,-8.728077887999973],[115.16692352200005,-8.727288245999944],[115.16818237300004,-8.726262092999946],[115.16926574700017,-8.72438430799997],[115.16941833600004,-8.722899435999977],[115.16911315900018,-8.720653532999961],[115.16897583000002,-8.720137595999972],[115.16822815000023,-8.716981887999907],[115.16783142200006,-8.715948104999882],[115.1668624890001,-8.714037894999933],[115.16665649400022,-8.713320731999943],[115.16659545900006,-8.712771415999953],[115.16651153500004,-8.712432859999922],[115.16648101800001,-8.712085723999962],[115.16633605900006,-8.711482047999937],[115.16614532500012,-8.710935591999942],[115.16610717800006,-8.709427833999882],[115.16601562400012,-8.708569526999952],[115.16524505600012,-8.706617354999878],[115.16445159900013,-8.704839706999962],[115.16402435300006,-8.703411101999961],[115.16332244800003,-8.70270061399998],[115.16281127900004,-8.701468466999927],[115.16208648700001,-8.699517249999928],[115.16184234600007,-8.698866843999951],[115.1615905770002,-8.698250770999948],[115.1614608760002,-8.697542189999865],[115.16109466600005,-8.69723987599997],[115.16056060800008,-8.696715353999934],[115.15998077400013,-8.695896147999918],[115.15925598200022,-8.695521354999926],[115.15890502900004,-8.694681167999931],[115.15824127200005,-8.693711279999945],[115.15780639700006,-8.69342994699997],[115.1573257450001,-8.692664145999913],[115.15682220400004,-8.692152976999978],[115.15651702900016,-8.691744802999892],[115.15628814600007,-8.690752028999896],[115.15598297100018,-8.690217018999931],[115.1552963270002,-8.689476011999943],[115.15502166700003,-8.689093588999981],[115.15477752700008,-8.688683509999976],[115.15431976400009,-8.688012122999965],[115.15390777700009,-8.687478065999926],[115.15357971200001,-8.68706035599996],[115.15332794200015,-8.686700821999978],[115.15292358300019,-8.68570136999989],[115.15253448500016,-8.68547058199988],[115.15235900900018,-8.684910772999956],[115.15169525100009,-8.68422126799993],[115.15096282900015,-8.683276175999879],[115.15035247800017,-8.68263626099997],[115.1496353140003,-8.680163382999979],[115.14806366000016,-8.677999496999973],[115.14667511000016,-8.676510809999911],[115.14609527600032,-8.67489051799987],[115.14466094900001,-8.673357008999915],[115.14366149900013,-8.67179489099982],[115.14322662400014,-8.671309470999972],[115.14218139700006,-8.670680045999859],[115.14161682100007,-8.670536994999907],[115.14128112800006,-8.669834136999953],[115.1404647820001,-8.668658255999901],[115.14012146100015,-8.668235778999929],[115.13921356300034,-8.66754341199993],[115.13858795100009,-8.666813849999869],[115.13812255900018,-8.66595840499997],[115.13764953500004,-8.665534972999922],[115.1368713380001,-8.665149688999975],[115.13647461000016,-8.664892196999972],[115.13592529400012,-8.664278030999924],[115.1350708010001,-8.663739203999967],[115.13455963000013,-8.663610457999937],[115.13446044800014,-8.663276671999938],[115.133712768,-8.662893295999936],[115.13327789300001,-8.66223430599996],[115.13271331800013,-8.661861419999923],[115.13230133000002,-8.661730766999938],[115.1319580080002,-8.661429404999978],[115.13167572000009,-8.6610851289999],[115.13134765700022,-8.660741805999919],[115.1309051510002,-8.66042518599994],[115.13053131100003,-8.660095214999899],[115.13024902300003,-8.659852028999921],[115.12977600100021,-8.659578322999948],[115.12950134300002,-8.659192084999972],[115.12928009000007,-8.658805846999883],[115.12884521500007,-8.65851783599993],[115.12849426300022,-8.658388137999964],[115.12823486400009,-8.658101081999916],[115.12794494500008,-8.657843589999914],[115.12761688200032,-8.657513618999815],[115.12720489500009,-8.657112120999898],[115.12687683000001,-8.656896589999917],[115.12651824900013,-8.656894682999962],[115.12635040300006,-8.656608581999876],[115.12605285700033,-8.656307219999917],[115.1258239760001,-8.656049727999914],[115.1253509510002,-8.65577602299993],[115.12510681200013,-8.65527534399996],[115.12480926600006,-8.654989242999932],[115.12441253700001,-8.654559135999875],[115.12410736000004,-8.654372214999967],[115.12375640900007,-8.65407085299995],[115.12333679200003,-8.653740881999852],[115.12245178300009,-8.653350828999976],[115.12216949500021,-8.652850150999939],[115.12195587200006,-8.652523039999892],[115.12171936100003,-8.65234851699995],[115.12119293100022,-8.652389525999922],[115.12097930900029,-8.651953695999964],[115.12071990900017,-8.651496886999894],[115.1203460690001,-8.651212691999945],[115.11975860600012,-8.650839805999965],[115.11908722000032,-8.65038108799996],[115.11895751900022,-8.650206566999884],[115.11884307900016,-8.65001010799989],[115.11845398000003,-8.649790764999977],[115.11825561600006,-8.6497020729999],[115.11719512900004,-8.649220465999917],[115.11706543000003,-8.648981093999907],[115.11669159000019,-8.64856624499987],[115.11632537800006,-8.648346899999922],[115.11584472600009,-8.648192404999975],[115.11536407500023,-8.647774694999953],[115.11523437500011,-8.647690773999841],[115.11495971700015,-8.647531508999975],[115.11421966500006,-8.64710140099993],[115.11399078400018,-8.6468553549999],[115.11381530800008,-8.646753309999895],[115.11351776200013,-8.646695136999881],[115.11330413900009,-8.646403312999894],[115.11328887900015,-8.64629840899994],[115.11307525600012,-8.646316526999897],[115.11270141600005,-8.646162986999968],[115.11229705700009,-8.645863532999897],[115.11176300000011,-8.64556312399992],[115.11156463500004,-8.645527839999943],[115.11122894200014,-8.645330427999966],[115.110687256,-8.645237921999922],[115.11018371600017,-8.645163535999814],[115.10983276400009,-8.64510154699991],[115.10936737000009,-8.64495181999996],[115.10907745400004,-8.644845007999947],[115.10893249400021,-8.644889829999897],[115.10871124200003,-8.644873618999895],[115.1085433960003,-8.64498233699993],[115.1082916270002,-8.644901275999871],[115.1078796380001,-8.64488792499992],[115.10723877000021,-8.644624709999903],[115.10681152300026,-8.644460677999916],[115.10659790000011,-8.644376753999893],[115.1060562140002,-8.644219398999951],[115.10563659700006,-8.644078254999897],[115.10436248800022,-8.643445014999884],[115.1036682130001,-8.642794608999907],[115.10342407100029,-8.642544744999952],[115.10327148400006,-8.642404555999974],[115.10305786100002,-8.642445562999967],[115.1029205330002,-8.642251968999972],[115.10276031500007,-8.642028808999953],[115.10250854600031,-8.641545295999947],[115.10231781000016,-8.641144751999832],[115.10218811100003,-8.640789985999959],[115.102104187,-8.64054870699988],[115.10188293400006,-8.640236854999955],[115.10174560500002,-8.64010238599991],[115.10157012900004,-8.640018461999887],[115.10132598800021,-8.63983631099984],[115.1010971070001,-8.639760016999901],[115.10095214800015,-8.639728545999958],[115.10079193100012,-8.639708519999942],[115.10060882700009,-8.639751433999834],[115.10045623700023,-8.639987944999973],[115.10026550300006,-8.64032459099991],[115.09996032700008,-8.640378950999946],[115.09981536900011,-8.640196799999899],[115.0997848510001,-8.639997480999853],[115.09984588600014,-8.639791488999947],[115.09988403300031,-8.639448164999976],[115.09996032700008,-8.639180182999894],[115.09996032700008,-8.638818740999909],[115.099792481,-8.638057707999849],[115.09969329900002,-8.637564658999906],[115.09929657000009,-8.636849402999871],[115.09940338100012,-8.636322020999955],[115.09943389900002,-8.636179923999975],[115.09922027700009,-8.635691641999927],[115.09896850500002,-8.635037420999879],[115.09874725400016,-8.634605407999913],[115.09828949000007,-8.63323306899997],[115.09774780300017,-8.632752418999928],[115.09745788600003,-8.632304190999946],[115.09717559800015,-8.631936072999963],[115.09674072300015,-8.631679533999943],[115.09650421200001,-8.631470678999904],[115.09576416000004,-8.63129234299987],[115.09523773200021,-8.631114004999972],[115.09497070300006,-8.63076209999997],[115.09465789800004,-8.630399703999956],[115.09339904900003,-8.629452703999902],[115.09317779600008,-8.629050254999925],[115.09262085000023,-8.629008292999913],[115.09245300200018,-8.628771781999887],[115.0926437380001,-8.628419875999896],[115.09244537400025,-8.628046035999944],[115.09208679200003,-8.627348899999845],[115.09177398800011,-8.62675857499994],[115.09138488700034,-8.626511573999949],[115.09120178300009,-8.626216887999874],[115.09020996200002,-8.625084876999836],[115.08987426900023,-8.62482833799993],[115.08975982600009,-8.624553679999849],[115.08959198000002,-8.624278068999956],[115.08915710500003,-8.624197005999974],[115.08901214600007,-8.624020576999953],[115.08914947500011,-8.623609542999873],[115.0891189580002,-8.623432159999936],[115.08895874100017,-8.62320613899982],[115.08882904000018,-8.622842788999947],[115.08860015900018,-8.62256717699995],[115.08835601800013,-8.62231159199996],[115.08822631900011,-8.621996879999926],[115.0880432130001,-8.621731757999953],[115.08773040800008,-8.621416091999947],[115.08764648400006,-8.621219635999921],[115.0875549320001,-8.620917318999886],[115.08752441400009,-8.620789527999875],[115.08753967200005,-8.620630263999942],[115.08753967200005,-8.620486258999904],[115.08747863700012,-8.620358467999836],[115.08746337800017,-8.620215415999894],[115.0873489380001,-8.620130539999877],[115.08733368000026,-8.620032309999942],[115.08721923900009,-8.62006092099989],[115.087020875,-8.620334624999884],[115.08656311100003,-8.620361327999888],[115.08671569800015,-8.619940757999927],[115.08673858700001,-8.619754789999888],[115.08693695100021,-8.619451522999952],[115.08717346200001,-8.619021414999963],[115.08709716800001,-8.618805884999972],[115.08683776900023,-8.61870670299993],[115.08646392900016,-8.6191358559999],[115.08651733400006,-8.618420599999979],[115.08657073900008,-8.618097304999878],[115.08643341000004,-8.617704390999961],[115.0861892710002,-8.617506979999973],[115.08590698300009,-8.617243766999934],[115.08587646400031,-8.61690807399998],[115.08567810000011,-8.616338729999939],[115.08553314300002,-8.61611843199995],[115.08532714800015,-8.615895270999943],[115.08524322400001,-8.615830420999885],[115.08515167200005,-8.615257263999979],[115.08499908500028,-8.614953039999875],[115.08468627800005,-8.614637374999973],[115.08435821500018,-8.61424350699997],[115.08424377500012,-8.613743780999926],[115.08409118700013,-8.613379478999946],[115.08383178800011,-8.613385200999915],[115.08364105200008,-8.612922666999907],[115.08394622800029,-8.612349509999945],[115.08430481000016,-8.61188125599989],[115.08432006800001,-8.611097335999887],[115.08434295700022,-8.610499380999954],[115.08403015200031,-8.609936714999947],[115.08393859800003,-8.609438895999972],[115.08358001600004,-8.608819006999909],[115.08322143500027,-8.60811138199989],[115.08288574100004,-8.607698439999922],[115.08270263700001,-8.607472418999976],[115.0825119010002,-8.607167242999935],[115.08229827900027,-8.60696983299988],[115.0821838380001,-8.606832503999954],[115.08202362100008,-8.606742857999905],[115.08192443900009,-8.606605528999921],[115.08171081600005,-8.606437682999967],[115.0815124520002,-8.606289863999905],[115.08139038100012,-8.606122970999877],[115.08131408700001,-8.605987548999963],[115.08094787600021,-8.605777739999894],[115.08078003000003,-8.605536460999929],[115.08066558700023,-8.605390548999935],[115.08056640500001,-8.60528373699998],[115.08047485300006,-8.605144499999938],[115.08024597200006,-8.604884147999883],[115.0800170890002,-8.604508399999872],[115.07986450200008,-8.604193687999953],[115.07949066200001,-8.60379981999995],[115.07929229800015,-8.60353374499988],[115.07905578700002,-8.603239058999918],[115.07878875700032,-8.603167532999976],[115.07870483300019,-8.603014944999927],[115.07870483300019,-8.602921485999957],[115.0785293570002,-8.602628706999951],[115.07829284600007,-8.602323532999947],[115.07793426400008,-8.602195739999843],[115.07769012500023,-8.601948737999919],[115.07746887200028,-8.601770399999907],[115.0773239130001,-8.601769446999981],[115.07704925500013,-8.601709366999899],[115.07727813600013,-8.601308822999897],[115.07705688500005,-8.601170538999838],[115.07701110800008,-8.600983619999909],[115.0770950320001,-8.600713729999939],[115.07630920300016,-8.599931715999901],[115.0759658820001,-8.599567413999978],[115.07547759900012,-8.599289892999934],[115.07503509600019,-8.598886489999927],[115.07480621300033,-8.598179815999913],[115.07437133700023,-8.597805023999967],[115.07389831500018,-8.59739017399994],[115.07356262200005,-8.596899031999897],[115.07338714600007,-8.596554754999943],[115.07323455900018,-8.59617137999993],[115.07294464100016,-8.595817565999937],[115.07247924900003,-8.595433234999973],[115.07205963100012,-8.595361708999974],[115.07200622600021,-8.594999311999914],[115.07170868000014,-8.594635009999877],[115.07138824500032,-8.594700812999918],[115.07147216900012,-8.59438896099988],[115.07129669100004,-8.593888282999842],[115.07123565800009,-8.593515394999883],[115.0715179440001,-8.593096732999982],[115.07103729300002,-8.592645644999948],[115.07057189900013,-8.592314718999944],[115.06998443700002,-8.591928480999968],[115.06941223200033,-8.591651915999876],[115.06927490300006,-8.591337202999966],[115.06891632100007,-8.591184615999964],[115.06851959300013,-8.59056663499996],[115.06781005800008,-8.589724539999963],[115.0670700080002,-8.589547156999913],[115.06711578500017,-8.588932037999939],[115.06692504800003,-8.588739393999958],[115.0668106080002,-8.588451384999928],[115.0664291380001,-8.588449477999973],[115.06601715100021,-8.588118552999958],[115.06565856900022,-8.587857244999896],[115.06501769900012,-8.587347983999962],[115.0647048940001,-8.587059019999913],[115.06414032000009,-8.586631774999944],[115.06388092100019,-8.58623409199987],[115.06358337400002,-8.585671424999873],[115.06314849900002,-8.585368155999902],[115.0623397830002,-8.584761619999938],[115.061859131,-8.58460044799989],[115.0616226200001,-8.5841560369999],[115.06085967900015,-8.583947181999918],[115.0603408820001,-8.582740782999963],[115.06034851000004,-8.582218170999965],[115.06021118100011,-8.582199096999886],[115.05999755900007,-8.582037924999952],[115.05989074600018,-8.581919669999934],[115.059700012,-8.581417082999963],[115.05953216500006,-8.581064223999874],[115.05934906100003,-8.58076381799998],[115.05919647100018,-8.580464363999965],[115.05880737300015,-8.580099105999977],[115.05850982700008,-8.580045698999982],[115.05828857400013,-8.579830168999933],[115.05805969300013,-8.579593657999965],[115.05762481700003,-8.579517363999969],[115.05737304600007,-8.57937431299996],[115.0568389880001,-8.579128265999941],[115.05644226000015,-8.579201696999974],[115.05587768600014,-8.578747747999955],[115.0556564330002,-8.578587530999926],[115.05528259300002,-8.57844257399995],[115.05471801700003,-8.577929496999957],[115.054405212,-8.57777213999998],[115.0543212900003,-8.577483176999976],[115.0538864130001,-8.57711505899988],[115.0536575320001,-8.576809882999953],[115.05348968600003,-8.57684612199995],[115.05339050400005,-8.576767920999941],[115.05329132200018,-8.5765571579999],[115.05314636300022,-8.576489447999904],[115.05284881600016,-8.577033042999915],[115.05253601100014,-8.577175139999952],[115.05226135300018,-8.577017784999896],[115.05199432400002,-8.577016829999934],[115.05187225300006,-8.577116011999976],[115.05175781300022,-8.57709312299994],[115.05151367100007,-8.57701396899995],[115.05203247100008,-8.576687811999875],[115.05200958200021,-8.576347350999981],[115.05169677700019,-8.576249120999933],[115.05184936500018,-8.57601737999994],[115.0519332880001,-8.57591533599998],[115.05174255400016,-8.575839041999927],[115.05168914700005,-8.575627326999893],[115.05179595900017,-8.575472831999889],[115.05175781300022,-8.575312614999973],[115.05135345400004,-8.575396537999893],[115.05098724400011,-8.575298308999947],[115.05063629200004,-8.575039863999962],[115.05021667500012,-8.574697493999963],[115.04960632400014,-8.574344634999875],[115.049240112,-8.5743169779999],[115.04896545400004,-8.574127196999939],[115.04870605500014,-8.573892592999869],[115.04855346700015,-8.573680877999948],[115.04840087800005,-8.573335646999965],[115.04824829100005,-8.57276916499984],[115.04811096200001,-8.572291372999928],[115.04790496700014,-8.572212218999937],[115.04776763800021,-8.572123527999963],[115.04759216300033,-8.57211112999994],[115.04739379800003,-8.571954726999934],[115.04714965900018,-8.571776388999922],[115.04690551800013,-8.57161903399998],[115.04647827100018,-8.57116222299993],[115.04616546600016,-8.571038246999876],[115.0458908080002,-8.571147918999884],[115.04587554900002,-8.570853232999923],[115.0457916260001,-8.570614814999942],[115.04549407900015,-8.57055568699991],[115.0454559320001,-8.570446966999896],[115.04528808700013,-8.570256232999952],[115.04528045700022,-8.569857596999896],[115.04512786900023,-8.569535253999959],[115.04488372800017,-8.569334029999936],[115.04454040500025,-8.569354057999874],[115.04438018700012,-8.569387434999896],[115.04404449400022,-8.569307325999944],[115.04379272400013,-8.569217681999874],[115.04360199000018,-8.569083212999942],[115.04341125400003,-8.568982122999955],[115.04308319100016,-8.568774222999878],[115.0429916390002,-8.568558692999886],[115.04286193800021,-8.568402290999927],[115.04264831600028,-8.568334579999828],[115.04247284000019,-8.568211554999948],[115.04235839700004,-8.568144798999924],[115.04225158700024,-8.568033218999915],[115.04196167100008,-8.56756591699991],[115.04172515800008,-8.567475317999936],[115.04152679300012,-8.567385672999933],[115.04128265400027,-8.567217825999876],[115.04102325500003,-8.56712818099993],[115.04084777900005,-8.566993712999817],[115.04064178400017,-8.566760063999936],[115.0405197140002,-8.56654834699998],[115.04022979700028,-8.566335676999927],[115.04006958000014,-8.566202162999957],[115.0398025520002,-8.566200254999956],[115.03961181600005,-8.566044807999901],[115.03945922900016,-8.56586646999989],[115.03923034600007,-8.565742491999913],[115.03907013000003,-8.565575598999885],[115.03831482000021,-8.565104483999903],[115.03816986100003,-8.56490516699995],[115.03796386600015,-8.564737318999903],[115.03771209700017,-8.564612387999944],[115.03750610300017,-8.564491272999874],[115.03714752300016,-8.564233779999881],[115.03684997600033,-8.56387710599995],[115.03666687000009,-8.563723563999872],[115.03625488400007,-8.563454626999885],[115.03611755500003,-8.563368797999829],[115.03555297800017,-8.562938689999953],[115.03467559700027,-8.56217575099987],[115.03446197500023,-8.561989782999945],[115.0343017570001,-8.561832427999889],[115.0340499880001,-8.561681745999863],[115.03334808300008,-8.5610771179999],[115.03318786500006,-8.560876845999871],[115.03300476100003,-8.560670850999884],[115.03290557900004,-8.560480116999827],[115.0319900510001,-8.559752462999938],[115.03189086900011,-8.559675216999949],[115.03170013500028,-8.559481619999872],[115.03137970000012,-8.559228895999922],[115.0309600830002,-8.559028623999893],[115.03072357200006,-8.558719634999932],[115.03044128400018,-8.558553694999944],[115.03010559100017,-8.558444976999908],[115.02997589200004,-8.558320045999892],[115.02976226700002,-8.558261870999956],[115.0296249380001,-8.558692930999939],[115.02941894600008,-8.558713911999973],[115.02930450500014,-8.55862140499994],[115.02931976400009,-8.558441161999951],[115.02933502200005,-8.558020591999878],[115.02918243500017,-8.557822227999907],[115.02886963000014,-8.55761146499998],[115.02852630600012,-8.557379721999894],[115.02819061300033,-8.557125091999978],[115.02749633800022,-8.556905746999917],[115.02690887500012,-8.556360243999904],[115.02650451700015,-8.556199073999892],[115.02608490000011,-8.555722236999884],[115.02548980700021,-8.555402754999932],[115.02522277900027,-8.555137633999834],[115.02491760200019,-8.55490303099998],[115.02484130900018,-8.554904937999936],[115.02439880300017,-8.554605483999921],[115.0240249630001,-8.554434775999937],[115.0232543950001,-8.553933142999938],[115.02297210600011,-8.553638458999956],[115.02269744800014,-8.553501127999937],[115.0224304210002,-8.553307533999941],[115.02196502700019,-8.552886961999945],[115.02185821600017,-8.552695274999962],[115.0216064450002,-8.55261325899994],[115.021331787,-8.552736281999898],[115.02119445800008,-8.55226135199996],[115.02021026700015,-8.551961897999945],[115.01960754400011,-8.551592825999876],[115.01895141600016,-8.551085471999954],[115.01785278400007,-8.550616264999917],[115.01731109600018,-8.54986762999988],[115.01661682100018,-8.549242019999895],[115.0161590570001,-8.548979758999963],[115.015808106,-8.548599242999899],[115.01535797200006,-8.548453330999905],[115.01451873800022,-8.547863005999943],[115.01331329400011,-8.548445700999935],[115.01332092400003,-8.548077582999838],[115.01339721700003,-8.547646522999969],[115.01354980500025,-8.54744529699991],[115.01375579900002,-8.547350881999932],[115.01374816900011,-8.546976088999827],[115.01189422700008,-8.545733450999933],[115.01158905000011,-8.545251845999871],[115.01119995200008,-8.544453620999946],[115.01055908200033,-8.543476104999968],[115.0106353760001,-8.542815206999876],[115.01031494100016,-8.542061805999936],[115.01013946500018,-8.541584013999966],[115.01003265500003,-8.54113864899989],[115.01000213600025,-8.540858267999965],[115.00969695900017,-8.540798186999893],[115.00953674400012,-8.54088687899997],[115.00943756200013,-8.541080474999887],[115.00947570900018,-8.541266441999937],[115.00949859700006,-8.541527746999975],[115.00956726100003,-8.54171466799994],[115.0095825190001,-8.54193115299995],[115.00902557300003,-8.542051315999913],[115.00881958000014,-8.54196834499993],[115.00848388700001,-8.5418395989999],[115.00828552300004,-8.541775702999928],[115.00823974600007,-8.542039870999872],[115.00820922900016,-8.542284011999925],[115.00790405300017,-8.542356490999964],[115.00788879400022,-8.542101858999956],[115.00785064800004,-8.541773795999973],[115.00802612300015,-8.541553497999928],[115.0077819820001,-8.541329382999947],[115.00737762500012,-8.541129112999897],[115.00710296500006,-8.540889738999908],[115.00685119600018,-8.540811537999957],[115.00674438600004,-8.540792464999981],[115.00640869200015,-8.540808677999962],[115.00611877400013,-8.54067039399996],[115.00567626900022,-8.540578841999945],[115.00514984100016,-8.540349958999911],[115.00506591700014,-8.540349958999911],[115.0048751830002,-8.540527342999951],[115.00476074300013,-8.540853499999969],[115.00465393000002,-8.541040420999934],[115.00436401400009,-8.541069029999903],[115.00420379700006,-8.541029930999969],[115.00407409600007,-8.54076671599995],[115.00416565000012,-8.540420531999928],[115.0042343130001,-8.540304183999979],[115.00430297900004,-8.54017734599995],[115.00434875600001,-8.540008544999921],[115.00399017400002,-8.539934156999891],[115.00353241000016,-8.539692877999926],[115.00305938800011,-8.539548873999934],[115.00280761700014,-8.53951835499987],[115.00248718400019,-8.539522169999941],[115.00247192300026,-8.53928947399993],[115.00244140700022,-8.539024351999956],[115.00222015400016,-8.538859366999873],[115.00188446100015,-8.538738250999813],[115.00104522600009,-8.538096427999903],[115.00073242200017,-8.537839888999883],[115.00023651100003,-8.5378055569999],[115.00006866500019,-8.537540434999926],[115.00027465800008,-8.537436484999944],[115.00015258700023,-8.537271499999974],[114.99982452400002,-8.537054061999982],[114.99956512400001,-8.536955832999922],[114.99933624300002,-8.537252425999952],[114.99911499100017,-8.537519453999948],[114.99890899600007,-8.537481306999894],[114.99884796100014,-8.53728675799988],[114.998794556,-8.537085532999924],[114.99846649100016,-8.537120817999835],[114.99834442200006,-8.537444114999914],[114.99811553900008,-8.537580488999936],[114.99791717500034,-8.537489889999904],[114.99767303600015,-8.537358283999936],[114.99758911200013,-8.536928175999947],[114.99792480500014,-8.536607740999898],[114.99834442200006,-8.53654670599991],[114.99835968000014,-8.535949707999919],[114.99767303600015,-8.535759925999855],[114.99836731100015,-8.535514831999933],[114.99835968000014,-8.534478186999934],[114.9979400630001,-8.533916472999977],[114.99755096500007,-8.533497809999915],[114.99732971200001,-8.533770560999926],[114.99706268200009,-8.533799171999874],[114.99667358400006,-8.533654212999977],[114.99633789100005,-8.53352928199996],[114.99665832600022,-8.53338050799988],[114.9965972900003,-8.53314971899988],[114.9962692250001,-8.533052443999907],[114.99623870900007,-8.532716750999953],[114.99693298400018,-8.532107352999958],[114.99692535300017,-8.531571387999861],[114.9966506950002,-8.530895232999967],[114.995941162,-8.529231070999913],[114.99520111000004,-8.527584075999926],[114.99391174200014,-8.52716636599996],[114.99333953800021,-8.527169226999945],[114.9934921270002,-8.526938437999945],[114.99322509700005,-8.526758193999967],[114.99287414600008,-8.526714324999887],[114.99291992300004,-8.526493071999937],[114.9926986700001,-8.526332854999964],[114.99251556400009,-8.525950431999831],[114.99205780000023,-8.525548934999904],[114.99187469400022,-8.525569915999938],[114.99121093800011,-8.52489948199991],[114.9891510010001,-8.523036956999931],[114.98901367200006,-8.522514342999898],[114.988334656,-8.522093772999938],[114.98738098100023,-8.520712851999974],[114.98716735800008,-8.520870208999952],[114.98657989600008,-8.520835876999968],[114.98641204800026,-8.520411491999937],[114.98651123000013,-8.520062445999883],[114.98632812400012,-8.519754408999916],[114.98623657200017,-8.51912879899993],[114.98591613700023,-8.51888942599993],[114.98542022700019,-8.519029616999887],[114.98513031000005,-8.518607139999915],[114.98486328100012,-8.518377303999898],[114.98460388100011,-8.518136022999954],[114.98464965800008,-8.517757414999949],[114.98355102600033,-8.51722717299998],[114.98328399700017,-8.517081260999873],[114.98270416200012,-8.517077445999917],[114.98278045600034,-8.516696929999966],[114.98263549900003,-8.516516684999885],[114.98235321000004,-8.516059875999929],[114.98199462900004,-8.515682219999974],[114.98132324200003,-8.51543998699998],[114.98017883300008,-8.514502524999955],[114.97975158600002,-8.51469039899996],[114.97953796400009,-8.51473522099991],[114.97908020000011,-8.514677047999896],[114.97895812900003,-8.51431465099995],[114.97839355500003,-8.514091490999874],[114.97744751000016,-8.513914107999938],[114.97657776000017,-8.513572691999912],[114.97581481900022,-8.513155936999908],[114.97567749000007,-8.512816428999884],[114.97521972600009,-8.51243305099996],[114.97516632100019,-8.512252806999982],[114.97507476700002,-8.51205062799994],[114.97499847300014,-8.511785507999946],[114.97468566900022,-8.511529922999955],[114.97430419800014,-8.510766029999957],[114.97447204600019,-8.50989818499994],[114.97458648700001,-8.509644507999894],[114.97431945900007,-8.50941181199994],[114.97379302900003,-8.509333610999931],[114.97376251300022,-8.508726119999949],[114.97360229500009,-8.508612631999881],[114.97342681900011,-8.508637427999872],[114.9732437140002,-8.508367537999959],[114.97290802000009,-8.508027076999838],[114.97289276200024,-8.50769805899995],[114.97276306100014,-8.507457732999967],[114.9716262830002,-8.506674765999946],[114.97079467900016,-8.505672453999978],[114.96955108600002,-8.505495070999928],[114.96929168600002,-8.505439757999966],[114.9689254760001,-8.505346298999882],[114.96822357100018,-8.505206106999935],[114.96652984600007,-8.504178046999868],[114.96633911200001,-8.50387954699994],[114.96605682400002,-8.503630637999947],[114.9652252200002,-8.503313063999883],[114.96485138000014,-8.502832412999908],[114.96407318100012,-8.502348900999948],[114.96369934100017,-8.50213909099989],[114.96320343000002,-8.501878738999949],[114.9627075200001,-8.50171852099993],[114.96205139200015,-8.501526831999968],[114.96121978800022,-8.501166342999966],[114.96095275800019,-8.501352308999913],[114.960632325,-8.501657485999942],[114.96049499600008,-8.50168704999993],[114.96043396100015,-8.501468656999975],[114.96043396100015,-8.50116157499997],[114.96044921900011,-8.50090503599995],[114.96046447700019,-8.50081539099989],[114.96042633000013,-8.500716208999961],[114.96015930300018,-8.500794409999969],[114.95997619700006,-8.501099586999885],[114.95994567800017,-8.501307486999963],[114.95983886800002,-8.501515388999906],[114.95970916700003,-8.501484869999956],[114.9597015390001,-8.501247405999948],[114.9597015390001,-8.500999449999938],[114.95967865000011,-8.500802040999929],[114.95989990300018,-8.50058460299988],[114.95993805,-8.500416754999947],[114.95989227300004,-8.500297546999946],[114.95968627800005,-8.500336646999926],[114.9595718380001,-8.500315665999949],[114.95961761500007,-8.500147819999938],[114.95925140300017,-8.499863623999943],[114.95886993500005,-8.49961471499995],[114.95864105200008,-8.499345779999885],[114.95851898100011,-8.499137877999942],[114.95845794600018,-8.499079704999929],[114.95841979900013,-8.498899458999915],[114.95832824700017,-8.498721122999882],[114.95816803000014,-8.498571395999932],[114.95783233600025,-8.49855995099989],[114.95725250200007,-8.4985666259999],[114.95677185100021,-8.498504637999929],[114.95637512300004,-8.498384474999966],[114.95619201700003,-8.498353957999882],[114.95590209900001,-8.498322486999939],[114.95551300000022,-8.498151778999954],[114.95505523600002,-8.497921942999938],[114.9546585080002,-8.49777221599993],[114.95394134400021,-8.49743652299992],[114.95376586800023,-8.49739170099997],[114.95346832200016,-8.497197151999956],[114.95321655300017,-8.497070312999938],[114.95297241100002,-8.496568679999882],[114.9528656010001,-8.49620342299994],[114.95251464900002,-8.496131896999884],[114.95223999000007,-8.496177673999966],[114.95194244300012,-8.496039389999964],[114.95158386100013,-8.495605467999951],[114.9512710570001,-8.495376586999953],[114.95112609900002,-8.495090482999956],[114.95014953600003,-8.494448660999979],[114.94985962000032,-8.49410533899993],[114.94961547900016,-8.493865012999947],[114.94927215500013,-8.493647574999954],[114.94924163900009,-8.493283270999939],[114.94902038600003,-8.492961882999964],[114.94866180400004,-8.492919920999952],[114.94845581000004,-8.49270153099991],[114.94828033400006,-8.492617606999943],[114.94811248800022,-8.492411612999945],[114.94786071700003,-8.491898535999951],[114.94736480800032,-8.491372108999883],[114.94720459100017,-8.491280554999946],[114.94696808000003,-8.490846633999922],[114.9456939700001,-8.488553046999868],[114.94519042900026,-8.48773098099997],[114.94470214900002,-8.48703384299995],[114.94432830800008,-8.486076355999955],[114.94379425100021,-8.48556137099996],[114.94338226400032,-8.48522949099987],[114.94277954100028,-8.48481655199987],[114.94231414900014,-8.484301566999932],[114.941459656,-8.483625410999935],[114.94087982200006,-8.48290538699996],[114.94039154100005,-8.482573508999849],[114.93994903600014,-8.482012747999875],[114.93872070300017,-8.48077773999995],[114.936653137,-8.479025839999963],[114.93499755900018,-8.477707862999978],[114.934234618,-8.477169035999964],[114.93370056100014,-8.476779937999936],[114.9325866710002,-8.47591972299989],[114.93228912400014,-8.475565910999933],[114.9317932140001,-8.475315093999939],[114.93124389600018,-8.474969862999899],[114.93077087300003,-8.474633216999962],[114.93043518000002,-8.47447109199993],[114.92997741600004,-8.474233627999979],[114.92942047000008,-8.473908422999898],[114.9293212880001,-8.473920820999979],[114.92928314100004,-8.473858832999895],[114.92904663000013,-8.473808287999873],[114.92771911500029,-8.47300243299992],[114.92733764700017,-8.472865103999936],[114.9269638070001,-8.472640035999973],[114.92628479000018,-8.472458839999888],[114.92581939600007,-8.472298621999926],[114.92566680900029,-8.472076414999947],[114.92541504000019,-8.47203254699997],[114.92508697500011,-8.471830367999928],[114.92476654000018,-8.471539496999924],[114.92468261800013,-8.471378326999911],[114.92452240000023,-8.471204756999953],[114.92424011200012,-8.471030235999876],[114.92393493600014,-8.4709691999999],[114.92370605500003,-8.470936773999881],[114.92356872600021,-8.470925330999933],[114.92238617000021,-8.470211981999967],[114.9217376700002,-8.469828604999975],[114.9214096070001,-8.469689367999877],[114.92073059000018,-8.469411849999915],[114.9203033450001,-8.469124793999981],[114.91927337700008,-8.468570707999959],[114.9187850940001,-8.468557356999952],[114.91853332500023,-8.468482016999928],[114.91809081900033,-8.46839523199992],[114.91768646300011,-8.468192099999897],[114.91714477500022,-8.468009948999907],[114.91695404100005,-8.46799850399998],[114.916786193,-8.468008041999951],[114.91664123600003,-8.467954635999888],[114.91629791300011,-8.467889785999944],[114.9158859260001,-8.467676162999851],[114.91574096700003,-8.467403410999907],[114.91548156700014,-8.46714210599987],[114.91529846100002,-8.466807364999909],[114.91514587400013,-8.466608047999955],[114.914939881,-8.466445922999924],[114.9148254390002,-8.466346740999882],[114.91476440300005,-8.466259956999977],[114.9147262570001,-8.466098784999872],[114.91456603900019,-8.465850829999965],[114.9144973760001,-8.46562766999989],[114.91452789200014,-8.465277670999967],[114.91407775900029,-8.465494155999977],[114.91382598900009,-8.465940474999968],[114.91387176400008,-8.466410636999967],[114.91406250000023,-8.46679210699989],[114.91396331800001,-8.467188835999934],[114.9138031010001,-8.467187880999973],[114.91356659000019,-8.466951369999833],[114.91336822500023,-8.466503142999954],[114.9130554200002,-8.466109274999951],[114.9122848520002,-8.465703010999903],[114.9118728630001,-8.465287208999882],[114.91149139500021,-8.465161322999961],[114.91040039100017,-8.464479445999928],[114.9091568,-8.463678358999914],[114.90775299000006,-8.46280956299995],[114.90662384000007,-8.461987494999903],[114.90653991800002,-8.461623191999934],[114.9058609010001,-8.461519239999973],[114.9049377450001,-8.461066245999973],[114.9042663570001,-8.460872649999942],[114.903244018,-8.46033000899996],[114.90297699100006,-8.459937095999976],[114.90256500200007,-8.459655761999954],[114.90203857400013,-8.459664344999965],[114.90154266400009,-8.459140777999892],[114.90020751900022,-8.458742141999949],[114.89855957100008,-8.457917213999906],[114.89689636300011,-8.457220075999885],[114.89582061800002,-8.456778525999937],[114.89440154900012,-8.45623397799983],[114.89270019500009,-8.45540237399996],[114.89196777300003,-8.455230712999935],[114.89087676900022,-8.45485591799985],[114.88954925400003,-8.454277992999891],[114.88807678300009,-8.453509329999974],[114.88793182300003,-8.453162192999969],[114.88832855200008,-8.452933309999935],[114.88774108900009,-8.452775954999879],[114.88753509500009,-8.452775000999964],[114.88661956700003,-8.452155113999936],[114.8861770640001,-8.452084540999977],[114.88511657700019,-8.451507567999897],[114.8846588130001,-8.451355933999878],[114.88405609200004,-8.450781821999897],[114.88381195000011,-8.450525282999934],[114.88366699100015,-8.450243948999969],[114.88346099900014,-8.450031278999973],[114.88298797700008,-8.450209617999974],[114.88261413600014,-8.450328825999975],[114.88169860900018,-8.450366019999876],[114.88092804000007,-8.450358389999963],[114.88050842300026,-8.449738502999935],[114.88036346400008,-8.449478147999969],[114.88027191200001,-8.449728011999923],[114.88024902300015,-8.450141906999875],[114.87968444900014,-8.450499533999903],[114.87786102400003,-8.450033186999974],[114.8772583010001,-8.44983863799996],[114.87483215400005,-8.449045180999917],[114.87431335500003,-8.448745726999903],[114.87300872900005,-8.448228834999952],[114.87066650400016,-8.447424888999876],[114.8686981200002,-8.446766853999975],[114.86557769800004,-8.445481300999916],[114.86395263700001,-8.445027351999954],[114.86245727500011,-8.444408415999874],[114.86231994600018,-8.444057463999968],[114.86181640700022,-8.444149970999888],[114.86027526800012,-8.443515776999902],[114.85820770300006,-8.442596435999974],[114.85642242400002,-8.44205570299988],[114.85406494100005,-8.441082954999956],[114.85333252000032,-8.440420150999955],[114.85333252000032,-8.439805029999945],[114.85309600800008,-8.439588546999971],[114.85318756000004,-8.43933296299997],[114.85305786200001,-8.43924999199993],[114.85221862800017,-8.43833541899994],[114.8512496950002,-8.437756538999906],[114.85031890800019,-8.438098907999972],[114.84989929100004,-8.43871402699989],[114.84947204600007,-8.439012527999978],[114.84868621900023,-8.438873290999936],[114.84735107400013,-8.438458441999899],[114.84597015400027,-8.438095091999855],[114.84510040400005,-8.437837599999966],[114.84400177000009,-8.437558174999936],[114.84289550800008,-8.437243461999913],[114.84238433900032,-8.43696403399997],[114.84174346900022,-8.436991690999946],[114.84110259900001,-8.43683433599989],[114.8404846200001,-8.436656951999964],[114.83941650500003,-8.436413763999894],[114.83854675200018,-8.436147688999938],[114.83794403100012,-8.435832023999922],[114.8375015250001,-8.435987470999976],[114.83672332900016,-8.435809134999886],[114.83547973600002,-8.435524939999937],[114.83506774900002,-8.435167312999965],[114.83484649600007,-8.435355185999981],[114.83440399200003,-8.435380934999898],[114.83342742900015,-8.43518543099998],[114.8324890130001,-8.435140608999916],[114.83198547400013,-8.435113906999902],[114.83086395200007,-8.435088156999939],[114.82981109700006,-8.43513774899992],[114.82877349900002,-8.435100554999963],[114.82797241100002,-8.435154914999941],[114.82689666800002,-8.435101508999878],[114.82618713300008,-8.434907912999847],[114.82580566500008,-8.43484306299996],[114.82535552900003,-8.43489551499988],[114.8249816890002,-8.43479442499995],[114.82435607900004,-8.434411049999937],[114.82398223900009,-8.434029578999912],[114.82333374100006,-8.433828352999967],[114.82268524100004,-8.433570860999964],[114.82230377300027,-8.433371543999897],[114.82170868000014,-8.432612417999962],[114.82109832700019,-8.431960104999916],[114.82035064700017,-8.431394575999946],[114.81988525500003,-8.431138038999961],[114.81925201500019,-8.431000709999921],[114.8181991580002,-8.431006429999968],[114.8177871710003,-8.430853842999966],[114.81751251100002,-8.430417059999968],[114.81745147800018,-8.429815291999944],[114.81758117700019,-8.42929363199994],[114.817718506,-8.428689001999885],[114.81758117700019,-8.428150175999974],[114.81724548400018,-8.4275074009999],[114.81703948900008,-8.426928518999887],[114.81668853800011,-8.42617893199997],[114.81616211000005,-8.425654411999972],[114.81577301000004,-8.425271986999974],[114.81577301000004,-8.425098418999823],[114.81508636500018,-8.42504978099987],[114.81420898400006,-8.42501449499997],[114.81341552700007,-8.424646376999874],[114.81259155300017,-8.4243984229999],[114.81171417200005,-8.423816680999892],[114.8106460570001,-8.423477171999878],[114.80943298300008,-8.423045156999933],[114.80876159600007,-8.422768591999954],[114.80815124500009,-8.422296523999876],[114.80799102800006,-8.422335623999913],[114.80751037500022,-8.42220687799994],[114.80683136000005,-8.421698568999886],[114.80606842000032,-8.421365737999963],[114.80577087400002,-8.420833587999823],[114.80551910400004,-8.420327186999941],[114.80534362800006,-8.419644354999946],[114.8053741450002,-8.41883659299998],[114.80523681600005,-8.418545723999955],[114.80523681600005,-8.417813301999956],[114.80498504700017,-8.417331694999973],[114.80461120600023,-8.416672705999872],[114.80464935300006,-8.416530608999949],[114.80434417700008,-8.416050911999946],[114.80383300800008,-8.41573715199985],[114.80343627900004,-8.415247916999931],[114.80274200400004,-8.414788244999954],[114.80223083500016,-8.41439914699987],[114.8017501830002,-8.414079666999953],[114.80054473900009,-8.413234709999927],[114.79979705800008,-8.412875175999943],[114.79884338400007,-8.412514685999952],[114.79837036200001,-8.412364958999888],[114.79668426500007,-8.411849974999939],[114.79579925600012,-8.411458968999966],[114.79541015600023,-8.41138744299991],[114.79410552900003,-8.410873411999944],[114.79288482700008,-8.410534857999892],[114.79216003300019,-8.410306929999877],[114.79119110000022,-8.409864424999967],[114.79067993100011,-8.409398077999981],[114.79012298500004,-8.40906810699994],[114.7898559570001,-8.409467695999979],[114.78861236700027,-8.409646986999974],[114.7850723260002,-8.408741951999957],[114.78168487500011,-8.407697677999977],[114.77866363600003,-8.406967163999923],[114.77619934000006,-8.406362532999935],[114.77558135900017,-8.406204222999975],[114.77423858600002,-8.405979156999933],[114.77196502700008,-8.405097007999927],[114.7698822020003,-8.404619215999901],[114.76773071300022,-8.404017447999934],[114.76596069300012,-8.403572081999869],[114.76506805400004,-8.403216362999956],[114.7651062010001,-8.403131483999914],[114.76388549800015,-8.402813911999942],[114.7624816900003,-8.402309417999959],[114.76087188700023,-8.401891707999937],[114.75902557300003,-8.401354788999981],[114.75794220000023,-8.401203155999895],[114.75614929300014,-8.400520323999956],[114.75530242900004,-8.40042781699998],[114.75412750300018,-8.40027522999992],[114.75227355900006,-8.399712561999934],[114.7522048960002,-8.39977168899992],[114.75124359100016,-8.399739264999937],[114.74956512500012,-8.39934444399995],[114.74785614000007,-8.399060247999955],[114.74435424800004,-8.398298262999958],[114.74211883600003,-8.397983549999935],[114.74016571100015,-8.39756011999998],[114.73787689200003,-8.397355078999908],[114.73630523600002,-8.396988868999813],[114.73476409900013,-8.396512983999969],[114.73317718400006,-8.39652919699995],[114.73353576600005,-8.395824431999927],[114.73117828300008,-8.395778656999937],[114.72937011800013,-8.39583682999995],[114.72901916500018,-8.396482466999942],[114.72546386800002,-8.396428107999952],[114.7183303830002,-8.396437644999935],[114.71552276700004,-8.396455763999938],[114.71117401100014,-8.39673709899995],[114.70610809300001,-8.397013664999974],[114.7029418950001,-8.39718341799994],[114.70088958600002,-8.397171019999973],[114.69670868000026,-8.397555349999948],[114.69318390000012,-8.39787578499994],[114.69071197400001,-8.398303984999927],[114.68708801200023,-8.398521422999977],[114.68421173000013,-8.398913383999968],[114.68136596600004,-8.398999212999968],[114.67977905200019,-8.398945807999894],[114.67898559500031,-8.399129866999942],[114.6744384770002,-8.399744987999952],[114.6710739140002,-8.40028381299993],[114.66864013700001,-8.400687216999927],[114.66839599600019,-8.400727270999937],[114.66821289000006,-8.400757789999886],[114.6672439570001,-8.400861739999868],[114.66584777900005,-8.401078222999956],[114.66535949600006,-8.401140212999906],[114.6646194460003,-8.401276586999927],[114.66397857700031,-8.401312828999892],[114.6633605950002,-8.401478766999958],[114.66261291500007,-8.401586531999897],[114.66188812300004,-8.40175914699995],[114.66111755300005,-8.40187930999997],[114.66036987300015,-8.401947975999974],[114.65953064000007,-8.40214347799997],[114.65905761600004,-8.402221678999979],[114.65850067200017,-8.402362822999919],[114.65760040300017,-8.402563094999948],[114.65687561100003,-8.402751920999947],[114.65592956500006,-8.402931211999942],[114.65532684400011,-8.403023718999975],[114.65492248500027,-8.40310191999987],[114.65392303500005,-8.403341293999972],[114.6523132320001,-8.403702735999957],[114.65154266400009,-8.40393638699993],[114.65068054100016,-8.404157636999912],[114.65017700200008,-8.404169082999886],[114.64937591500018,-8.404287337999904],[114.64868164000006,-8.404471396999952],[114.6481018070001,-8.404560088999915],[114.64727020300006,-8.404702184999962],[114.64646911600028,-8.404973029999951],[114.64603424100005,-8.40508174799993],[114.64526367200006,-8.405253410999876],[114.64453887800005,-8.40540790599988],[114.64399719300013,-8.405544279999901],[114.64331817600021,-8.405760764999968],[114.64266204800003,-8.405848503999948],[114.64214324900001,-8.406019209999954],[114.64065551800013,-8.406321525999886],[114.64027404800004,-8.406395911999937],[114.63976287900005,-8.406468390999976],[114.63932800400005,-8.406514167999944],[114.63892364500009,-8.406578062999927],[114.6383361820001,-8.406727789999934],[114.63788604700005,-8.406828879999978],[114.63748169000007,-8.406833647999974],[114.63696289100005,-8.406837462999874],[114.63658905100021,-8.406765936999818],[114.63618469200003,-8.406916618999958],[114.635643006,-8.407027243999948],[114.63521575900006,-8.406990049999877],[114.63484954900014,-8.407127380999952],[114.63457489100017,-8.407188413999961],[114.63412475500002,-8.40728282899994],[114.63368988000002,-8.407336235999935],[114.63330078100012,-8.407458303999817],[114.63275146600006,-8.407535552999889],[114.63238525400004,-8.407637594999926],[114.63176727200016,-8.407452583999941],[114.63126373300008,-8.407422064999935],[114.6306991570001,-8.40741157499997],[114.63034057600021,-8.407569884999873],[114.62981414800015,-8.407555578999961],[114.62931060700032,-8.407518386999925],[114.62857055700022,-8.40739536399991],[114.62808990500002,-8.407475469999895],[114.62760925200018,-8.407507896999903],[114.62688446100015,-8.407325744999923],[114.62615203900009,-8.407294273999923],[114.62543487500011,-8.407275199999958],[114.6247634890002,-8.407382965999886],[114.62372589100028,-8.407526014999974],[114.62313079800015,-8.407543182999973],[114.62277221600016,-8.40761756899991],[114.6220397940001,-8.407453536999867],[114.62124633700012,-8.40715312999987],[114.62056732200017,-8.406786917999966],[114.61991882200016,-8.4067068089999],[114.61922454900002,-8.40652847299998],[114.61832428000002,-8.406192779999913],[114.61748504600007,-8.4060144419999],[114.61668396000005,-8.40601634899997],[114.61595916700003,-8.405588148999868],[114.61547088600003,-8.405365943999868],[114.61501312200016,-8.405223846999945],[114.61448669500021,-8.405290602999969],[114.61377716100014,-8.405279159999964],[114.6130981450001,-8.405233382999938],[114.61251831000015,-8.405191420999927],[114.61192321700003,-8.405166626999915],[114.61121368400018,-8.405037880999942],[114.61045837400002,-8.404858589999833],[114.6091842640003,-8.404493332999891],[114.6082611080003,-8.404251098999907],[114.60745239300013,-8.403975485999922],[114.60685730000012,-8.403779983999925],[114.60627746500006,-8.403756140999917],[114.60561370900007,-8.403564451999955],[114.60522460900017,-8.403276442999925],[114.60488891500006,-8.402767181999877],[114.60488891500006,-8.402266500999929],[114.60488128700001,-8.402052878999939],[114.60467529300001,-8.400289535999946],[114.6042022710003,-8.400376319999964],[114.6035842890002,-8.400456428999917],[114.6028900140002,-8.400695799999937],[114.60231018200034,-8.401038168999833],[114.60179901100003,-8.401512145999959],[114.60133361900012,-8.40189266099992],[114.5999679570001,-8.402487753999935],[114.59921264700029,-8.40286636399992],[114.59827423000002,-8.403197286999955],[114.59754180900006,-8.403342245999966],[114.59613800000022,-8.403235435999932],[114.59481811600006,-8.40311050299988],[114.59418487600021,-8.402850150999939],[114.59362030000023,-8.402519224999878],[114.59201812700007,-8.402017593999972],[114.59111786000017,-8.401872634999961],[114.59028625600001,-8.401782988999969],[114.5879592890002,-8.401296615999968],[114.58689880400004,-8.400887488999956],[114.58602142400014,-8.40038680999993],[114.58442687900015,-8.399436950999927],[114.58293151900023,-8.398735045999956],[114.58152008000002,-8.39827251399987],[114.58096313400017,-8.397746086999916],[114.58061218300031,-8.39694881399987],[114.58080291700014,-8.396360396999967],[114.58132171600016,-8.39536762299997],[114.58103942800005,-8.394916533999947],[114.58057403600026,-8.39404392299997],[114.57998657300004,-8.393526076999933],[114.57952880900007,-8.393093108999949],[114.5792007440001,-8.392819403999965],[114.57852172900004,-8.392179487999954],[114.57801818900009,-8.391839026999946],[114.57698059000018,-8.390915870999947],[114.57618713300008,-8.389994620999914],[114.57525634700005,-8.388978957999939],[114.57491302500023,-8.388452528999949],[114.57543945300006,-8.388119697999969],[114.5752944940001,-8.387748717999898],[114.57485199000007,-8.387227058999827],[114.57427978600015,-8.38646125799994],[114.57369995100021,-8.385787008999955],[114.57448577800017,-8.385190962999957],[114.57514190600023,-8.384782791999896],[114.57592773500016,-8.384845731999974],[114.57583618100023,-8.384692191999875],[114.57573699900001,-8.384456633999946],[114.57568359400011,-8.384329795999975],[114.57550811800002,-8.384105681999927],[114.57532501200012,-8.383861540999874],[114.575172425,-8.383672714999875],[114.57501983600025,-8.383460997999975],[114.57487487900005,-8.38329029199997],[114.5745773320001,-8.382890700999951],[114.57437896800002,-8.382654189999926],[114.57421875000023,-8.382464407999919],[114.5741119380001,-8.382359504999954],[114.57387542700019,-8.382043837999959],[114.57359313900008,-8.38175392199986],[114.57347869800014,-8.381617545999916],[114.57340240500014,-8.38151836399993],[114.57296752900004,-8.381135940999968],[114.57261657800018,-8.380834578999895],[114.57243347200017,-8.380660055999954],[114.57234192000021,-8.380568503999939],[114.57226562400012,-8.380502700999955],[114.57218170200008,-8.380421637999916],[114.572113037,-8.38036250999994],[114.57204437300004,-8.380309104999924],[114.57197570800008,-8.380244253999933],[114.57190704400011,-8.380175590999897],[114.57184600900007,-8.380113600999948],[114.57177734400022,-8.380060194999942],[114.57170105000012,-8.379985808999947],[114.57161712600009,-8.379911422999896],[114.57153320200007,-8.379833221999945],[114.57145690900006,-8.37976455699993],[114.57137298500004,-8.379675864999967],[114.57108306900022,-8.379415512999913],[114.57078552200005,-8.379113195999935],[114.57057953000003,-8.378838537999968],[114.57044982900004,-8.378669737999928],[114.57024383500004,-8.378248214999871],[114.5700759890002,-8.377981185999886],[114.5698471080002,-8.377599714999974],[114.56948852600021,-8.37716579499994],[114.56916046100014,-8.376867292999918],[114.56879425100021,-8.376571654999964],[114.56842041100003,-8.376217842999836],[114.56816101100003,-8.37601852399996],[114.56809997600021,-8.375755308999942],[114.56800842200028,-8.375576019999926],[114.56775665300017,-8.375353812999947],[114.56756591900034,-8.375023841999962],[114.5674057010001,-8.374737738999954],[114.56724548400007,-8.374520300999961],[114.56679535000012,-8.37400245699996],[114.56651306200001,-8.373677253999858],[114.5662460320001,-8.373455047999926],[114.5660171510001,-8.37326717399992],[114.56552124000007,-8.372748374999901],[114.56542968800011,-8.372459411999898],[114.5652923570002,-8.372256279999874],[114.56517791700014,-8.372153281999886],[114.5649642940001,-8.371910095999908],[114.56468963600014,-8.37163829799988],[114.56438446000016,-8.371496198999978],[114.56415557900004,-8.371277808999935],[114.56399536100002,-8.371125221999932],[114.56390380900007,-8.371047972999975],[114.56333923300008,-8.370795248999968],[114.56297302300015,-8.370584488999953],[114.56266021700003,-8.370403289999956],[114.56238555900018,-8.370215415999951],[114.56144714400011,-8.369671820999827],[114.56119537300015,-8.36938476499995],[114.5609054570001,-8.36920833499994],[114.5601043690001,-8.36865711099989],[114.55970001300022,-8.368361471999947],[114.5593872080002,-8.368127823999885],[114.55867767300003,-8.36769580799995],[114.55827331600005,-8.36748027799996],[114.55790710400026,-8.36724948799997],[114.55764007600021,-8.36705017099996],[114.5571746820001,-8.366680145999908],[114.55674743700001,-8.366483688999892],[114.5564346320001,-8.366303442999936],[114.5562286380001,-8.366127014999961],[114.5560455320001,-8.365747451999937],[114.55603027300015,-8.365515708999851],[114.55631256100003,-8.365391730999875],[114.55638122500022,-8.365205763999938],[114.55647277900016,-8.365050314999962],[114.55661010800009,-8.36476802899989],[114.55656433100012,-8.36456966399993],[114.5565032950002,-8.36434841199997],[114.5564346320001,-8.364147186999958],[114.55624389600018,-8.363863943999945],[114.55608367800005,-8.363560676999896],[114.555793762,-8.363269805999892],[114.55557250900029,-8.363021849999939],[114.55541992200006,-8.36286067899988],[114.5553283700001,-8.362784385999873],[114.554870606,-8.36236095399994],[114.55455017100007,-8.362077712999962],[114.55432891800001,-8.361874580999938],[114.55415344300013,-8.361660957999959],[114.55384063800011,-8.36127662499996],[114.553634643,-8.360971450999898],[114.55345153800022,-8.360745429999952],[114.55333709700005,-8.360638617999882],[114.55300903400018,-8.360261917999935],[114.55269622700018,-8.359951972999909],[114.55240631100014,-8.359710693999943],[114.55217743000014,-8.359538078999947],[114.55165863100012,-8.35909938799989],[114.55133056600005,-8.358822822999969],[114.55106353800034,-8.358585356999924],[114.55042266800024,-8.35811614999983],[114.54999542300015,-8.357793806999894],[114.54963684100017,-8.357522011999947],[114.54937744100005,-8.357344625999929],[114.54856872600033,-8.356779098999937],[114.54814147900004,-8.356479644999979],[114.54792785600023,-8.356314657999974],[114.54739379900002,-8.355944632999922],[114.54695892300026,-8.355599403999975],[114.5466690070001,-8.355350494999868],[114.54629516700004,-8.354866981999919],[114.54607391400032,-8.354527473999894],[114.54592895500014,-8.354294775999904],[114.54585266100003,-8.354111671999874],[114.545799256,-8.35375213499998],[114.54578399600018,-8.353523253999924],[114.54565429700017,-8.353313444999912],[114.54555511500007,-8.353122710999912],[114.54539489700005,-8.35273170499994],[114.54526519900014,-8.352472304999935],[114.54524231000005,-8.35230159699995],[114.54518127500012,-8.352091789999974],[114.54516601600017,-8.352004050999938],[114.54520416300022,-8.35160732199995],[114.54523468000002,-8.35144710499992],[114.54529571500018,-8.351299284999868],[114.54532623400007,-8.35112762499989],[114.54545593300008,-8.351181984999926],[114.54551696800024,-8.350873947999958],[114.54563140800008,-8.35053157699997],[114.54560089200004,-8.350084305999872],[114.54554748500004,-8.34975623999992],[114.54553222600009,-8.349230765999948],[114.5457153320001,-8.349040031999891],[114.54537200900006,-8.348832129999948],[114.54527282700008,-8.348240851999947],[114.54505157400013,-8.348009108999975],[114.54486084000018,-8.347789762999923],[114.54463195900007,-8.347220420999975],[114.5441970830002,-8.346755981999934],[114.54379272500012,-8.346355437999932],[114.54356384200014,-8.346045493999952],[114.54328918400017,-8.34582614899989],[114.5425796510001,-8.34538841299991],[114.54203033500016,-8.345032691999961],[114.54138183700013,-8.344726561999948],[114.5408859260001,-8.344544410999902],[114.54055023300009,-8.344285010999954],[114.53957367000021,-8.343422888999953],[114.53873443500015,-8.342981337999902],[114.53819275,-8.342688558999896],[114.53694152900027,-8.341972350999981],[114.53609466600028,-8.341639517999965],[114.53553009000007,-8.34132194499989],[114.53419494700006,-8.340739249999842],[114.53310394400012,-8.340398788999892],[114.53180694600007,-8.339951515999928],[114.5308380130001,-8.339650153999969],[114.530197143,-8.339421270999935],[114.52902984600018,-8.338859556999921],[114.52819824200014,-8.338404655999966],[114.52757263200021,-8.33804130599998],[114.52667999300002,-8.337378502999968],[114.52601623500016,-8.336848257999975],[114.52551269600008,-8.336396216999958],[114.52458190900006,-8.33562374099995],[114.52374267500011,-8.33473300899982],[114.52359771800013,-8.334513663999871],[114.52443695000011,-8.33370017999988],[114.52358245800008,-8.33376598399991],[114.52282714800015,-8.333526609999922],[114.52179717900026,-8.332626342999959],[114.52130889900002,-8.331377028999952],[114.52065277100007,-8.33047962199987],[114.52008819600019,-8.329864500999975],[114.51972198400006,-8.32816886899991],[114.51949310300006,-8.32713317799994],[114.51930999800027,-8.3261442189999],[114.5189819340003,-8.3252019869999],[114.51889801100003,-8.323884962999841],[114.51933288600003,-8.322570800999927],[114.5190124510001,-8.321205139999961],[114.5196304320001,-8.319986342999925],[114.51937866300023,-8.31864356999995],[114.51962280200007,-8.317798614999958],[114.51986694400034,-8.316719054999965],[114.52082061800002,-8.315266608999934],[114.520866393,-8.314252853999903],[114.52053833000014,-8.314304351999908],[114.52054596000005,-8.313573836999979],[114.52064514200003,-8.312538145999895],[114.52020263700001,-8.310913084999981],[114.5192642210003,-8.308970451999926],[114.51845550500002,-8.307613372999981],[114.51756286600016,-8.306211471999916],[114.51643371500006,-8.305393218999882],[114.51522064100004,-8.304348944999902],[114.51373291100003,-8.30321407199989],[114.51283264200003,-8.302622793999888],[114.51211547800006,-8.301941871999873],[114.51114654500009,-8.30173301699989],[114.50947570900007,-8.300506591999977],[114.50885009700016,-8.300097465999954],[114.50781249900012,-8.298648832999902],[114.50731659000007,-8.298240660999966],[114.50628662200006,-8.297197341999947],[114.50524902400002,-8.296380041999953],[114.50457763700001,-8.295475006999936],[114.5044557120001,-8.295352126999887],[114.50438699900019,-8.295480999999882],[114.50389896400009,-8.294883013999879],[114.50389899372954,-8.29488299230718],[114.503242,-8.294077],[114.502182,-8.292806],[114.500641,-8.291499],[114.49913800000013,-8.290051],[114.497894,-8.288563],[114.497589,-8.288169],[114.49758909354694,-8.288168888754171],[114.49486541700003,-8.285572052999896],[114.49320220900006,-8.284476278999932],[114.49204254200015,-8.283599852999942],[114.49073791600017,-8.282868385999905],[114.48892974900002,-8.281915663999882],[114.48893737700018,-8.280612944999916],[114.48836517300003,-8.279233932999944],[114.48699188300009,-8.278429030999973],[114.48605346700015,-8.277410507999889],[114.4845275880001,-8.276893615999938],[114.483734131,-8.275658607999958],[114.48287201000005,-8.274060248999888],[114.48258972200017,-8.272973059999913],[114.48259735200008,-8.2718868259999],[114.48217010500014,-8.27072620399997],[114.481346131,-8.269165038999972],[114.48047638000003,-8.268146513999966],[114.47969055100032,-8.26640415199995],[114.47918701200012,-8.265026091999971],[114.47927093400017,-8.263433455999916],[114.47877502500023,-8.262200354999948],[114.47791290300017,-8.26060199799997],[114.47653961100002,-8.259290693999901],[114.47524261500018,-8.257906913999875],[114.47422790500002,-8.256598472999883],[114.47293090900007,-8.254780769999968],[114.47200012300016,-8.253037452999934],[114.47135925300006,-8.251078605999965],[114.47089385900006,-8.250026701999957],[114.47017669700006,-8.247922895999977],[114.46968078700024,-8.246399879999899],[114.46852874800004,-8.24487209299997],[114.46730041500007,-8.243344306999973],[114.46629333600004,-8.242107390999934],[114.46514129700017,-8.24108696099995],[114.46420288000002,-8.23977851899997],[114.46369934100005,-8.238834379999957],[114.46290588400007,-8.237525938999966],[114.46196746800001,-8.236507415999938],[114.46117401100003,-8.235706328999925],[114.46081542900004,-8.234834669999941],[114.45922088700001,-8.23366069799988],[114.45855712800028,-8.232597350999981],[114.45756530700021,-8.23153495799994],[114.45589447100019,-8.23096942899997],[114.45523071200023,-8.2306318279999],[114.45467376600016,-8.2299060819999],[114.45446014400022,-8.22901534999994],[114.45429992600009,-8.227903365999907],[114.45419311600017,-8.226458549999961],[114.45364379800003,-8.225565910999876],[114.45269775400004,-8.224726676999978],[114.45165252700019,-8.223386763999883],[114.45087432800005,-8.222437858999967],[114.44974517800006,-8.220125197999948],[114.44852447500023,-8.218783377999955],[114.44770813000002,-8.21677875399996],[114.44721984900002,-8.214664459999938],[114.4465637210003,-8.21232700299987],[114.44618225100021,-8.210158348999926],[114.4454116820001,-8.208875655999975],[114.4448165890002,-8.206593513999962],[114.44418335000012,-8.204839706999962],[114.443412781,-8.203446386999872],[114.44331359900002,-8.201834678999944],[114.44309997600033,-8.200555800999894],[114.44255065800019,-8.198440551999965],[114.44211578300019,-8.196938513999953],[114.4417877200001,-8.195324896999978],[114.44158172500022,-8.193768500999909],[114.44103241000016,-8.19187545699998],[114.44056701700015,-8.190567015999875],[114.44023895200007,-8.1893434509999],[114.43980407700008,-8.187506674999952],[114.43914794900013,-8.185892103999947],[114.43865203800021,-8.184332846999894],[114.43766021700014,-8.182882307999876],[114.43594360400027,-8.181427001999907],[114.43466186600006,-8.18058586099994],[114.4335632320001,-8.179079054999875],[114.43357086200024,-8.177912712999955],[114.43407440100009,-8.17663764799994],[114.43369293300009,-8.175857543999882],[114.43288421500017,-8.175213813999903],[114.43233490000011,-8.174376486999904],[114.43178558400018,-8.173428534999971],[114.43173980700021,-8.172095297999817],[114.43208313000002,-8.17065334299997],[114.4325866690001,-8.169934271999978],[114.43342590300006,-8.16910648299995],[114.4334335330002,-8.16832828399987],[114.43315887500034,-8.167215346999967],[114.4332809440001,-8.165994643999966],[114.43395996100003,-8.164998054999955],[114.43463134700016,-8.164058685999919],[114.43502807600021,-8.162949561999824],[114.4365386960003,-8.161959647999879],[114.4374389640002,-8.160742758999902],[114.43928527800006,-8.16019916499988],[114.43978118900009,-8.160924911999814],[114.43932342500023,-8.162199018999956],[114.4387054450001,-8.163250922999964],[114.43878936700014,-8.163889885999822],[114.44033813500016,-8.164956092999944],[114.44167327900016,-8.165297506999934],[114.44223785400004,-8.165022848999968],[114.44324493300019,-8.164529800999901],[114.44369506900011,-8.164088249999963],[114.44408416800002,-8.163368223999896],[114.44492340200009,-8.163095473999817],[114.44514465200007,-8.163986204999958],[114.4456939700002,-8.16432285299993],[114.44647979700017,-8.163883207999959],[114.44698333800011,-8.163663862999954],[114.44720458900008,-8.164220808999914],[114.44664001500007,-8.165051459999916],[114.4476470950001,-8.164834974999962],[114.44881439200014,-8.165175437999949],[114.45059204000006,-8.165686606999884],[114.45076751800002,-8.165244101999974],[114.45137786900023,-8.16552543499995],[114.45143890400004,-8.164525985999944],[114.45216369600007,-8.164419172999828],[114.4523773190001,-8.165475844999946],[114.45231628300007,-8.16658687499995],[114.45220184300001,-8.167586326999867],[114.45163726900034,-8.16819381699986],[114.45097351000004,-8.167411803999926],[114.45059204000006,-8.1664094919999],[114.44959259100006,-8.165847777999886],[114.44775390700022,-8.165447233999885],[114.4467468270002,-8.165607451999904],[114.44540405200019,-8.165987968999957],[114.44446563800022,-8.16559314799997],[114.44396209700017,-8.165423392999969],[114.44318389800003,-8.165195464999954],[114.44200897300004,-8.165966032999904],[114.44206237800006,-8.166299818999903],[114.44305419900002,-8.167305945999942],[114.44372558600003,-8.167310713999882],[114.44472503700001,-8.168594360999975],[114.44516754100005,-8.168819426999903],[114.44527435300006,-8.169764518999955],[114.44570922900016,-8.171322821999922],[114.44536590500002,-8.172542570999951],[114.44547271800002,-8.173599242999899],[114.44507598900032,-8.174707412999851],[114.44545745900007,-8.175599096999974],[114.44528961200001,-8.176320075999968],[114.44377899100016,-8.176699638999935],[114.44226837200006,-8.176856040999894],[114.44193267900016,-8.177909849999878],[114.44203186100015,-8.179021834999958],[114.44236755400016,-8.179912566999917],[114.44308471600016,-8.180361747999882],[114.44409179800016,-8.179979324999977],[114.4452056880001,-8.179985999999872],[114.4464340200002,-8.179493903999912],[114.44716644200003,-8.178887365999913],[114.44667053100011,-8.17810630699995],[114.44706726000015,-8.177108764999957],[114.44773864700005,-8.176113128999873],[114.44863891600016,-8.174952506999944],[114.44953918500016,-8.173402785999883],[114.4501647950002,-8.17207336399997],[114.45122528000013,-8.17196845899997],[114.45217132600021,-8.172585487999982],[114.451942443,-8.17308425899995],[114.45166015500013,-8.173804282999981],[114.45210266100014,-8.1738634109999],[114.45288848800021,-8.17286777399994],[114.45372772200005,-8.172429083999873],[114.45406341500018,-8.172820091999938],[114.453330993,-8.173981665999918],[114.45287322900015,-8.175201415999936],[114.45164489700005,-8.17619323699995],[114.45035552900003,-8.177240370999925],[114.44889831600017,-8.178120612999976],[114.44816589400011,-8.178949355999976],[114.4496765140002,-8.178459165999925],[114.4512939450002,-8.178024290999929],[114.45230865500014,-8.177197456999977],[114.4532012950001,-8.176259039999877],[114.45410919200015,-8.17470931999992],[114.45478057900004,-8.173991203999833],[114.45568084600018,-8.172607421999885],[114.45658111600005,-8.171057701999928],[114.4572601320001,-8.169284820999962],[114.4584426880001,-8.167625425999972],[114.45962524300012,-8.166465758999948],[114.46006011900022,-8.167634963999888],[114.45993805,-8.16891288599993],[114.45970916700014,-8.170133590999967],[114.45909118600002,-8.171184539999956],[114.45908355800032,-8.171795843999973],[114.45902996800032,-8.171845374666589],[114.45902996594509,-8.171845376573401],[114.459015,-8.172001],[114.45905300000015,-8.172102000999928],[114.45932000000016,-8.172248998999919],[114.45947999900022,-8.17227],[114.46004500000015,-8.17203099999989],[114.46047999900031,-8.171786999999881],[114.46134200000017,-8.171185],[114.46168499900023,-8.17089600099996],[114.46237899900007,-8.170366999999885],[114.46289800100021,-8.169969],[114.4633480010001,-8.16969200099993],[114.46378300000015,-8.169488999999885],[114.46443199900011,-8.169289998999943],[114.465202,-8.169051998999976],[114.46573600100021,-8.168823],[114.46615600100006,-8.168595],[114.466522,-8.16832699899993],[114.466583,-8.168267998999966],[114.46668200000022,-8.168168],[114.466766,-8.167988],[114.46675900100013,-8.167232],[114.46684299900028,-8.167089998999927],[114.46733100100016,-8.166824000999952],[114.46802500100023,-8.166482],[114.46817800100007,-8.166372000999957],[114.46824600000014,-8.166265],[114.46820800100011,-8.165997999999888],[114.468071,-8.165671998999926],[114.46792599900004,-8.165468000999908],[114.46769000100005,-8.165296999999896],[114.46660600100006,-8.164945999999873],[114.466438,-8.164894000999936],[114.46613300000024,-8.164793],[114.46595800000011,-8.164692],[114.46563699900014,-8.164264000999935],[114.46545399900015,-8.163877],[114.46515700100008,-8.163664000999972],[114.46440900100015,-8.163216],[114.46392100100013,-8.162987998999881],[114.46364599900005,-8.162862],[114.46318800000029,-8.162484000999939],[114.46302000100002,-8.162351],[114.46279100000015,-8.162275000999955],[114.462517,-8.162263998999947],[114.46226500100022,-8.16233100099987],[114.46205900000018,-8.162485000999936],[114.46183000000019,-8.162857],[114.46172300100011,-8.16304],[114.46156299900008,-8.163178000999892],[114.46134200000017,-8.163284],[114.46089899900016,-8.163384998999959],[114.460587,-8.163412998999888],[114.46032699900013,-8.163362000999939],[114.460136,-8.163246],[114.45996100000013,-8.163013],[114.459808,-8.162534998999888],[114.459778,-8.162395000999936],[114.459808,-8.162303000999884],[114.46042600100009,-8.162168999999892],[114.46055600000011,-8.162132],[114.46063199900027,-8.162053998999966],[114.4606480000001,-8.16192199999989],[114.460442,-8.161379999999895],[114.46012900000017,-8.160857000999954],[114.45992300000012,-8.160609998999973],[114.45964100100002,-8.160384],[114.4592129990001,-8.160160000999952],[114.45891600100003,-8.160052],[114.45857200000012,-8.160014000999922],[114.45788599900027,-8.160100000999932],[114.45749700100009,-8.160159000999954],[114.45719900100005,-8.160292],[114.45620000100007,-8.160784],[114.45546,-8.161052],[114.455016999,-8.16117799899996],[114.45441399900005,-8.161285],[114.45378099900006,-8.161327998999923],[114.451927,-8.161073999999871],[114.45144700000014,-8.160968998999977],[114.45040100000028,-8.16056],[114.44946300000015,-8.16001100099993],[114.44915800000012,-8.159781],[114.44864700000028,-8.159155],[114.44850899900018,-8.158991],[114.44826499900023,-8.158827998999925],[114.447929,-8.158708998999941],[114.4474179990001,-8.158531000999972],[114.445778,-8.15773899899989],[114.44554899900004,-8.15759800099994],[114.44522900100003,-8.157274],[114.44500000000016,-8.15684400099991],[114.44490100000019,-8.15659],[114.44503799900019,-8.155907000999946],[114.44492300100012,-8.155343],[114.44487,-8.155159000999959],[114.444832001,-8.155042],[114.444847,-8.154449],[114.44474800000012,-8.153232],[114.44480100100009,-8.151796999999874],[114.44481700000028,-8.151084000999958],[114.44481700000028,-8.150705999999843],[114.444763,-8.149950999999874],[114.444702,-8.14951199899997],[114.44473999900003,-8.148685],[114.44481700000028,-8.14833399899993],[114.44508400000018,-8.147787998999888],[114.44527400000027,-8.147473],[114.445778,-8.147025],[114.44612099900007,-8.146719],[114.44627399900014,-8.146539],[114.44643400100006,-8.146168000999978],[114.44657100000029,-8.145575],[114.446564,-8.144237000999965],[114.44651000000022,-8.143702],[114.44598400100017,-8.14185299899998],[114.445503,-8.139984000999902],[114.445426999,-8.139697],[114.44509899900027,-8.138759999999877],[114.44487,-8.13802299899993],[114.44455,-8.136321],[114.4441760000002,-8.135059999999896],[114.4440770010001,-8.134715],[114.44406100000026,-8.134356],[114.4439090000003,-8.133446000999925],[114.44378700000016,-8.132892998999921],[114.4436720000001,-8.132562998999958],[114.4430920000002,-8.131616],[114.44196299900011,-8.130287],[114.44164300000023,-8.129844998999943],[114.44139099900008,-8.129375000999971],[114.4411540010002,-8.128876999999875],[114.44070400100009,-8.12813700099997],[114.440269,-8.127849],[114.43978899900003,-8.127572],[114.43952900100021,-8.127382000999944],[114.4392550010001,-8.12710599899998],[114.438972,-8.126707],[114.438698,-8.126229998999975],[114.438416,-8.125889],[114.43761400000028,-8.125295998999889],[114.43739300000016,-8.125119000999916],[114.43676000000016,-8.12462799899987],[114.43644699900005,-8.124342999999897],[114.435951,-8.123610000999918],[114.435646,-8.123245998999948],[114.43415099900005,-8.121617998999966],[114.433685,-8.120865000999913],[114.43342599900006,-8.120428999999888],[114.43306699900006,-8.119897998999932],[114.432747,-8.1192720009999],[114.43270099900008,-8.119133],[114.43273199900023,-8.118987998999955],[114.43290700000023,-8.11876199999989],[114.433388,-8.118496],[114.4336399990002,-8.118373],[114.43375400000014,-8.118279],[114.43384600000013,-8.118084998999961],[114.4340360010001,-8.117174],[114.4340820000001,-8.116621],[114.43405899900006,-8.115968999999836],[114.4340360010001,-8.115544],[114.434021,-8.115249998999957],[114.434105,-8.114891998999894],[114.4341809990002,-8.113705],[114.4341809990002,-8.113074],[114.43416600000012,-8.112566998999966],[114.43422700000019,-8.112198],[114.4342729990002,-8.111190000999898],[114.43430299900001,-8.110414],[114.434357,-8.109670998999832],[114.43441,-8.109382000999972],[114.43469199900005,-8.108738998999968],[114.43504300000018,-8.108007],[114.43510400000025,-8.106952],[114.43499799900007,-8.105629998999973],[114.43489100000022,-8.105011999999874],[114.43454000000031,-8.103838],[114.43446400100015,-8.103499000999932],[114.43441,-8.103263],[114.43436399900008,-8.102933999999891],[114.43446400100015,-8.102552],[114.43474600000013,-8.102100998999902],[114.43537100000015,-8.101196998999967],[114.435677,-8.100733999999875],[114.435707,-8.100542000999951],[114.43571500000019,-8.100134],[114.43565400000011,-8.099633998999877],[114.43557700100007,-8.098845998999877],[114.43563800100014,-8.098457998999947],[114.43578299900003,-8.09798000099994],[114.43590500100004,-8.097789998999929],[114.43631700000026,-8.097293],[114.4366529990001,-8.097047000999964],[114.43716399900006,-8.096671],[114.437943,-8.096141000999978],[114.43825499900015,-8.0959920009999],[114.43849900100008,-8.095787],[114.4392550010001,-8.095043998999927],[114.43958299900021,-8.094900000999871],[114.440681,-8.09450499899998],[114.44178800100008,-8.094168998999976],[114.4428630000001,-8.093836],[114.4432220000001,-8.093776998999942],[114.443695,-8.09372099899997],[114.44406100000026,-8.093586],[114.4444430010002,-8.09346],[114.444878,-8.093336000999898],[114.445183,-8.093262],[114.44569400000023,-8.093218000999968],[114.446632,-8.093275000999824],[114.44757099900016,-8.093411],[114.448044,-8.093414998999947],[114.448708,-8.093501],[114.4489360010001,-8.093457000999933],[114.44987500000013,-8.093201],[114.450119,-8.09318400099994],[114.45026400100005,-8.093101999999874],[114.45062300100005,-8.092916000999935],[114.45141600000011,-8.092649999999878],[114.451759,-8.092598],[114.45201100100019,-8.092630998999937],[114.45420799900023,-8.093139],[114.45498699900008,-8.093374],[114.45593300100018,-8.093641999999875],[114.45671800100013,-8.093760000999964],[114.45742000000018,-8.093803],[114.4581300010002,-8.093793],[114.458595,-8.093842998999946],[114.45942700100022,-8.093790000999888],[114.45974000000012,-8.09386799899994],[114.46053300000017,-8.094121000999905],[114.46141800100008,-8.094311999999888],[114.4624940000001,-8.094506998999975],[114.463097,-8.09462],[114.46376799900008,-8.094736999999895],[114.46463,-8.094696999999883],[114.46497299900011,-8.094711],[114.46579000100019,-8.094804998999962],[114.46603400100014,-8.094832998999948],[114.466743,-8.094908],[114.46704100000022,-8.094939999999895],[114.468216,-8.095062999999868],[114.46950500100013,-8.09523800099987],[114.47029900000018,-8.095281999999884],[114.47074100100008,-8.09535600099997],[114.47112299900004,-8.095506000999933],[114.47139699900015,-8.095583],[114.471649,-8.095584],[114.47233600100003,-8.095551],[114.47274000000016,-8.095636],[114.47313700000018,-8.095686000999933],[114.47353399900021,-8.095727],[114.4739760000001,-8.095856],[114.47426600100005,-8.09591],[114.47486099900004,-8.095906],[114.475601,-8.095908999999892],[114.47629500000016,-8.096037],[114.47715799900004,-8.096176],[114.47749300100008,-8.096177],[114.477776,-8.09610700099995],[114.478325,-8.095986000999972],[114.478645,-8.096020000999943],[114.47905,-8.096121],[114.47950000000014,-8.09619099899993],[114.4800189990001,-8.096215],[114.482239,-8.096224998999901],[114.4837110000002,-8.096181],[114.48385600100005,-8.096095],[114.48413100100004,-8.09592099899993],[114.48437500000023,-8.095767998999861],[114.48462700000016,-8.095611],[114.4852979990003,-8.095207000999892],[114.48559599900011,-8.094851999999833],[114.48578600100018,-8.094656998999938],[114.4859540000001,-8.094567998999935],[114.48629800100025,-8.094396],[114.48707599900001,-8.093810998999913],[114.4874040000002,-8.09374],[114.487671,-8.093748998999956],[114.48877000100015,-8.093850000999964],[114.48995200100012,-8.094056000999956],[114.490601,-8.094249],[114.49113500000021,-8.094481000999963],[114.492012,-8.094924998999943],[114.4929810000001,-8.095365],[114.49334000000022,-8.095514],[114.4937970000002,-8.09570999899995],[114.49420900000018,-8.095994],[114.49446100000023,-8.096246],[114.4946139990002,-8.096506],[114.49478100000022,-8.096732998999926],[114.49485799900015,-8.09684],[114.49522400100022,-8.097304],[114.4956360000001,-8.097824998999954],[114.495743,-8.09803299899994],[114.49615499900017,-8.098695998999915],[114.4963679990002,-8.098888999999872],[114.49661300100001,-8.099225999999874],[114.496681,-8.099424000999932],[114.4967650010002,-8.099977],[114.49685700100008,-8.10030300099993],[114.496979,-8.100453000999892],[114.497383,-8.100817000999882],[114.49759700000016,-8.100924998999972],[114.49814599900003,-8.101109998999902],[114.49861900000019,-8.101050998999881],[114.49897,-8.101206000999923],[114.49917600100002,-8.101348998999981],[114.49914600100033,-8.101507000999959],[114.49913,-8.101769998999885],[114.4991989990001,-8.101942999999892],[114.49925999900017,-8.102143000999945],[114.49939000100005,-8.102391],[114.49971800100002,-8.10279799899996],[114.49989299900017,-8.102855998999928],[114.50025199900006,-8.102904],[114.500427,-8.102958000999934],[114.50068700100007,-8.10312799899998],[114.50142700000015,-8.103782],[114.502106,-8.104654],[114.50236499900006,-8.10501099999982],[114.502892,-8.105966998999975],[114.50308999900017,-8.106445998999959],[114.503532,-8.107502998999962],[114.50387599900023,-8.10809799999987],[114.50435599900015,-8.109156],[114.504532,-8.109462998999959],[114.50481400100034,-8.109927],[114.50511900100003,-8.110554000999969],[114.50528,-8.110885000999929],[114.50579800000014,-8.111558999999886],[114.506248,-8.112048],[114.50659900000016,-8.112436999999886],[114.50676699900009,-8.112659998999959],[114.50695800100016,-8.112879000999953],[114.50733899900001,-8.113219],[114.508141,-8.113881],[114.5083770010001,-8.114066],[114.50872799900003,-8.114308999999878],[114.50922400000013,-8.114674],[114.51050599900009,-8.11531700099988],[114.51091800000029,-8.11554],[114.51114700100015,-8.115755],[114.51150499900007,-8.116201],[114.5120240010001,-8.116994],[114.51245100000017,-8.117715],[114.51300799900014,-8.11869400099988],[114.51367199900017,-8.120054000999971],[114.51404600100022,-8.12100999899991],[114.51409100000012,-8.121119],[114.51434300100004,-8.121679000999961],[114.51467900100022,-8.122262],[114.51506800100003,-8.122939998999925],[114.5153580000001,-8.123408],[114.515678,-8.123893999999893],[114.51632699900006,-8.124767],[114.51661700000022,-8.125118000999919],[114.51674699900002,-8.125272000999871],[114.51760900000022,-8.126448000999915],[114.51828799900022,-8.127384000999939],[114.5187,-8.127961],[114.5193180010001,-8.129032998999946],[114.51977500100008,-8.12964700099991],[114.52021000000013,-8.130099000999849],[114.52067600100008,-8.130557999999894],[114.52117900000019,-8.131130999999868],[114.52166699900033,-8.13185],[114.52201800000012,-8.132369],[114.52253,-8.132986998999968],[114.522926,-8.133451],[114.52317800100013,-8.133865000999947],[114.52327000100013,-8.134144],[114.52330800000016,-8.13450200099993],[114.52329299900009,-8.134878],[114.5232390010002,-8.136083999999869],[114.52327000100013,-8.136599998999941],[114.52329299900009,-8.137013],[114.52339200100005,-8.137389998999936],[114.523582,-8.137960998999915],[114.5235600000002,-8.138167998999904],[114.52347599900008,-8.138413998999852],[114.52330000100005,-8.138726],[114.52304800000013,-8.13905100099987],[114.52256000000023,-8.139509],[114.52183500000012,-8.140239],[114.5215,-8.140579998999897],[114.52110300100003,-8.140894000999879],[114.52007300100024,-8.141820998999947],[114.51983600100004,-8.142099000999906],[114.519249,-8.142673000999878],[114.51889800100003,-8.14303500099993],[114.51829500100007,-8.143491],[114.51771499900019,-8.144077998999876],[114.517509001,-8.14436899999987],[114.51733400100011,-8.144713998999919],[114.51729599900034,-8.144946],[114.51734200000033,-8.145128999999883],[114.51744800100016,-8.145283],[114.517616,-8.145398],[114.51783799900011,-8.145458],[114.51815000000022,-8.145479000999899],[114.51850099900003,-8.145423999999878],[114.519127,-8.145308],[114.5196,-8.145355000999928],[114.51969900000017,-8.145436998999969],[114.51973000000021,-8.14553700099998],[114.51971400100001,-8.145814],[114.5196380000001,-8.146420999999862],[114.519516,-8.146878],[114.51913499900013,-8.147983],[114.51899000100002,-8.148167999999885],[114.51834899900007,-8.148965998999927],[114.51808900000015,-8.149343],[114.51788300000032,-8.149672999999893],[114.51783799900011,-8.149930998999935],[114.517891,-8.150196],[114.51805100100012,-8.150596998999958],[114.51866900000016,-8.151725],[114.51873799900011,-8.151853],[114.51904299900013,-8.152325000999951],[114.51927200000011,-8.152688],[114.51972200000012,-8.153091],[114.52017200000023,-8.153413999999884],[114.52143900000021,-8.154155998999897],[114.522194,-8.154478],[114.52239199900009,-8.154566],[114.523163,-8.1547849989999],[114.5235669990002,-8.154817998999874],[114.52420800100003,-8.154802],[114.52431500000012,-8.154715999999894],[114.52447500100016,-8.154469],[114.524727,-8.153974998999956],[114.52492499900006,-8.153665999999873],[114.52516900100022,-8.153435000999934],[114.52530700000011,-8.153378000999965],[114.52548200000024,-8.153398998999819],[114.526215,-8.153622000999974],[114.52646600100002,-8.153709000999982],[114.526627,-8.153687],[114.52683300100023,-8.153590000999884],[114.52734400100007,-8.153339998999911],[114.52769499900012,-8.153295999999898],[114.528229,-8.15321999899993],[114.52850300000011,-8.153121999999883],[114.5287320010001,-8.152977998999972],[114.52911399900006,-8.152636],[114.529503,-8.152242],[114.5297320000002,-8.151977],[114.5299070010002,-8.151896000999955],[114.53046400000017,-8.15175100099998],[114.53071599900011,-8.151647],[114.531395,-8.151223],[114.53160100000014,-8.15101],[114.531822,-8.150685998999961],[114.531944,-8.150413998999909],[114.53217300000017,-8.149951999999871],[114.53237199900002,-8.149744999999882],[114.53276099900006,-8.149459000999968],[114.53315699900031,-8.149241998999969],[114.53399699900001,-8.148855000999902],[114.53430199900004,-8.148672000999966],[114.5346760000001,-8.148351],[114.53503400100021,-8.147947000999977],[114.53520200000014,-8.147648000999936],[114.53561400000012,-8.146871],[114.5358510000002,-8.146577],[114.53613999900006,-8.14631099899998],[114.53705600100011,-8.145630999999867],[114.53771199900007,-8.145166998999912],[114.53812400000015,-8.144632000999877],[114.53894799900002,-8.143946],[114.53943600100013,-8.143540998999867],[114.53990200000021,-8.143075],[114.54015399900015,-8.142714999999896],[114.54045099900009,-8.142092998999942],[114.54046600000015,-8.141943998999977],[114.54041300000017,-8.141732998999942],[114.5403140000002,-8.141323],[114.54032900000016,-8.141089],[114.54041300000017,-8.140911],[114.54061900000022,-8.140687],[114.54069499900015,-8.140627999999879],[114.540970001,-8.140410000999964],[114.54129000000012,-8.140261000999885],[114.54165600000022,-8.140171000999942],[114.54241900100033,-8.139955000999976],[114.5429610010001,-8.139627000999951],[114.5431059990002,-8.139452],[114.54334300000016,-8.13919],[114.54358699900001,-8.139054000999977],[114.54374700100004,-8.139052000999868],[114.54395299900011,-8.139124],[114.54425800100012,-8.139219],[114.54474600100014,-8.139259998999933],[114.545448,-8.139235000999918],[114.54554699900018,-8.139153],[114.54566200000033,-8.138941],[114.5459900000003,-8.138387000999899],[114.546661,-8.137510998999915],[114.54719500000022,-8.137081],[114.547768,-8.13662],[114.54804999900011,-8.136295999999845],[114.54943799900002,-8.134547999999882],[114.549797,-8.134216998999932],[114.55068200100015,-8.133507999999892],[114.5509799990001,-8.133380000999978],[114.551811,-8.13304900099996],[114.552658,-8.132755],[114.55361200100003,-8.132500998999888],[114.554283,-8.132308],[114.554703,-8.132020998999963],[114.55523700100002,-8.13159799899995],[114.55554200100005,-8.131356998999934],[114.55587000100002,-8.131192],[114.55599200100005,-8.131220999999869],[114.556099,-8.131308],[114.55616,-8.131456000999947],[114.55631299900006,-8.131863],[114.5564730010002,-8.132031],[114.5567860000001,-8.132269000999884],[114.55706799900008,-8.132424],[114.55815899900006,-8.133111000999918],[114.558411,-8.133227998999928],[114.55863200000022,-8.133306999999888],[114.55870800100001,-8.133339],[114.55887599900007,-8.13352],[114.5589450010001,-8.133696],[114.55896000000018,-8.133917998999891],[114.55889900000011,-8.134186998999951],[114.55880700000012,-8.134628],[114.5587770000003,-8.134970998999904],[114.558815,-8.1359],[114.558662,-8.136832],[114.558533,-8.137955],[114.55863999900009,-8.138163],[114.55887599900007,-8.138429],[114.55899799900021,-8.138647],[114.55924199900016,-8.139134998999907],[114.55954700100017,-8.139442000999907],[114.55981399900008,-8.139620998999874],[114.56005900100024,-8.139689000999908],[114.56032599900016,-8.13972299999989],[114.56053899900019,-8.139750000999982],[114.56097400000021,-8.139845],[114.56131000000028,-8.140024],[114.561859,-8.140388],[114.56213399900003,-8.140646998999955],[114.562393,-8.140991],[114.5629199990002,-8.14196699899992],[114.56298800100012,-8.142371000999958],[114.562965,-8.143003000999954],[114.563004,-8.143641],[114.56310299900008,-8.143699000999959],[114.56324,-8.143704],[114.563362,-8.143660998999849],[114.56344600000011,-8.143586],[114.56349900100008,-8.143534],[114.563873,-8.143168999999887],[114.56404100100019,-8.143126000999814],[114.56437700100014,-8.143049],[114.5646210000001,-8.14287900099987],[114.56555200100001,-8.142169999999851],[114.56598700000018,-8.141833],[114.56626100000017,-8.141527000999929],[114.566406,-8.141258999999877],[114.56662799900005,-8.140699],[114.56678800100008,-8.140399998999953],[114.56691000100011,-8.140329],[114.56700900000021,-8.140348000999893],[114.567177001,-8.140463998999905],[114.5677260010001,-8.140864000999954],[114.56823700100006,-8.141025],[114.56843599900003,-8.14098600099993],[114.56852000000015,-8.14089600099993],[114.5685350010001,-8.140786],[114.5684969990001,-8.140531000999943],[114.56850400100018,-8.14024599999982],[114.56857300000013,-8.140049000999966],[114.5687180010001,-8.139847],[114.56896200100005,-8.139631999999892],[114.569328,-8.13942],[114.57003,-8.139006999999879],[114.57019800100022,-8.138812000999906],[114.57020600000021,-8.138706],[114.57014500000014,-8.138498998999978],[114.57003799900008,-8.138312],[114.56962600100007,-8.137907000999974],[114.569382001,-8.137617],[114.56919099900017,-8.137377999999842],[114.56906100000015,-8.137208998999881],[114.56882500000017,-8.137109],[114.567551,-8.136668000999975],[114.567192,-8.136590999999896],[114.56626100000017,-8.136406],[114.565857,-8.136444],[114.564514,-8.136555],[114.56361399900004,-8.136527],[114.56301099900008,-8.136558],[114.562492,-8.136566],[114.56198899900005,-8.136476],[114.5617449990001,-8.136352],[114.561615,-8.136206998999853],[114.561584,-8.136002998999913],[114.5615230000003,-8.13517],[114.5616529990001,-8.134148],[114.56196600100009,-8.132530998999812],[114.5621029990001,-8.132252999999878],[114.56230200000016,-8.131974],[114.5626070000003,-8.131684998999958],[114.562935,-8.131484000999933],[114.56327100000021,-8.131361000999902],[114.56391100000019,-8.131109],[114.56523899900003,-8.130397000999892],[114.56567400100016,-8.130190000999903],[114.5659329990001,-8.130147998999973],[114.566223,-8.130009999999857],[114.56650500000023,-8.129895],[114.56691000100011,-8.129767000999891],[114.56703200100003,-8.129743],[114.567192,-8.129536],[114.567398,-8.129291],[114.56759599900022,-8.129109],[114.56781800000033,-8.129123998999887],[114.56800100000021,-8.12932],[114.56816899900002,-8.129528],[114.56837499900018,-8.129724998999961],[114.56861899900014,-8.129869],[114.5691299990001,-8.129794000999937],[114.56935100100009,-8.129547998999897],[114.569473001,-8.129147],[114.56942,-8.128485],[114.569359,-8.128056],[114.56909899900006,-8.127884998999889],[114.56877900100005,-8.127741000999947],[114.56865700100002,-8.127518999999893],[114.5687180010001,-8.127103998999928],[114.56887100100016,-8.126831998999876],[114.56921400000022,-8.12658799899998],[114.56936600000017,-8.126459],[114.56971000100009,-8.12631799899998],[114.56987800000024,-8.126293000999965],[114.57031199900018,-8.12630799999988],[114.57060999900011,-8.126582999999812],[114.57067099900007,-8.126869000999932],[114.5708390000002,-8.12701299899993],[114.57131200100002,-8.126950998999973],[114.57141100000013,-8.126666],[114.57140400100013,-8.126301999999896],[114.5714720000002,-8.126016998999944],[114.571625,-8.125745998999946],[114.57182300100033,-8.125589999999875],[114.57204400000023,-8.125488],[114.57315100100004,-8.124918],[114.57339500100022,-8.124802999999872],[114.5736310010002,-8.124701000999949],[114.57377599900008,-8.124584],[114.57389799900011,-8.124455000999944],[114.57393600100022,-8.124299998999902],[114.57395200000019,-8.124079],[114.57395200000019,-8.123949],[114.574043,-8.123806999999886],[114.57424900000024,-8.123716999999886],[114.574463,-8.12364100099984],[114.57472200100005,-8.123565],[114.57494400000019,-8.123474999999871],[114.57520300100009,-8.123321],[114.57541700000024,-8.123152998999956],[114.57573699900001,-8.122985],[114.57604200100002,-8.122804999999858],[114.57662200100003,-8.122576998999932],[114.57717900000023,-8.122348000999978],[114.577957,-8.122025],[114.57923100000016,-8.121498000999964],[114.57960500100012,-8.121378000999925],[114.580635,-8.121128],[114.58113900100022,-8.121034],[114.58162700100013,-8.120904],[114.582031,-8.120870000999957],[114.58282499900008,-8.12085599999989],[114.58336599900008,-8.120571],[114.583748,-8.120389000999978],[114.58428200100002,-8.120192],[114.58496900100022,-8.120011],[114.58566300100006,-8.12001],[114.5860209990002,-8.119974999999897],[114.58631899900001,-8.11986399899996],[114.58667,-8.11974799899997],[114.58682300000021,-8.119789],[114.58715100000018,-8.119947],[114.58780700100021,-8.120396],[114.58851600000014,-8.12073],[114.58888199900014,-8.120902000999877],[114.58960699900013,-8.121085],[114.58998100100007,-8.121098998999912],[114.59020999900008,-8.121029],[114.59053000000017,-8.120846999999856],[114.59084299900007,-8.120667],[114.59139300100003,-8.120456],[114.5916820000001,-8.120488],[114.59185800000012,-8.12053900099994],[114.59251400100004,-8.121181999999862],[114.59312400000022,-8.121757999999886],[114.593521,-8.122182999999893],[114.593636,-8.12238699999989],[114.59395600100004,-8.123013999999898],[114.5943449990001,-8.12318199899994],[114.59464299900003,-8.123262999999895],[114.59519200100033,-8.123332998999956],[114.595322,-8.123621],[114.59530599900017,-8.123778],[114.59509999900001,-8.124639000999878],[114.59498600100017,-8.125117000999921],[114.5947570000003,-8.12608200099993],[114.59473399900014,-8.126498998999978],[114.59463500000015,-8.128432998999926],[114.594513,-8.128877999999872],[114.59436800000015,-8.129049999999893],[114.59406300000012,-8.129311000999905],[114.5937119990001,-8.129517998999916],[114.59341400100016,-8.12974],[114.59312400000022,-8.130043],[114.5930330000001,-8.130215000999954],[114.59296400100004,-8.130487000999949],[114.59296400100004,-8.130734],[114.59305600100004,-8.131194],[114.593369,-8.132464],[114.59346000000028,-8.13339],[114.59343000000013,-8.135584000999927],[114.59350600100026,-8.13637100099993],[114.5937119990001,-8.137452000999929],[114.59394799900008,-8.138095],[114.59400899900015,-8.13820500099996],[114.59424600000011,-8.13862900099997],[114.594513,-8.138974],[114.594719,-8.139121999999873],[114.5949779990002,-8.139207000999932],[114.595566,-8.139344998999945],[114.59606900100005,-8.139309],[114.59642800100028,-8.13920400099994],[114.59670300100015,-8.139057],[114.5970539990002,-8.138776998999958],[114.59757199900025,-8.138287998999886],[114.59836600000017,-8.137436],[114.59879300000011,-8.136893],[114.599213,-8.136369000999935],[114.599365,-8.136181998999916],[114.59962500100016,-8.136028998999961],[114.59977700100012,-8.136031998999954],[114.59995299900004,-8.136119998999959],[114.60067699900014,-8.13660399899993],[114.6007389990001,-8.136647],[114.6006850010001,-8.136991998999974],[114.600426,-8.1373060009999],[114.60043299900019,-8.137457000999973],[114.60049399900004,-8.137561],[114.60082999900021,-8.137918],[114.601242,-8.138350998999954],[114.60139500000014,-8.138253],[114.6018140000001,-8.137983],[114.60202800000013,-8.137972],[114.602379,-8.138034],[114.60280600000033,-8.138176000999977],[114.6030810000002,-8.138348998999959],[114.60336299900018,-8.138503998999909],[114.60356100000013,-8.138527],[114.60379800000021,-8.13848300099994],[114.60403400100006,-8.13837],[114.60431700000015,-8.138150000999929],[114.604668,-8.137806998999963],[114.605156,-8.137305000999902],[114.60530100100004,-8.13706500099994],[114.60534699900018,-8.136846998999943],[114.60534699900018,-8.136543998999912],[114.60530900000015,-8.135411],[114.60544600100002,-8.135314000999927],[114.605721001,-8.13521599899991],[114.606552,-8.134984000999907],[114.60683400100027,-8.134881998999901],[114.60737600100003,-8.134601],[114.6074520000002,-8.134333],[114.60768100100006,-8.133599999999888],[114.60783400100001,-8.13353400099993],[114.60822300100006,-8.133475000999908],[114.6086120010001,-8.133391],[114.60893999900009,-8.133252998999865],[114.61000800000011,-8.132779000999903],[114.61017599900003,-8.132798],[114.61055000000033,-8.132852],[114.61093900100013,-8.132889],[114.61122100000011,-8.13286900099996],[114.61151100100005,-8.132780000999958],[114.61231999900019,-8.132533998999975],[114.6127170010003,-8.132376],[114.61311300000011,-8.132136998999897],[114.6135640010001,-8.131731],[114.613548,-8.131582],[114.61344100100018,-8.131326998999953],[114.6132970000001,-8.130929998999932],[114.61318999900004,-8.130396000999895],[114.61301400100001,-8.129866],[114.612968,-8.129729998999949],[114.612427,-8.12817299999989],[114.6124500000002,-8.127947998999957],[114.61254900000017,-8.127791],[114.61269400000015,-8.127665],[114.61292299900015,-8.127581],[114.61322800100015,-8.127539],[114.614265,-8.127444000999901],[114.6150970010001,-8.127129998999862],[114.615311001,-8.126945],[114.61559300000033,-8.126632000999962],[114.615921,-8.126302999999893],[114.61642500100015,-8.125827],[114.616592,-8.125536998999962],[114.61673700000017,-8.125117000999921],[114.61686699900031,-8.124747],[114.61716500000023,-8.124189000999877],[114.61731,-8.123713],[114.617279,-8.123492000999931],[114.617226,-8.123028],[114.61753800100007,-8.122791998999958],[114.6177139990001,-8.12285199899992],[114.61830900000018,-8.123079],[114.61849999900005,-8.123195],[114.618675,-8.123383999999874],[114.618759,-8.123571],[114.61889600100017,-8.124078],[114.618935,-8.124166],[114.6190719990002,-8.124612],[114.61911800000019,-8.124741],[114.61926300100015,-8.125117000999921],[114.61931599900026,-8.125273000999869],[114.6195600010002,-8.125944],[114.62000299900012,-8.126636],[114.620148,-8.126739998999938],[114.62051400000018,-8.126873000999979],[114.62065900000027,-8.126950998999973],[114.62088800100014,-8.127049000999932],[114.621376,-8.127094999999883],[114.62136800100006,-8.127563000999885],[114.6212310000002,-8.128441000999885],[114.62122183400015,-8.128543207999883],[114.62123107900027,-8.128440856999873],[114.6213684080002,-8.12756347599992],[114.62137603800011,-8.12709522199998],[114.62155151400009,-8.127103804999933],[114.62190246500006,-8.126970290999964],[114.62257385200007,-8.12677192699988],[114.62279510400026,-8.126823423999895],[114.62374877900004,-8.127217291999955],[114.624023437,-8.127374649999922],[114.62438964900014,-8.127562522999938],[114.62490844800016,-8.127736091999907],[114.6254272450002,-8.127847671999973],[114.62593841600028,-8.127957343999924],[114.62647247400002,-8.127975462999927],[114.62706756700004,-8.127985953999882],[114.62725830100021,-8.12794017899995],[114.62754058900009,-8.127870559999963],[114.62782287500033,-8.127846716999898],[114.62934875400003,-8.127935408999974],[114.6300354010001,-8.128032682999958],[114.63032531700026,-8.128140447999954],[114.63061523300007,-8.12833022999996],[114.6307983390002,-8.128553389999922],[114.6309280400003,-8.128821372999937],[114.63108825800009,-8.129171370999927],[114.6314697260002,-8.129604338999968],[114.63172149700017,-8.12978267699998],[114.6321945200001,-8.130033491999939],[114.63254547100007,-8.130138396999882],[114.63384246900011,-8.130551337999975],[114.63404846200001,-8.130699157999857],[114.63459777800006,-8.131235122999954],[114.63481903000002,-8.131447790999971],[114.63491058400018,-8.131669043999977],[114.63497924800015,-8.13200187699988],[114.634948731,-8.132201193999947],[114.63483428900008,-8.132870674999936],[114.63488006600005,-8.133022306999976],[114.63503265300005,-8.133270263999975],[114.63521575900006,-8.133625029999905],[114.63549041700003,-8.134178160999852],[114.6355590820001,-8.134325980999904],[114.6358413700001,-8.134786604999931],[114.63665008600003,-8.135822295999901],[114.63692474400034,-8.135996818999956],[114.63735961900022,-8.136331556999949],[114.63774108900009,-8.136710166999933],[114.63842773400017,-8.137450216999866],[114.63894653400007,-8.137929916999951],[114.63927459700017,-8.138133048999975],[114.63957977300004,-8.138239860999931],[114.6399002080002,-8.138271330999942],[114.64048767100019,-8.138254164999921],[114.64090728800034,-8.13814830699988],[114.641242981,-8.137991904999922],[114.64161682100018,-8.137738227999876],[114.64179992700008,-8.13754558599993],[114.64189147900015,-8.13735580499997],[114.64202118000014,-8.136991499999908],[114.64215087900016,-8.136803626999836],[114.64231109600018,-8.13667488099992],[114.64258575400015,-8.13651847799997],[114.6430587760002,-8.13631916099996],[114.6436538690001,-8.136079787999961],[114.64406585600022,-8.13581561999996],[114.64467620900018,-8.135306358999912],[114.64484405500002,-8.135081290999949],[114.64492797900004,-8.134844779999924],[114.6449890140002,-8.134510038999963],[114.64499664200014,-8.133979796999938],[114.64494323700023,-8.133679389999884],[114.64483642500011,-8.133479117999912],[114.6438598640002,-8.13185214999993],[114.6438827520002,-8.131717680999941],[114.64398193400018,-8.131610870999964],[114.64418029900003,-8.131475448999936],[114.64467620900018,-8.131210326999962],[114.6454238900003,-8.130869865999955],[114.64559173500004,-8.130897521999941],[114.64575958300009,-8.130985258999885],[114.64585876500018,-8.131110191999937],[114.64586639300023,-8.13126754699988],[114.64581298800022,-8.131602287999954],[114.64576721100002,-8.131950378999932],[114.64582061800013,-8.132130622999966],[114.64597320500002,-8.132337569999947],[114.6463241570001,-8.132676122999897],[114.64694976900034,-8.133315085999925],[114.64736938600015,-8.133887289999961],[114.64806366100015,-8.134927748999871],[114.64836883500016,-8.135362623999981],[114.64888763400006,-8.136116981999976],[114.64936065700033,-8.13660907699989],[114.64963531500018,-8.13681983999993],[114.64988708400028,-8.136928557999966],[114.6503829950002,-8.137155532999884],[114.65167999300002,-8.138218879999954],[114.6521072380001,-8.138709067999912],[114.65264129600007,-8.139326094999888],[114.6530075070001,-8.139828680999926],[114.65330505400016,-8.14019012499989],[114.65397644000006,-8.140964508999957],[114.65415954600007,-8.141354559999968],[114.6548080440001,-8.142772673999957],[114.6550140390002,-8.1430521019999],[114.65534210200008,-8.143390654999962],[114.65557098500028,-8.143548011999826],[114.6558609010001,-8.143662452999877],[114.65629577700008,-8.143748281999876],[114.65682220400015,-8.143784523999955],[114.65737915000022,-8.143842696999968],[114.65762329100005,-8.143939970999838],[114.65827941900022,-8.14421749099995],[114.65898132300003,-8.144432066999968],[114.65943908600013,-8.144545553999933],[114.65988159200003,-8.144572257999926],[114.66046142700009,-8.144543646999978],[114.66082763700001,-8.144467352999925],[114.66111755300005,-8.144325255999831],[114.6613082890002,-8.144139289999885],[114.66144561800024,-8.143918989999975],[114.66154480000012,-8.143627165999874],[114.66175842300015,-8.14291954099997],[114.66188812300004,-8.142825125999877],[114.662162781,-8.142718313999922],[114.66258239800015,-8.142653465999956],[114.66299438500005,-8.142657280999913],[114.66323089600019,-8.142715453999926],[114.66341400200008,-8.142827033999936],[114.66364288300008,-8.143046378999884],[114.66423797600021,-8.14369392399982],[114.66452789200002,-8.144108771999925],[114.66491699300002,-8.14467239299995],[114.6654739390001,-8.145350456999836],[114.66580963200022,-8.145608901999879],[114.66613006500017,-8.145769118999908],[114.66674041800013,-8.14596939099988],[114.66735839800026,-8.146140098999979],[114.66831970200008,-8.146292685999981],[114.66893005400027,-8.146297453999921],[114.66966247500022,-8.146310806999963],[114.66998291000004,-8.146408080999947],[114.67053222600032,-8.14663123999992],[114.67149353100001,-8.147046088999957],[114.67283630400004,-8.147442817999945],[114.67344665500002,-8.147513388999926],[114.67485046400009,-8.14752578699995],[114.67565917900004,-8.147491454999965],[114.67615509000018,-8.14746856599993],[114.6764984130001,-8.147377013999915],[114.67735290600001,-8.147096633999979],[114.67768859900013,-8.14699840499992],[114.67922973600002,-8.146548270999972],[114.67965698200021,-8.14625072399997],[114.67990112300004,-8.14597606599989],[114.68038940300016,-8.145414352999978],[114.6810455320001,-8.144782065999948],[114.68138885500002,-8.144422530999975],[114.68154144200014,-8.144376753999893],[114.68177795300005,-8.14437103299997],[114.68269348100011,-8.144481658999894],[114.68343353300008,-8.144554136999943],[114.6840286260001,-8.14453601899993],[114.68462371900034,-8.144426345999932],[114.6857986440001,-8.14421558399988],[114.68636322000009,-8.144227026999943],[114.68797302300004,-8.144236564999972],[114.68856048600003,-8.144188879999888],[114.6893463130001,-8.144046782999965],[114.69025421100014,-8.14386749299996],[114.69065856900033,-8.1438636769999],[114.69129180900018,-8.143950461999907],[114.6918640130001,-8.144095420999975],[114.6925048830002,-8.144257545999892],[114.69280243000003,-8.144267080999896],[114.69371032700008,-8.144291877999933],[114.69412231400031,-8.144410132999838],[114.6944885260001,-8.144586563999951],[114.69489288300008,-8.144849775999887],[114.69571685900019,-8.145495413999924],[114.69636535700022,-8.145966528999907],[114.69674682700031,-8.14614772699997],[114.6978988640002,-8.146736144999977],[114.69798278800022,-8.146842956999933],[114.6982116710002,-8.147112846999903],[114.6990356440001,-8.147871969999926],[114.69947815000012,-8.14836120599989],[114.6999588000001,-8.148943900999882],[114.70111846900022,-8.150168417999964],[114.70169830400027,-8.150606155999924],[114.70221710100009,-8.150940893999916],[114.70275115900006,-8.151173591999964],[114.7029418950001,-8.15124034799993],[114.70325470000012,-8.151321411999959],[114.70336914000018,-8.15135097599989],[114.70411682200006,-8.151554107999914],[114.70455169800016,-8.151743888999931],[114.70488739100006,-8.151951788999952],[114.7056655880001,-8.152504919999899],[114.70692443900009,-8.153488158999892],[114.70793151900011,-8.154279707999933],[114.70875549200014,-8.154714583999976],[114.70937347400013,-8.154971122999939],[114.71043396100004,-8.15530681599995],[114.71112823600004,-8.155454635999888],[114.71154022300004,-8.155489921999958],[114.71241760200007,-8.15547466199996],[114.71266937300004,-8.155385016999901],[114.713096618,-8.15514183099998],[114.71338653700002,-8.154903411999953],[114.713638306,-8.154613493999932],[114.71378326300021,-8.154325484999902],[114.7140960700001,-8.153476714999954],[114.71410369800014,-8.153270720999956],[114.71402740400003,-8.153021811999963],[114.71395874100017,-8.152745245999881],[114.71401214600007,-8.152612684999951],[114.71415710500003,-8.15243625699992],[114.71484375000011,-8.151682853999944],[114.71551513700001,-8.15069961499995],[114.71577453600003,-8.150413511999886],[114.71592712400002,-8.150342940999906],[114.71608734100005,-8.150350570999933],[114.71630859400011,-8.15043544799994],[114.7164917,-8.150582311999926],[114.71659851000015,-8.150749204999954],[114.71666717500011,-8.151003836999962],[114.7166595450002,-8.151235579999934],[114.71659851000015,-8.151453017999927],[114.71648407000009,-8.151632308999922],[114.71628570500013,-8.15182495099998],[114.7158966070001,-8.152212142999929],[114.71575164800004,-8.152432440999974],[114.71569061200023,-8.152710913999897],[114.71561431900022,-8.15319061199989],[114.71519470200019,-8.15426254199997],[114.71520996000004,-8.154590606999932],[114.71530151400032,-8.154861449999942],[114.71545410100009,-8.15508461099995],[114.71570587100007,-8.155323981999913],[114.71647644100005,-8.15593624099995],[114.71691131700004,-8.156187056999954],[114.71729278500015,-8.156338691999963],[114.71763610800008,-8.156390189999968],[114.71862030000011,-8.156487463999895],[114.72034454300001,-8.156950950999885],[114.72061157300016,-8.157158850999963],[114.72109985300006,-8.157532692999894],[114.7213134760002,-8.157604216999971],[114.72164916900022,-8.157596587999933],[114.7220382700001,-8.157609938999883],[114.72274780300029,-8.15768146499994],[114.72315216000027,-8.157597540999916],[114.72354126000016,-8.157447813999966],[114.72392273000025,-8.157329558999947],[114.72438812200005,-8.157284735999895],[114.72477722100018,-8.157325742999888],[114.72526550300006,-8.15734767899994],[114.7264022820001,-8.157423019999953],[114.72666168200021,-8.157530784999892],[114.72756957900015,-8.157922743999904],[114.72972107000021,-8.158525466999947],[114.7305679320001,-8.158768652999925],[114.73123169000019,-8.15896129499987],[114.73248290900005,-8.159505842999977],[114.73297119200004,-8.159736633999898],[114.73329925500025,-8.159825324999872],[114.7335968010002,-8.159901618999982],[114.73387909000019,-8.160068511999896],[114.73449707100008,-8.1604452119999],[114.73476409900013,-8.160483360999933],[114.73535156300011,-8.160498618999952],[114.73559570300006,-8.160618781999972],[114.7360153200002,-8.160896300999923],[114.7365036000001,-8.161288260999925],[114.73774719300002,-8.162352560999977],[114.73836517300003,-8.1629333489999],[114.73889160200031,-8.163252830999966],[114.73942565900018,-8.16378688799989],[114.73986816500019,-8.164281843999902],[114.7401809700001,-8.164507864999962],[114.74053192100007,-8.164704321999977],[114.74097442700008,-8.165006637999852],[114.74172973700001,-8.165562628999908],[114.74211120500001,-8.165716170999929],[114.74227142300026,-8.165752410999914],[114.74237823500005,-8.165756225999871],[114.74286651600005,-8.165839194999876],[114.74315643400007,-8.165959357999895],[114.74356079100005,-8.166207313999962],[114.7445449820002,-8.166893003999974],[114.7453460690001,-8.167278289999956],[114.74546051000004,-8.167314528999952],[114.74629211400031,-8.167552947999923],[114.74705505400004,-8.167746543999954],[114.74742126400031,-8.167898177999973],[114.7477874760001,-8.168168068999933],[114.74823761000005,-8.168452261999903],[114.74960327100007,-8.169175147999965],[114.75028991600016,-8.169437407999965],[114.75042724500008,-8.169480322999902],[114.75125884900012,-8.16973686199998],[114.7515640260001,-8.16972160399996],[114.7521057140001,-8.169623374999901],[114.75257873600003,-8.16943836099989],[114.75354003900009,-8.169028281999886],[114.75378418000014,-8.168945312999938],[114.7540283210003,-8.16893482199987],[114.754318237,-8.168993949999958],[114.7546997080002,-8.169143676999909],[114.75490570000034,-8.16921424799989],[114.755348206,-8.169366836999927],[114.75575256400009,-8.169364929999858],[114.75716400100009,-8.169375419999938],[114.75750732400013,-8.169481277999978],[114.75864410500014,-8.169921875999933],[114.75884246900023,-8.170113562999973],[114.75970459000007,-8.170415878999961],[114.76004791300011,-8.17047119199998],[114.76087951700003,-8.170639036999944],[114.76159668100001,-8.17074584999989],[114.76167297400002,-8.170761107999908],[114.76196289100005,-8.170848846999888],[114.76242828500006,-8.17100143399989],[114.7631301880001,-8.171261785999945],[114.76367950400015,-8.17142677399994],[114.76410675100021,-8.171571730999915],[114.76483154300013,-8.172025679999933],[114.76525116000016,-8.172328948999962],[114.76565551800002,-8.172540663999882],[114.76703643800022,-8.17312049799989],[114.76779937700019,-8.173341750999896],[114.76836395300006,-8.173450468999931],[114.76874542300015,-8.173493385999961],[114.76953125000023,-8.173549650999973],[114.7703247070001,-8.173565863999897],[114.77069854700005,-8.173516273999951],[114.77156066800012,-8.173104284999965],[114.77178192100007,-8.17299651999997],[114.77221679600007,-8.172945022999954],[114.77249145400003,-8.172966955999925],[114.77333831800013,-8.173327445999973],[114.7734832760002,-8.17337512999984],[114.77363586500007,-8.173370359999979],[114.77408599900002,-8.173407553999937],[114.77526092600021,-8.173726081999916],[114.77568817100007,-8.17384242999998],[114.77625274700006,-8.173995971999943],[114.77671050900017,-8.174090385999932],[114.77705383300008,-8.17414283699992],[114.77756500200007,-8.174282072999915],[114.77806854300002,-8.174324989999889],[114.77904510600013,-8.174192428999959],[114.77940368600014,-8.174158096999975],[114.7798843380001,-8.174227714999972],[114.78022766100003,-8.174333572999899],[114.78084564300002,-8.17468547899989],[114.78119659400011,-8.174950598999885],[114.7814025890001,-8.17511653899993],[114.78167724700006,-8.175246237999943],[114.78280639700006,-8.175537108999947],[114.78330993600002,-8.175684928999885],[114.78405761800013,-8.176035879999972],[114.78437805100009,-8.17618942199988],[114.78487396200012,-8.176392553999904],[114.78553009000007,-8.176534652999976],[114.7863616940001,-8.176657676999923],[114.78693389800003,-8.176807403999874],[114.78781127900004,-8.177245138999922],[114.78849792400013,-8.17768192199992],[114.788574218,-8.17772483899995],[114.78908538900032,-8.177999496999917],[114.789703368,-8.17820262899994],[114.79024505600012,-8.17831039399988],[114.7907791130001,-8.178320884999948],[114.79164886400008,-8.178318023999964],[114.79214477500011,-8.17835140099993],[114.79235076900011,-8.178405760999965],[114.79304504400011,-8.178946493999945],[114.79324340900007,-8.179089545999943],[114.79424285800008,-8.179389],[114.7945861820001,-8.179523467999957],[114.7950439460003,-8.179750441999943],[114.79559326200012,-8.179879187999916],[114.79593658500005,-8.179899215999967],[114.7972564690001,-8.18007373699993],[114.79753875800031,-8.180110930999831],[114.79770660300005,-8.180134771999917],[114.79780578500015,-8.180147169999884],[114.79803466800001,-8.180172918999972],[114.79824066100002,-8.180206297999973],[114.79877471800012,-8.18040084699993],[114.7992858890002,-8.180639265999957],[114.79983520500002,-8.180924415999925],[114.80030822700007,-8.181074140999954],[114.8010864260001,-8.181349753999939],[114.80179596000016,-8.181447982999941],[114.80200195400016,-8.18148517499992],[114.80226135200007,-8.181656837999924],[114.80253601200013,-8.181873320999898],[114.8028106700001,-8.182000159999916],[114.80316162100007,-8.182045936999884],[114.8038635260001,-8.182098388999975],[114.80414581200023,-8.18215751699995],[114.80437469500009,-8.182287215999963],[114.80560302800018,-8.183125494999956],[114.80610656700003,-8.183489798999972],[114.80706024100004,-8.184303282999963],[114.80754852400003,-8.184812545999932],[114.80761718700012,-8.184880256999918],[114.8081741330002,-8.185431479999977],[114.80850982700008,-8.18570136999989],[114.80857849200004,-8.185739516999945],[114.80912017800006,-8.186051368999927],[114.80947876000005,-8.186190605999968],[114.81000518700023,-8.186290740999937],[114.81143188400006,-8.186392782999917],[114.81181335400015,-8.186467170999947],[114.8122634880001,-8.18654060199998],[114.81271362400003,-8.186576843999944],[114.81333160500003,-8.186622618999934],[114.81351470900017,-8.186620710999932],[114.81433105500003,-8.186365126999931],[114.8147048950002,-8.186246870999923],[114.814865112,-8.186148643999957],[114.81500244100016,-8.185954094999943],[114.8151168820001,-8.18571853599991],[114.815353393,-8.18547248699997],[114.81553649900025,-8.185347555999954],[114.81589508000002,-8.18525504999991],[114.81632232800018,-8.185152053999957],[114.8166580210002,-8.185093878999908],[114.8168640130001,-8.185087203999899],[114.81699371400009,-8.185089111999957],[114.81719207800006,-8.18513584099992],[114.81736755400016,-8.18525886499998],[114.81761932400002,-8.185591697999882],[114.81781005800019,-8.186045646999958],[114.81801605200019,-8.186713217999966],[114.81807708800022,-8.187019346999875],[114.81813049300013,-8.187308310999981],[114.81829834000007,-8.187918661999959],[114.81836700400004,-8.18815994299996],[114.81840515100009,-8.188244819999966],[114.8184585580002,-8.18834114099991],[114.81858825700033,-8.188591002999885],[114.81921386800013,-8.189307211999903],[114.81977844200014,-8.18984222399996],[114.82061004600007,-8.190536498999847],[114.82079315200008,-8.190689086999953],[114.82148742700008,-8.19116210899989],[114.82199096600004,-8.191470145999915],[114.8224639880001,-8.191758155999935],[114.82342529300001,-8.19232654599989],[114.82401275600023,-8.192436217999898],[114.82446289200016,-8.192462919999969],[114.82505035400004,-8.192491530999973],[114.82594299400023,-8.192507743999954],[114.8262710570001,-8.192459106999934],[114.82646942100018,-8.192404746999955],[114.82804870700011,-8.191879271999937],[114.82833862300026,-8.19174766599997],[114.82840728700012,-8.19171523999995],[114.8289184580002,-8.191376685999899],[114.82907104500009,-8.1912736889999],[114.83063507100007,-8.18965721099994],[114.83074951100025,-8.189564703999906],[114.83117675900007,-8.189253806999943],[114.83142089800015,-8.189117430999943],[114.8315887460002,-8.189050674999919],[114.83171081600017,-8.188989638999942],[114.83201599100005,-8.188297271999943],[114.83221435500013,-8.187790870999947],[114.83235168400006,-8.187542913999948],[114.83244323800011,-8.187457084999949],[114.83264923100023,-8.187436103999914],[114.83283233600002,-8.187487601999976],[114.83301544200003,-8.187639235999939],[114.83313751300011,-8.187804221999897],[114.83297729600008,-8.18799209499997],[114.83266448900008,-8.188591955999868],[114.83262634200003,-8.188658713999928],[114.83254242000021,-8.188830374999895],[114.83236694200002,-8.189171790999978],[114.83225250200019,-8.189481734999958],[114.83220672700008,-8.18969344999988],[114.83223724400034,-8.190136907999886],[114.83239746100003,-8.190737723999973],[114.8325195320001,-8.191030502999865],[114.83287811300033,-8.191716194999913],[114.83302307100007,-8.192028998999945],[114.83340454100005,-8.19250011399987],[114.83370971700003,-8.192797659999883],[114.8340835570001,-8.193053244999874],[114.83444213900009,-8.193214416999979],[114.83463287300003,-8.19326114699993],[114.8347473140002,-8.193288802999916],[114.83505249000007,-8.193358421999903],[114.83555602900003,-8.193653105999942],[114.83585357600009,-8.193838118999906],[114.83621978800034,-8.193980215999943],[114.83656311100003,-8.194044113999894],[114.83721160900006,-8.19406318699987],[114.83764648500016,-8.19402790099997],[114.83832550100021,-8.193861007999942],[114.83865356400008,-8.193786621999891],[114.83943939100004,-8.193608283999879],[114.83974456800013,-8.193534849999935],[114.83988189700005,-8.193464278999954],[114.8400192260001,-8.193187713999919],[114.840026856,-8.192769050999914],[114.84003448400017,-8.192085266999925],[114.840026856,-8.191742895999937],[114.84008789100005,-8.191547393999883],[114.84020996200013,-8.19137954699994],[114.84045410100009,-8.191196440999931],[114.84111786000005,-8.19084453599993],[114.84136199900013,-8.190748213999939],[114.84165191700015,-8.19072437299991],[114.84225463800033,-8.190787315999899],[114.84252166800002,-8.190815924999981],[114.84291076600005,-8.1909065239999],[114.8441085820001,-8.191671369999938],[114.84436035200008,-8.191861151999944],[114.84468078700013,-8.192187308999905],[114.84526062100008,-8.192727088999902],[114.84591674700005,-8.193156241999873],[114.84651184000018,-8.193485259999932],[114.84716796800012,-8.193709372999933],[114.848251344,-8.19395351399993],[114.84977722100007,-8.194471358999976],[114.85065460200008,-8.194683073999897],[114.85116577100018,-8.19484615399989],[114.85132598800021,-8.19489574399995],[114.85242462200017,-8.195096967999973],[114.85341644300024,-8.195252417999939],[114.85379028300008,-8.195279121999931],[114.8539199820001,-8.195287704999942],[114.85438537600021,-8.19531822099998],[114.85591125500025,-8.195549963999952],[114.85659790000011,-8.195653913999934],[114.85722351200002,-8.195700645999977],[114.85752105800032,-8.195698738999909],[114.85846710300018,-8.195796012999892],[114.85913085900006,-8.19619846199987],[114.85968017500022,-8.19641017999993],[114.86043548500015,-8.196537017999901],[114.86070251500007,-8.196581839999908],[114.86119079500008,-8.196636199999944],[114.86141967800017,-8.19663238499993],[114.86212921200001,-8.196623801999976],[114.8636856070001,-8.196372985999858],[114.86430358900009,-8.196272850999833],[114.86485290500002,-8.196165084999961],[114.86521148600002,-8.196075438999912],[114.86537170400027,-8.196062087999962],[114.86580657900015,-8.196023940999908],[114.86611938400017,-8.196040152999956],[114.86655425900017,-8.19617748199994],[114.86717224100016,-8.196364402999961],[114.86762237600033,-8.19641589999992],[114.86821746700014,-8.196419714999877],[114.869323731,-8.196288108999852],[114.87065124600008,-8.195987701999968],[114.87102508600015,-8.195903777999945],[114.87110900800019,-8.195889472999909],[114.87149047800006,-8.195863723999821],[114.87248230000012,-8.195716856999923],[114.87429809500031,-8.195680617999926],[114.8745880130001,-8.195642470999871],[114.87542724500031,-8.195528983999907],[114.87591552800029,-8.195463179999877],[114.87600708000002,-8.195449829999859],[114.87750244200015,-8.194948195999928],[114.87798309200014,-8.194809911999926],[114.87847900300005,-8.194697379999923],[114.87930297900004,-8.194275854999887],[114.88085174600019,-8.193619728999977],[114.88134002700019,-8.193433759999948],[114.8819351200001,-8.19331836699996],[114.88230896000016,-8.193202018999955],[114.88323211600016,-8.192750930999921],[114.88349914600019,-8.192582129999892],[114.88372039800004,-8.192363737999926],[114.88384246900011,-8.192244529999925],[114.8841705320001,-8.191848753999977],[114.88439178500005,-8.191651343999979],[114.8851928700002,-8.191192627999953],[114.88552093500005,-8.191043852999883],[114.88575744600018,-8.190982817999895],[114.88600158800011,-8.19099712399992],[114.88634490900006,-8.191072463999944],[114.88665771400008,-8.191089629999965],[114.88784027100007,-8.190809249999916],[114.8889465330002,-8.190537451999944],[114.88967895500002,-8.190362928999946],[114.89060974100028,-8.19001674499998],[114.89085388300009,-8.189888953999912],[114.89117431600005,-8.189410208999902],[114.8913421630001,-8.189146994999874],[114.89152526900023,-8.188965797999913],[114.89174652200006,-8.188830374999895],[114.89187622100008,-8.188786506999975],[114.89228057900016,-8.188652038999976],[114.89294433600026,-8.18843078599997],[114.893325806,-8.188345908999963],[114.89372253500005,-8.188334463999979],[114.89443206800013,-8.188389778999863],[114.89554596000005,-8.188513754999974],[114.89585113500016,-8.188601493999954],[114.8962783820001,-8.188724516999912],[114.89701843200021,-8.188946722999958],[114.89742279100017,-8.18901157299996],[114.89798736500018,-8.189016340999899],[114.8995666510001,-8.188747405999948],[114.90037536600016,-8.188624381999887],[114.9010009760002,-8.188547133999975],[114.90206909100004,-8.18830299299998],[114.90217590300017,-8.188269615999957],[114.90320587200006,-8.187951087999977],[114.90350341800013,-8.187839507999968],[114.9035720820001,-8.187797545999956],[114.90370178200021,-8.187717436999833],[114.90384674100005,-8.187562942999932],[114.9043655390002,-8.186615942999822],[114.90456390300005,-8.186248778999925],[114.90468597400013,-8.185991286999979],[114.90487671000005,-8.185214042999974],[114.90502166700026,-8.18469619799987],[114.9051437380001,-8.184433935999948],[114.90545654200014,-8.18408965999987],[114.90568542500012,-8.183899878999966],[114.9060897820001,-8.18365478499993],[114.90633392300015,-8.183410642999888],[114.90673065200019,-8.182742118999954],[114.90682220400015,-8.18263626199996],[114.90695190500014,-8.182590484999821],[114.90718841600005,-8.182637213999953],[114.90769195500002,-8.18289565899994],[114.9080963130001,-8.183167456999968],[114.90938568100023,-8.183982849999893],[114.9094848630001,-8.184018133999928],[114.90966796900011,-8.184055327999943],[114.91178894100005,-8.184134481999934],[114.91404724200004,-8.184179305999919],[114.91490936300022,-8.184228896999912],[114.91520690900006,-8.184247016999905],[114.91534423800022,-8.18425369299996],[114.91551208600004,-8.184247016999905],[114.91680145300006,-8.184020996999948],[114.91799926700003,-8.18370914499991],[114.91897583000014,-8.183435438999936],[114.9197387690001,-8.183306692999906],[114.91993713300019,-8.183275221999963],[114.92021179100016,-8.183208465999883],[114.92134094200003,-8.182860374999962],[114.9235382070002,-8.182433126999967],[114.92578125000011,-8.18220329199994],[114.926193237,-8.182125090999932],[114.92644500800009,-8.182026862999976],[114.92659759500009,-8.181918142999962],[114.92685699500021,-8.181692122999891],[114.92728424000006,-8.181394575999889],[114.92748260400003,-8.181243895999955],[114.9276504520002,-8.181138991999887],[114.92774200400015,-8.181127547999836],[114.92803955000011,-8.180977820999942],[114.92835998500004,-8.180954932999953],[114.92873382500022,-8.180997847999947],[114.92910003700001,-8.181067465999945],[114.92980957100008,-8.181339263999917],[114.93033599800003,-8.1815395349999],[114.9305572510001,-8.181656837999924],[114.9313278190001,-8.182066917999919],[114.93186187700007,-8.182315826999911],[114.9327087390003,-8.18263626199996],[114.93396759100006,-8.183025359999931],[114.93457031200023,-8.183112143999892],[114.93496704000006,-8.183156013999962],[114.93555450500003,-8.183331488999954],[114.93594360300006,-8.18344783699996],[114.93634796200001,-8.18350410499994],[114.9370346070001,-8.183522222999898],[114.93777465900007,-8.183568],[114.93872833300009,-8.183622359999845],[114.9395523070001,-8.183628082999974],[114.94037628100023,-8.18353557599994],[114.9404754630001,-8.183521270999904],[114.94087982200006,-8.1834697729999],[114.94133758600003,-8.183408737999912],[114.94197845400004,-8.183403014999897],[114.94248962500012,-8.18339729299987],[114.9436111450002,-8.18320179099993],[114.94452667300004,-8.183118819999947],[114.9451065070001,-8.183094977999929],[114.94519042900026,-8.183091162999858],[114.94698333800022,-8.182723045999865],[114.94737243600002,-8.18264484499997],[114.94796752900004,-8.182552337999937],[114.94875335600011,-8.182529448999901],[114.94973754900013,-8.182559012999945],[114.95045471300011,-8.182604789999914],[114.95127868700024,-8.182608602999892],[114.95178222600009,-8.182558059999963],[114.95229339700018,-8.182462690999898],[114.9528656010001,-8.18230628899994],[114.9533004760001,-8.182240485999898],[114.95406341500006,-8.182121276999965],[114.9544830320001,-8.182063101999972],[114.95493316600005,-8.18206882499993],[114.95541381800001,-8.18215274899984],[114.95597076400009,-8.182275771999969],[114.95640564000018,-8.18237113899994],[114.9571838380001,-8.182541846999868],[114.95780182000021,-8.182639121999955],[114.9585418700002,-8.182664870999929],[114.95949554400022,-8.182697296999947],[114.96006012100008,-8.182716369999923],[114.96078491200012,-8.182750701999908],[114.96100616500007,-8.182766912999853],[114.96148681700004,-8.182802199999912],[114.96199798600014,-8.182838438999909],[114.96243286200001,-8.18284225399998],[114.96360015900007,-8.18261909399996],[114.96379089300024,-8.182591436999871],[114.96392059400023,-8.18257045599995],[114.96480560300017,-8.18259620699996],[114.96652984600007,-8.18265914799997],[114.96683502100007,-8.182655334999936],[114.96693420300005,-8.182653426999877],[114.9680023200001,-8.18243694299997],[114.96837616000016,-8.182361601999958],[114.97007751500007,-8.18207549999994],[114.97046661300033,-8.182009696999899],[114.97151947000009,-8.181960104999973],[114.97197723400018,-8.181924820999882],[114.97274017300015,-8.181855201999895],[114.97312164300013,-8.181807517999971],[114.97373962400002,-8.181614875999912],[114.97435760600013,-8.181287765999969],[114.9746017450002,-8.181140898999956],[114.9749679570001,-8.18103408699983],[114.97563934300001,-8.18100547799986],[114.97648620600023,-8.181035041999905],[114.97767639100005,-8.181119917999979],[114.97806549000018,-8.181122780999885],[114.97911834600006,-8.181129455999894],[114.97962951800002,-8.181131363999953],[114.98072814900013,-8.181145666999896],[114.98114776600005,-8.181169509999904],[114.98148346000016,-8.181190490999882],[114.98222351200013,-8.181066512999848],[114.98406982400013,-8.180787084999906],[114.98421478300008,-8.180774688999861],[114.98458099500021,-8.180743217999918],[114.9850616450002,-8.180743217999918],[114.98621368400006,-8.18051242699994],[114.9868850700002,-8.180300711999962],[114.987098693,-8.180230140999925],[114.9881210330002,-8.179764746999979],[114.98823547400002,-8.179708479999931],[114.98869323700012,-8.179498671999966],[114.98909759600008,-8.179351805999886],[114.98978424100017,-8.17899131799993],[114.99042510900006,-8.178609847999951],[114.99194336000016,-8.177499770999873],[114.99246215900018,-8.177116392999949],[114.99273681700004,-8.176939009999842],[114.99325561600006,-8.176693915999977],[114.99359130900018,-8.176591872999893],[114.99402618500028,-8.176525114999947],[114.99507904100017,-8.176534652999976],[114.99552917500012,-8.176559446999875],[114.995941162,-8.176672934999942],[114.99646759000007,-8.176737784999887],[114.99682617100018,-8.176708220999842],[114.99739074700017,-8.17660045599996],[114.99859619200015,-8.176548956999966],[114.99916076600016,-8.176510809999911],[115.00042724700006,-8.1761207589999],[115.00061035100009,-8.176064490999977],[115.00090789700005,-8.175940512999887],[115.00191497700018,-8.17552471099998],[115.00258636400008,-8.175186157999917],[115.00306701600005,-8.174972534999938],[115.00347137500023,-8.174800871999935],[115.00417327800005,-8.174403190999897],[115.0045166010002,-8.174153326999942],[115.0047454820002,-8.173897741999895],[115.00491333000002,-8.173702239999898],[115.00501251200023,-8.173621176999859],[115.00535583600004,-8.173311232999879],[115.00559997500011,-8.173040389999926],[115.00591278200011,-8.172563551999929],[115.00673675500002,-8.171010971999976],[115.00704956000004,-8.17024517099992],[115.00756835900006,-8.168727874999888],[115.00780487100008,-8.168123243999958],[115.00817871100014,-8.167463302999977],[115.00845336900011,-8.167087554999966],[115.00883483900009,-8.166725158999952],[115.00965881300021,-8.166134833999934],[115.00979614200014,-8.166036605999977],[115.01029205200007,-8.165840149999894],[115.010871887,-8.165715216999956],[115.01248169000007,-8.16544818899996],[115.01281738300008,-8.165357589999928],[115.01325225800008,-8.165277480999976],[115.01360321000016,-8.165315627999917],[115.01514434700005,-8.165543555999932],[115.01655578600003,-8.165503501999922],[115.01692199800016,-8.16545391099993],[115.0176239010002,-8.165265082999895],[115.01856231700003,-8.164933204999897],[115.01908874400033,-8.164729117999968],[115.02052307100007,-8.164241789999892],[115.02114868100011,-8.164047240999935],[115.02188110300006,-8.16373825099987],[115.02242279100005,-8.163376806999906],[115.02318572900015,-8.162763595999877],[115.02416992200028,-8.161840439999878],[115.02434539800004,-8.161679266999954],[115.02489471400008,-8.1610517499999],[115.02523040700021,-8.1605815879999],[115.02583313000002,-8.159530638999911],[115.02599334800004,-8.159096717999887],[115.0261001580003,-8.158688544999961],[115.0262832640002,-8.158103941999968],[115.02642822300004,-8.157754897999894],[115.0266494760001,-8.157232283999974],[115.02699279700005,-8.156478880999941],[115.02719879200004,-8.156024931999923],[115.02761840900007,-8.155431746999966],[115.02816009500009,-8.154860494999923],[115.02955627500023,-8.153848647999894],[115.03067779500009,-8.153464316999873],[115.0315246570002,-8.153142929999944],[115.03205871700015,-8.152898787999902],[115.03300476100003,-8.152482033999888],[115.03348541200012,-8.152289389999908],[115.03378295800007,-8.152030944999979],[115.03414917000032,-8.151769637999905],[115.03501892100007,-8.15125560699994],[115.03535461400008,-8.15112113999993],[115.03593444900002,-8.15093040399995],[115.03639221200012,-8.150745391999976],[115.03650665300006,-8.150683401999913],[115.03688049300013,-8.15047359499988],[115.03739166200023,-8.15006732799992],[115.03820800800008,-8.149329185999875],[115.03899383500016,-8.14854526399995],[115.039268493,-8.148366927999916],[115.0397796640001,-8.1480340949999],[115.04040527300003,-8.147607802999914],[115.04119110000033,-8.147169111999915],[115.04183197000009,-8.146886823999921],[115.04193115200007,-8.146849631999885],[115.0434036260001,-8.146302223999953],[115.043869018,-8.146183013999973],[115.04417419500032,-8.146106719999977],[115.0457916260001,-8.145705223999869],[115.04600524800003,-8.145603178999977],[115.04649353100001,-8.145374297999922],[115.04710388200021,-8.14503764999995],[115.0474090570001,-8.144870756999921],[115.04869842500023,-8.143993377999891],[115.04914093000014,-8.143567085999962],[115.04950714200004,-8.143120764999935],[115.04995727600021,-8.142439842999977],[115.05018615700021,-8.142188071999897],[115.0505447380001,-8.141747473999885],[115.05067443900009,-8.14152908299991],[115.05069732600009,-8.141266822999967],[115.05066680900018,-8.14077949499989],[115.05059051500007,-8.140176771999961],[115.05055999700005,-8.139784813999938],[115.05062103200021,-8.139540671999896],[115.05078888000003,-8.139073370999938],[115.05097198600015,-8.138734816999943],[115.05123138500005,-8.138358116999939],[115.05131530700021,-8.138236998999957],[115.05279541100026,-8.136777877999918],[115.05335235500002,-8.136358260999941],[115.05370330900007,-8.136170386999936],[115.05463409500021,-8.135658262999925],[115.05486297600021,-8.135414123999965],[115.0554275520002,-8.134813307999934],[115.05587005600023,-8.134484290999978],[115.0561447130001,-8.134282110999948],[115.05638885500002,-8.134059905999948],[115.05752563500016,-8.132957458999897],[115.05813598600014,-8.132312773999956],[115.0582809460002,-8.132160186999954],[115.0584106440001,-8.13205432899997],[115.05846405000011,-8.131878852999932],[115.05850219600006,-8.131384849999904],[115.05863189700005,-8.130978583999877],[115.058776856,-8.130625724999902],[115.05916595500014,-8.13008880699988],[115.05936431900022,-8.129871368999943],[115.05970764200015,-8.12964248599991],[115.05998230000012,-8.129520414999945],[115.06049346900022,-8.129044532999899],[115.0610046380001,-8.128113746999873],[115.0615158080002,-8.127400397999963],[115.06177520700021,-8.127153396999915],[115.06205749500009,-8.126911162999875],[115.0625000010001,-8.126354216999971],[115.0628509520003,-8.125885962999973],[115.06313324000007,-8.125260352999874],[115.06315612700007,-8.125117301999865],[115.06330871600017,-8.124291419999906],[115.06334686300022,-8.12409591599993],[115.063476562,-8.123897551999903],[115.06392669800016,-8.123334884999906],[115.06456756600005,-8.122468947999948],[115.06475067100007,-8.122212409999918],[115.06491851700002,-8.121978758999944],[115.06520843500005,-8.121627807999971],[115.06552124000007,-8.121342658999936],[115.06592559900002,-8.121094702999926],[115.06631469700028,-8.120958328999905],[115.06669616800014,-8.120818137999947],[115.06713867100007,-8.120557784999903],[115.06763458200021,-8.12025547099995],[115.067718506,-8.120218276999879],[115.06953430100009,-8.11905765499995],[115.06991577100018,-8.118814468999972],[115.07077026400009,-8.118441580999956],[115.07203674300001,-8.117595671999936],[115.07241058300019,-8.117292404999887],[115.07260131900011,-8.117137907999904],[115.07297515900018,-8.116841315999977],[115.07324981700003,-8.11661147999996],[115.07355499200014,-8.116271018999953],[115.07404327400002,-8.115633964999915],[115.07428741400008,-8.115365981999958],[115.07450866600016,-8.115203856999926],[115.07470703100012,-8.115098951999869],[115.07543182400013,-8.11433124599995],[115.07562255800008,-8.114073753999946],[115.07567596400008,-8.113718031999952],[115.07582855300018,-8.11273574899991],[115.07586670000023,-8.112512587999845],[115.0759658820001,-8.112351417999832],[115.07654571400008,-8.11134147599995],[115.0777587890002,-8.109808921999957],[115.07804107700008,-8.109581945999935],[115.07820892200004,-8.109484671999951],[115.07849121000015,-8.10938548899992],[115.07861328100023,-8.109295844999963],[115.07873535200008,-8.109209060999888],[115.0788192760001,-8.109137534999945],[115.0790481570001,-8.10893631099998],[115.07944488500004,-8.108717917999911],[115.07987213200022,-8.108620642999938],[115.08025360100021,-8.10853290499989],[115.080490112,-8.108458517999964],[115.0807113640002,-8.108304975999943],[115.08077240000023,-8.108263015999967],[115.08143615800009,-8.107512473999918],[115.08162689200003,-8.107220649999931],[115.08184051500007,-8.106898307999927],[115.08205413700011,-8.106639860999962],[115.08300781200012,-8.105829237999842],[115.08324432300003,-8.105653761999974],[115.08371734500008,-8.105401039999947],[115.0842361450002,-8.1051998129999],[115.08430481000016,-8.105174063999812],[115.08439636200023,-8.10514068499998],[115.08452606300023,-8.105093955999905],[115.0849304200002,-8.104784010999936],[115.08509826700015,-8.104673385999945],[115.08544158900008,-8.104656219999924],[115.08560943600003,-8.104641913999899],[115.0858306890002,-8.104510305999952],[115.08605194200004,-8.10438918999995],[115.08651733400006,-8.104227064999975],[115.08706665000022,-8.104018209999936],[115.08773803600002,-8.103939056999934],[115.08816528400018,-8.103890418999981],[115.08874511800002,-8.10368919299998],[115.0891723630001,-8.103558540999813],[115.08988952700008,-8.10339164599992],[115.09005737200005,-8.103323934999935],[115.09028625500002,-8.103230475999908],[115.09040069600019,-8.103143691999946],[115.09120941100002,-8.102738379999892],[115.09170532200017,-8.102476119999949],[115.09219360300017,-8.102222442999903],[115.0926437380001,-8.102028846999872],[115.0932083130001,-8.101795195999841],[115.09429168800011,-8.101181029999907],[115.09457397400001,-8.100909231999879],[115.09477996900011,-8.10068035099988],[115.09607696500007,-8.099465369999962],[115.09654998700012,-8.099070548999975],[115.09692382900016,-8.098753928999827],[115.09723663400007,-8.098491668999884],[115.09761810400016,-8.098212240999942],[115.09785461500007,-8.098038672999962],[115.09815216100003,-8.097803115999909],[115.09894561900012,-8.097161293999932],[115.09922027700009,-8.096959113999901],[115.09951782300004,-8.096785543999943],[115.09972381500006,-8.096590041999946],[115.09987640500003,-8.09645080599995],[115.10073089500008,-8.095661163999978],[115.10085296600028,-8.095550535999962],[115.10140228400007,-8.09502410899995],[115.10186767600021,-8.094662666999966],[115.10246276900034,-8.094123838999963],[115.10262298600003,-8.093981742999858],[115.10414123500016,-8.092741966999938],[115.10458374000007,-8.092334747999928],[115.1051788330002,-8.09183216199989],[115.10617065500003,-8.091108322999958],[115.10768890400016,-8.089898108999932],[115.10822296100002,-8.089602469999875],[115.10877227700018,-8.089234351999892],[115.10937500000023,-8.088889120999909],[115.11016845700021,-8.088313101999972],[115.110687256,-8.087932586999898],[115.1114044200001,-8.087317466999934],[115.112304687,-8.086542128999895],[115.11275482100018,-8.086203574999956],[115.114181518,-8.085061071999917],[115.11496734700006,-8.084341047999942],[115.11532592900005,-8.084012030999872],[115.11552429300014,-8.083686827999884],[115.115623475,-8.083534239999892],[115.11571502700008,-8.08325672199993],[115.11586761400008,-8.082842825999876],[115.11598205500002,-8.082630157999972],[115.11600494300012,-8.082311630999868],[115.11603546200024,-8.082028389999891],[115.11611938400006,-8.081840515999886],[115.11628723100023,-8.081687926999962],[115.116546631,-8.081560134999961],[115.1168212890002,-8.08149528499996],[115.11720275900007,-8.081515310999976],[115.11734008800022,-8.081522940999832],[115.11759185800008,-8.08156585599994],[115.11788177400024,-8.081445692999921],[115.11809539900003,-8.081372260999956],[115.11909484800003,-8.081734655999924],[115.11948394900003,-8.08188343099988],[115.11984252800016,-8.081914901999937],[115.1202697760001,-8.08193111299994],[115.12068176200012,-8.081949233999921],[115.12084961000016,-8.081925391999903],[115.12136077900004,-8.081851958999948],[115.12354278600003,-8.08140754599998],[115.12446594200003,-8.08110904699987],[115.12513732900004,-8.080883978999964],[115.12542724700006,-8.080802916999914],[115.12573242200006,-8.080718993999938],[115.12755584700017,-8.080031393999946],[115.1282043450002,-8.079762458999937],[115.12970733600014,-8.079181670999901],[115.13038635200019,-8.078950880999912],[115.13151550300006,-8.078600883999911],[115.13190460300007,-8.0784559249999],[115.13259124800015,-8.078010558999893],[115.13302612300004,-8.077678680999895],[115.13317108200022,-8.077565192999941],[115.13365936300033,-8.07719421299987],[115.13385772700008,-8.077056883999944],[115.13465118400006,-8.076489447999904],[115.13645935100021,-8.075280188999955],[115.13705444400011,-8.074889182999925],[115.13742828400018,-8.074634550999917],[115.13770294200015,-8.074412345999917],[115.13966369700029,-8.07343959799988],[115.14036560000022,-8.073068617999922],[115.14086914100005,-8.07280158999987],[115.1417770380001,-8.072294235999891],[115.14234161500019,-8.071934698999883],[115.14263916100015,-8.071780204999925],[115.14390564000018,-8.071288108999966],[115.14446258400005,-8.071005820999972],[115.14458465500013,-8.070934294999972],[115.14515685900005,-8.070540428999891],[115.14577484100005,-8.070096968999906],[115.14639282200005,-8.069717407999917],[115.1468658440001,-8.069464683999968],[115.14891815300007,-8.068590164999932],[115.1495895390002,-8.06826686799991],[115.15067291300011,-8.06774330099995],[115.15119171200013,-8.067475317999879],[115.15132904100005,-8.067402839999943],[115.15163421600016,-8.067206382999927],[115.15199279700005,-8.066993712999931],[115.15405273400006,-8.066120146999936],[115.15454101600017,-8.065920829999868],[115.15606689500021,-8.065123557999812],[115.15646362400003,-8.064938543999972],[115.15689086900011,-8.0648155209999],[115.15805053600013,-8.064519881999956],[115.1588668820001,-8.064216612999928],[115.15916442800005,-8.064144133999946],[115.15957641500017,-8.064123152999969],[115.16043090800008,-8.064196586999913],[115.16104888900009,-8.064171790999922],[115.16176605200019,-8.064039229999878],[115.16216278100012,-8.063920020999944],[115.16239929200003,-8.063831329999914],[115.16350555400004,-8.063793182999973],[115.16398620600023,-8.063796042999911],[115.16474151700027,-8.063753127999917],[115.16498565600011,-8.063732146999882],[115.16696167100008,-8.063563346999956],[115.16734313900008,-8.063559531999886],[115.16799926700003,-8.063601493999897],[115.16899871900011,-8.06359386399987],[115.16946411100002,-8.063541410999903],[115.16999816800012,-8.063405036999882],[115.17089080800008,-8.063274383999953],[115.1712265010002,-8.063224790999925],[115.17176055900018,-8.063160895999943],[115.17256164600008,-8.06311130599994],[115.17292022800007,-8.063081741999952],[115.17330169600007,-8.06300830899994],[115.17380523700001,-8.062936782999884],[115.17462921100002,-8.062818526999934],[115.1747207650003,-8.062808036999968],[115.17536163200009,-8.062794685999961],[115.17702484000006,-8.062739370999964],[115.17741394100005,-8.062714576999952],[115.17777252200017,-8.062692640999956],[115.1790161130001,-8.062520025999959],[115.18080139200026,-8.062313078999978],[115.18122863700023,-8.062264440999968],[115.18170929000007,-8.062161445999948],[115.18184661900011,-8.062132834999886],[115.18226623600015,-8.062050818999921],[115.18361663900009,-8.06183624299996],[115.18396759000007,-8.061794281999937],[115.18441009600008,-8.061818122999966],[115.18586730900029,-8.061923979999904],[115.18633270300006,-8.06204319099993],[115.1869583130001,-8.062283514999933],[115.18749237100008,-8.06247234299991],[115.18787384100006,-8.062635420999925],[115.18864440900006,-8.06299972599993],[115.1889343260001,-8.063179015999935],[115.18915557900004,-8.063351629999943],[115.18976593000002,-8.063838004999923],[115.19091796900022,-8.064471244999936],[115.19131469700017,-8.064809797999942],[115.19195556700026,-8.065331459999982],[115.19327545200031,-8.066342354999847],[115.19398498500016,-8.066861151999944],[115.19449615400003,-8.06716156099992],[115.19532013000003,-8.067613601999938],[115.19592285100009,-8.067997931999969],[115.19721221900022,-8.068817137999872],[115.19815063500005,-8.069440841999949],[115.1990356440001,-8.070029257999977],[115.19965362500022,-8.070530890999919],[115.20003509600008,-8.070805548999829],[115.201019287,-8.071560858999874],[115.20146179300002,-8.07187175699994],[115.20225525000012,-8.072357176999958],[115.20301056000005,-8.072728156999915],[115.20387268100023,-8.073153495999918],[115.20471191500008,-8.073498724999979],[115.20560455400005,-8.073768614999949],[115.20653534000019,-8.074047087999872],[115.20772552400013,-8.07441520599997],[115.20810699400022,-8.074478148999958],[115.20892334000007,-8.074586868999972],[115.21080017000008,-8.075003622999873],[115.2113418580002,-8.075094222999951],[115.21159362800006,-8.075136183999916],[115.21223449700005,-8.075311659999898],[115.21298980800009,-8.075702665999927],[115.21432495100032,-8.076477049999937],[115.2146606440001,-8.07659149199992],[115.21562957700007,-8.076921462999962],[115.21580505500003,-8.076998708999952],[115.21638488700023,-8.077222824999922],[115.21678924600008,-8.077297210999973],[115.21736145000011,-8.077387809999891],[115.21747589100005,-8.077405927999962],[115.21811676100003,-8.077639578999936],[115.2193374630001,-8.07808399199996],[115.21948242200028,-8.078127859999938],[115.21971130300017,-8.078200339999967],[115.22034454300012,-8.078514097999914],[115.22083282500023,-8.078704833999893],[115.22133636400008,-8.078899382999907],[115.22234344400022,-8.079241751999973],[115.22291565000012,-8.079449653999973],[115.22332763700001,-8.079587935999939],[115.22342681900011,-8.079618453999899],[115.22489166300011,-8.080018042999939],[115.2253265380001,-8.080073355999957],[115.2256546010002,-8.080187795999962],[115.22585296600016,-8.08024978599991],[115.22611999600008,-8.080332755999962],[115.2270965570001,-8.08052062899992],[115.22742462200017,-8.08056831399989],[115.2282791140002,-8.080674170999941],[115.22904205300017,-8.080842016999952],[115.22955322200005,-8.080933570999889],[115.23049926800002,-8.080982207999966],[115.23075866800002,-8.081148145999975],[115.23268890400004,-8.082320212999889],[115.23326873800022,-8.08258438099989],[115.23345947200016,-8.08265685899994],[115.23469543500005,-8.08314418699996],[115.23535919100004,-8.083314894999944],[115.23634338400007,-8.083529472999942],[115.23645019500009,-8.08355140599997],[115.23793792700008,-8.083646772999941],[115.23912048300008,-8.083651542999917],[115.24068450800007,-8.083621024999957],[115.24183654700005,-8.083507536999889],[115.24290466200011,-8.083323477999954],[115.24333953800021,-8.083258627999896],[115.24433135900006,-8.083150862999958],[115.244552612,-8.083227157999886],[115.24477386500007,-8.083388328999888],[115.24506378100011,-8.08355617399991],[115.24535369900013,-8.083640097999933],[115.24607849100005,-8.083853720999969],[115.2465515130001,-8.084087370999896],[115.24682617100007,-8.084209441999974],[115.2487640390002,-8.08478641399995],[115.24905395500002,-8.084866522999903],[115.24996948300009,-8.08514499599994],[115.25042724700018,-8.085251807999896],[115.25067138600002,-8.085307120999914],[115.25131988600003,-8.085417745999962],[115.25238800100021,-8.085684775999937],[115.25255584700005,-8.08574962699987],[115.25299835300007,-8.08584594599995],[115.25320378481672,-8.085881136282694],[115.253204,-8.085881],[115.25368500000013,-8.085964],[115.253876,-8.085878],[115.254051,-8.085856],[115.254128,-8.085847],[115.254372,-8.085886],[115.25453900000014,-8.085988],[115.254807,-8.086136],[115.255028,-8.086164],[115.25553100000013,-8.086242],[115.2558590000001,-8.086331],[115.256096,-8.086410999999885],[115.2562180000001,-8.086533],[115.256378,-8.086671],[115.256668,-8.086801],[115.256996,-8.08682],[115.2575760000002,-8.086798],[115.2580640000001,-8.086727],[115.258385,-8.086706],[115.258522,-8.086701],[115.258675,-8.08661],[115.25886500000013,-8.086495],[115.259338,-8.08655],[115.259766,-8.086582],[115.259995,-8.086676],[115.26016200000015,-8.086702],[115.260399,-8.086666],[115.260704,-8.086663],[115.26133000000016,-8.086873],[115.261642,-8.086859],[115.26215400000012,-8.087051],[115.26223800000014,-8.087091],[115.262878,-8.087288],[115.263481,-8.087659],[115.26367200000027,-8.087788],[115.263924,-8.087847],[115.264565,-8.087933],[115.264809,-8.087989],[115.265442,-8.088418],[115.26578500000016,-8.088752],[115.266045,-8.088922],[115.266655,-8.089214],[115.266899,-8.089472],[115.267159,-8.089702],[115.267532,-8.089993],[115.26773800000012,-8.09002],[115.268387,-8.089996],[115.26849400000015,-8.08997],[115.26859300000012,-8.090062],[115.26890600000013,-8.090328],[115.269165,-8.090507],[115.26936300000011,-8.090784],[115.26947800000016,-8.09093],[115.26962300000025,-8.091123],[115.270309,-8.091657],[115.27047,-8.09183],[115.27093500000012,-8.092409],[115.271202,-8.092653],[115.27256000000011,-8.093667],[115.273018,-8.093731],[115.27327,-8.093833],[115.27343,-8.093968],[115.273643,-8.094238],[115.27403300000014,-8.094752],[115.27436100000011,-8.095005],[115.275284,-8.095558],[115.276123,-8.09606],[115.276672,-8.09646],[115.277542,-8.096649],[115.278282,-8.096955],[115.278511,-8.097203],[115.278717,-8.097392],[115.278954,-8.09752],[115.27932000000021,-8.097736],[115.280022,-8.09809],[115.280602,-8.098215],[115.281494,-8.09841],[115.28228,-8.098507],[115.283554,-8.098712],[115.284096,-8.098946],[115.284393,-8.09914],[115.285065,-8.099715],[115.285309,-8.099895],[115.28559900000016,-8.100058],[115.28574400000025,-8.100138],[115.286194,-8.100297],[115.286888,-8.100541],[115.286759,-8.100614],[115.28666395328503,-8.100668410800552],[115.28675904500017,-8.100614412999903],[115.28688812300015,-8.100541114999885],[115.28717040900005,-8.10073947899997],[115.28771209700028,-8.101077079999925],[115.28799438500005,-8.101218223999979],[115.28850555400015,-8.101531028999943],[115.28952026400009,-8.102340698999967],[115.29055023200021,-8.102959632999898],[115.29087829500008,-8.103182792999974],[115.29230499200025,-8.103731154999878],[115.29276275600012,-8.103908537999928],[115.29361689005145,-8.104345137051041],[115.29308321500025,-8.104366436999953],[115.29361689171799,-8.104345137384371],[115.29455600100005,-8.104667998999957],[115.29552500000023,-8.104874],[115.295952,-8.104871],[115.29723375251092,-8.104743024048787],[115.29723375250012,-8.104743023999958],[115.2976379390002,-8.104736328999934],[115.29824829100005,-8.104801176999956],[115.29862213100012,-8.104891775999874],[115.29908752500023,-8.105053900999906],[115.29985809300001,-8.105275153999912],[115.30045318600014,-8.10545921299996],[115.30124664300001,-8.10575199099992],[115.30258941600016,-8.105919836999874],[115.30397796600028,-8.10586166399986],[115.30468750000023,-8.10592555999989],[115.30483245900018,-8.105911253999977],[115.30515289400012,-8.10588073699995],[115.30570983800021,-8.105764388999887],[115.30581665000022,-8.105784415999949],[115.30612945500002,-8.105823516999976],[115.30741119500021,-8.105854988999909],[115.30813598600002,-8.105924606999906],[115.30882263100011,-8.106056212999874],[115.30932617200017,-8.106221198999947],[115.30963897700019,-8.106404304999899],[115.30986023000025,-8.106607436999923],[115.3100814820001,-8.106896399999926],[115.31027984700006,-8.10709762499988],[115.31050109900025,-8.107197761999942],[115.31114196700003,-8.107410431999938],[115.31178283700012,-8.10766601599994],[115.31235504200026,-8.107907294999904],[115.31283569400011,-8.108168601999978],[115.31302642800006,-8.108415603999958],[115.31321716200023,-8.108606337999959],[115.31343841500006,-8.108760832999906],[115.31391906700026,-8.109034537999946],[115.31467437800018,-8.10933208399996],[115.31527709900001,-8.109416960999965],[115.31581878600002,-8.109393119999936],[115.31633758600026,-8.109381675999941],[115.31726074200026,-8.109494208999934],[115.31781005900018,-8.109672544999967],[115.3183059700001,-8.109890937999978],[115.31872558500004,-8.110070228999973],[115.31916809100005,-8.110208510999882],[115.31948852600021,-8.110353469999893],[115.32011413500004,-8.110746382999878],[115.3213882450001,-8.111812590999932],[115.32167816100014,-8.112055778999945],[115.32211303600013,-8.112410545999921],[115.32257843100001,-8.112650869999925],[115.32315826500019,-8.112872122999931],[115.32334899900002,-8.112912176999941],[115.32379150500003,-8.113024711999913],[115.32447815000023,-8.11306476599998],[115.32528686500007,-8.112994192999963],[115.32600402900005,-8.112932204999936],[115.32708740200007,-8.112898825999935],[115.32746124200014,-8.112906456999838],[115.32891845800009,-8.112775802999863],[115.32949829000006,-8.112662314999966],[115.330848693,-8.112551689999975],[115.33118438700012,-8.112506865999876],[115.33197021600017,-8.112336157999891],[115.3326187140002,-8.112101553999935],[115.334396362,-8.111353873999974],[115.33641052200005,-8.111095428999931],[115.3368606570001,-8.11113548399993],[115.33782959000007,-8.111299513999938],[115.33867645200007,-8.111466406999966],[115.33912658600002,-8.111542700999962],[115.3394546510001,-8.111697196999955],[115.33982086100002,-8.11189842199991],[115.34042358400006,-8.11230659399996],[115.34069061200012,-8.112572668999917],[115.34092712300026,-8.112827300999925],[115.34191894500009,-8.11379909599998],[115.34213256900034,-8.113994597999977],[115.34273529000006,-8.114530562999903],[115.3429718010002,-8.114878653999938],[115.34303283700001,-8.115073202999952],[115.34321594300013,-8.115620613999965],[115.34345245400004,-8.11612510699996],[115.34388732900004,-8.116967201999898],[115.344367981,-8.117702483999892],[115.34493255600012,-8.118409156999917],[115.34579467800006,-8.119204521999848],[115.34606933600003,-8.11926460199993],[115.34639739900013,-8.119429587999889],[115.34664917100031,-8.119624136999903],[115.34672546400031,-8.11968040399995],[115.34715271000016,-8.120008468999913],[115.34762573200021,-8.120313643999964],[115.34796142500022,-8.120468138999968],[115.34814453100023,-8.120614050999961],[115.34831237900005,-8.12080573999998],[115.34857177600031,-8.121040342999947],[115.34900665400005,-8.121283531999893],[115.35000610300006,-8.12186050399987],[115.3506088260001,-8.122293471999967],[115.35118865900006,-8.122873305999974],[115.35169220000023,-8.123368261999929],[115.35218048000013,-8.123877525999944],[115.3524551380001,-8.124198912999816],[115.35284423900009,-8.124651908999965],[115.35326385600001,-8.125117301999865],[115.3534622200001,-8.125335693999887],[115.35382843000002,-8.125779151999893],[115.35390472400013,-8.125832556999967],[115.35421752800005,-8.126102447999926],[115.35456085200008,-8.126385687999914],[115.35537719700005,-8.126918792999959],[115.35574340700009,-8.127082823999956],[115.35645294300002,-8.127412795999874],[115.3575897210003,-8.128054618999954],[115.35802459700005,-8.128302572999871],[115.35836029000006,-8.12840938599993],[115.35926818800021,-8.128689765999866],[115.359786987,-8.128846168999928],[115.361175537,-8.129094122999902],[115.3612976070001,-8.12908649499991],[115.36174774100004,-8.129061698999976],[115.36277008100012,-8.129014968999968],[115.36335754400011,-8.129023551999921],[115.36562347500012,-8.129129409999905],[115.36663055500014,-8.129247664999923],[115.36671447900017,-8.12927532099991],[115.36746978700012,-8.12950706499987],[115.36819458100001,-8.129766463999943],[115.36960601900012,-8.130409239999949],[115.36984253000003,-8.130593299999873],[115.37025451700015,-8.130926130999967],[115.37077331600017,-8.131162641999936],[115.37125396700003,-8.131347655999946],[115.37169647200017,-8.131444930999919],[115.37213897800018,-8.131451605999928],[115.37274169900002,-8.131402015999925],[115.37425995000001,-8.13140773799995],[115.374717712,-8.13149833599988],[115.37542724700006,-8.131730078999965],[115.37580108700001,-8.131851196999946],[115.37635040300006,-8.13208961499987],[115.37676239000007,-8.132345199999975],[115.3771286020002,-8.132699966999951],[115.37734985400004,-8.132987022999885],[115.37760162400014,-8.13331317799998],[115.37802124100006,-8.133776664999914],[115.37830352700018,-8.134025573999907],[115.37889862000009,-8.13441085699992],[115.37930297900004,-8.134578704999967],[115.3797760010001,-8.134695052999973],[115.38020324600006,-8.134717940999906],[115.38082885800009,-8.13469123799996],[115.38127136300022,-8.134604453999941],[115.38184356800002,-8.134519576999935],[115.3821640000001,-8.134510993999925],[115.3823699950002,-8.13453864999991],[115.38265228300008,-8.134599685999888],[115.38361358600014,-8.134743689999937],[115.38488769500009,-8.13489818499994],[115.38539123600015,-8.13497829399995],[115.38630676200023,-8.135183332999873],[115.38804626600006,-8.135636328999965],[115.38848114100006,-8.135747909999964],[115.3892593380001,-8.135907171999975],[115.38942718500005,-8.13587284099998],[115.38970184300001,-8.135804176999898],[115.38979339500031,-8.135811804999946],[115.39002990700021,-8.135897636999914],[115.39045715400005,-8.136132239999881],[115.39182281500018,-8.136767386999963],[115.39289093000002,-8.137201307999874],[115.393684387,-8.13751506799997],[115.39413452100018,-8.137724876999926],[115.3946228020003,-8.137997626999947],[115.39495849700006,-8.138244628999871],[115.39531707700007,-8.138484954999967],[115.39571380500024,-8.138694762999876],[115.39654540900017,-8.139014242999963],[115.3969955450001,-8.139114379999967],[115.39770507800006,-8.139379501999883],[115.39845275900007,-8.13971996299989],[115.39868164200004,-8.13990402199994],[115.39880371000004,-8.139986037999961],[115.39978790300006,-8.140640258999952],[115.40068054300002,-8.1411552429999],[115.40081787200006,-8.14132881099988],[115.40117645300018,-8.141614913999945],[115.40155029400012,-8.141811370999903],[115.40192413400007,-8.141980171999933],[115.40295410200008,-8.14240837199992],[115.40307617200006,-8.142456053999979],[115.40322876000005,-8.142478942999901],[115.40396881200002,-8.142690657999935],[115.40440368700001,-8.142849921999868],[115.40474700900018,-8.143031120999979],[115.4056015010002,-8.143642424999882],[115.40648651200013,-8.14421749099995],[115.40696716300022,-8.144552229999931],[115.40740966800013,-8.144856453999978],[115.40839385900028,-8.145543098999951],[115.40917968800022,-8.146084783999925],[115.40975189300002,-8.146587371999942],[115.4099960320001,-8.146773338999878],[115.41144561700003,-8.147937773999956],[115.41167450000023,-8.148088454999879],[115.41184997600021,-8.148151397999925],[115.41198730500003,-8.14822482999989],[115.4122314440001,-8.148715971999934],[115.41304779000018,-8.150134085999923],[115.41355895900006,-8.150636671999962],[115.41411590500002,-8.150945663999948],[115.41467285100009,-8.151312828999949],[115.4148559570001,-8.151439666999977],[115.4153671260002,-8.151788710999881],[115.41564178400006,-8.151917456999968],[115.41608429000007,-8.152133941999864],[115.41626739600008,-8.152194977999955],[115.4164199830002,-8.152230261999932],[115.41683960000023,-8.152260780999939],[115.41703033400017,-8.15223789199996],[115.41716003500017,-8.152185439999926],[115.41817474300012,-8.15202998999996],[115.41899108900009,-8.15201568699996],[115.42044067400002,-8.151960371999962],[115.42086029100005,-8.151950835999969],[115.42105865500014,-8.15197753799987],[115.42148590000022,-8.152033804999917],[115.42194366400008,-8.152178763999927],[115.42240905800008,-8.152460097999949],[115.42263030900017,-8.152594565999948],[115.42302703800021,-8.152717589999838],[115.42394256600005,-8.152830122999887],[115.4247207640002,-8.152961730999948],[115.42569732700008,-8.153073310999957],[115.42694091800001,-8.153131483999971],[115.42726135300018,-8.153124808999962],[115.42758941600005,-8.153154372999893],[115.4289321890002,-8.153496740999913],[115.42943573000002,-8.15359115599989],[115.43009185800031,-8.153765678999946],[115.43063354400022,-8.153963087999955],[115.4320220940001,-8.154343605999884],[115.43224334700005,-8.154391287999943],[115.43291473300019,-8.154620170999976],[115.43328857400013,-8.154781340999875],[115.43385315000012,-8.155023574999916],[115.43461608800021,-8.155361175999872],[115.43505096400008,-8.155486106999945],[115.4351806640002,-8.155521392999901],[115.43540191700015,-8.155550002999973],[115.43573761000005,-8.155571937999923],[115.43627166800002,-8.155592916999979],[115.43709564200003,-8.155799864999949],[115.43851470900006,-8.156354902999965],[115.43906402600032,-8.156614302999913],[115.44068908800011,-8.157368659999975],[115.44104766900023,-8.157490730999882],[115.44164276200001,-8.157565116999933],[115.44194793700012,-8.157560348999937],[115.44219970600011,-8.157608031999928],[115.44245910600023,-8.157761573999892],[115.4428710950001,-8.157951354999966],[115.44306182900004,-8.158046721999881],[115.44331359800003,-8.158204078999916],[115.44390869100016,-8.158591269999818],[115.44403076200001,-8.158672331999924],[115.44454956100026,-8.158989905999931],[115.445159912,-8.159302710999953],[115.44546508900021,-8.159440039999879],[115.4456176760001,-8.159502029999942],[115.4458999640002,-8.159600256999965],[115.44640350300017,-8.159805296999878],[115.4465179440001,-8.15984725899989],[115.4468231200002,-8.159967421999966],[115.4474411010001,-8.160182951999957],[115.44808959900024,-8.16040801999992],[115.44862365700021,-8.160593033999874],[115.4487762440001,-8.16064739199993],[115.44922638000003,-8.160801885999945],[115.44980621300022,-8.16100120499982],[115.45067596300021,-8.16124725199984],[115.45104217500011,-8.161345481999945],[115.45143127400024,-8.16147613499993],[115.45182037400014,-8.161696432999975],[115.45198822000032,-8.161813735999885],[115.45227050800008,-8.161918640999943],[115.45250701900034,-8.161982535999925],[115.4525833130001,-8.162002562999874],[115.45272827200006,-8.162040708999939],[115.45304870700022,-8.162140845999943],[115.4532775880001,-8.162222862999897],[115.45370483500017,-8.162440299999957],[115.45381927500023,-8.162503242999946],[115.45421600400005,-8.162750244999927],[115.45448303200033,-8.162963866999917],[115.45504760800031,-8.163538931999938],[115.4552764890002,-8.163736343999972],[115.45565795900006,-8.164117813999951],[115.45616912800006,-8.164565084999822],[115.45623779400023,-8.164624212999911],[115.45661926200012,-8.16498470199997],[115.45694732700008,-8.16539955099995],[115.45711517300003,-8.165678024999977],[115.45733642500011,-8.166183470999954],[115.4574661260001,-8.166619300999969],[115.45756530800008,-8.166910171999973],[115.4576644900003,-8.167121886999894],[115.4579467770003,-8.167643546999955],[115.45817565900006,-8.168117523999854],[115.45845794800005,-8.16873931799995],[115.45870971700003,-8.169221877999917],[115.45890808100012,-8.169526099999871],[115.45905304000007,-8.16968154999995],[115.45934295700022,-8.169981955999901],[115.45973205500002,-8.17036533399994],[115.45984649600018,-8.17038249999996],[115.46047973700013,-8.170495032999838],[115.46097564600018,-8.170638083999961],[115.46148681700015,-8.170947073999912],[115.46215820400016,-8.171545028999958],[115.46291351400009,-8.17226982099993],[115.46331024200003,-8.172640800999943],[115.46344757100019,-8.172801017999916],[115.46374511800002,-8.173184393999975],[115.46457672200006,-8.173928260999958],[115.46518707300004,-8.174441337999951],[115.46614074800016,-8.175036430999967],[115.46689605800009,-8.175408362999917],[115.46811676000004,-8.175958633999926],[115.46871948300009,-8.176335333999873],[115.46969604500009,-8.177121162999981],[115.47017669700006,-8.177529334999917],[115.47084045300005,-8.178054809999878],[115.471244812,-8.178195953999932],[115.47189331000004,-8.178359983999883],[115.47320556600027,-8.178454397999815],[115.47402191200001,-8.17852783199993],[115.47526550300006,-8.178617475999886],[115.47608947700007,-8.178683280999905],[115.47726440400004,-8.178730963999953],[115.47818756000004,-8.178780555999879],[115.47917175300017,-8.178790091999872],[115.48002624600008,-8.178863524999826],[115.48094940200008,-8.178981780999948],[115.48154449500021,-8.179025649999915],[115.48226165800031,-8.17915630399989],[115.48309326200001,-8.179361342999869],[115.48373413000013,-8.17954158699996],[115.48451232900015,-8.180053710999971],[115.48486328000013,-8.180377960999976],[115.48551940900029,-8.181279182999958],[115.48580932700008,-8.181612968999957],[115.48645782500012,-8.182493209999961],[115.48675537100007,-8.182929992999846],[115.487304687,-8.183739660999947],[115.48761749200025,-8.1841468799999],[115.48795318500004,-8.18444347399992],[115.48834991400008,-8.184998511999936],[115.48873901400032,-8.185673713999904],[115.48883819600019,-8.185635566999963],[115.48913574300002,-8.186137198999972],[115.48954773000014,-8.186687468999878],[115.49044799700005,-8.187472342999968],[115.49085998600015,-8.187764166999955],[115.49092731673204,-8.187811972843406],[115.49086,-8.187764],[115.490906,-8.187682],[115.49145488009981,-8.188035922687277],[115.491455,-8.188036],[115.49145490579645,-8.188035934417712],[115.49166870100021,-8.188107490999926],[115.49282836900022,-8.188673971999947],[115.49282074000018,-8.188751216999947],[115.4927612670001,-8.188801161999947],[115.49282087000006,-8.188751108999895],[115.4936520010001,-8.189089],[115.495102,-8.189682000999937],[115.49581099900024,-8.189774000999819],[115.496979,-8.189979998999888],[115.49774199900014,-8.190270999999882],[115.49872600000015,-8.190792998999939],[115.499657,-8.191604998999878],[115.50060300000018,-8.19235],[115.50123600000018,-8.193086998999945],[115.50181599900009,-8.194077998999944],[115.5020370000002,-8.194364999999891],[115.50263200100005,-8.195315998999888],[115.50308199900019,-8.196026],[115.50340999900016,-8.196558000999971],[115.50392900100007,-8.197379000999945],[115.50434899900006,-8.198044],[115.50471500100014,-8.198474],[115.504967,-8.19890599899992],[115.50536300000022,-8.199678],[115.50579799900004,-8.200531998999963],[115.505997,-8.200911],[115.50646200100005,-8.201756],[115.50703399900033,-8.202723999999876],[115.5073619990003,-8.203287000999921],[115.50789600000019,-8.203973998999913],[115.508163,-8.20424399899997],[115.508354,-8.204386999999826],[115.50944499900015,-8.20520599899993],[115.50990300100023,-8.205476998999927],[115.51021600000013,-8.205591],[115.51162000100021,-8.206107],[115.51239799900009,-8.20641],[115.51351199900023,-8.206938000999969],[115.51445800100021,-8.207335],[115.5152280000002,-8.207751000999963],[115.515678,-8.208037],[115.51663200100006,-8.208763],[115.5174329990001,-8.209168000999966],[115.518356,-8.209616000999915],[115.51879900100016,-8.209895],[115.51948499900004,-8.210537],[115.51980600000024,-8.210758998999893],[115.52019470400012,-8.21105677199995],[115.5201948570002,-8.211056739999947],[115.52134704500008,-8.21174812299995],[115.52201843300008,-8.21219062699987],[115.5229492200001,-8.212909697999976],[115.52339935300029,-8.213202476999925],[115.52461242800007,-8.214112281999974],[115.52533721900022,-8.214632033999976],[115.5260009760002,-8.215161322999904],[115.52648162800017,-8.215386390999981],[115.52753448500016,-8.215848922999953],[115.52843475400027,-8.216097831999946],[115.52933502200017,-8.21630573199991],[115.53002166700003,-8.216543197999954],[115.53070068300008,-8.216836928999896],[115.53113555900006,-8.21704959899995],[115.53138733000014,-8.217137335999894],[115.53165435800008,-8.21716022499993],[115.53243255700022,-8.217324256999916],[115.53391265900007,-8.217645644999948],[115.53450775100032,-8.217954634999955],[115.53606414700016,-8.218840597999872],[115.5368499760001,-8.219540595999888],[115.53781890900007,-8.22034931199994],[115.538551331,-8.220981597999923],[115.539939881,-8.22216415399987],[115.54022216700014,-8.222298622999915],[115.54156494200004,-8.222948072999827],[115.54345703100023,-8.223442076999845],[115.54466247500011,-8.224053382999955],[115.54519653300008,-8.224396705999936],[115.54647827200017,-8.225210188999938],[115.5471267700002,-8.225553512999909],[115.54775238000013,-8.225933074999887],[115.54860687200005,-8.226581572999976],[115.54927063100001,-8.22695827399997],[115.55030059900002,-8.227501868999923],[115.55139160200008,-8.228026388999979],[115.55249023400006,-8.22856044699995],[115.55313110400016,-8.228928565999922],[115.55412292500023,-8.229464530999962],[115.5545043940001,-8.229825972999947],[115.55529022300004,-8.230138777999969],[115.55577087300003,-8.230267523999942],[115.55644226200002,-8.23049926699997],[115.55722808900009,-8.230824469999959],[115.55747985800008,-8.230930326999896],[115.55801391600005,-8.231199264999873],[115.55818939100004,-8.231317519999891],[115.55859375000023,-8.23169994299991],[115.55909729100006,-8.23224067599989],[115.5593872070001,-8.232571601999894],[115.55953216600005,-8.232632636999881],[115.55964660700022,-8.232694624999965],[115.55983734100005,-8.23284244499996],[115.56021118100023,-8.2332057939999],[115.5604858390002,-8.233166694999966],[115.5607452390002,-8.233340262999945],[115.56105041500018,-8.233645438999929],[115.56159973100011,-8.234497069999975],[115.56204223700001,-8.23520850999995],[115.56242370700011,-8.235721586999944],[115.56268310400003,-8.235728263999874],[115.56272125300006,-8.235814093999977],[115.5627517700002,-8.235974310999893],[115.56304931600027,-8.23599052399993],[115.56314849900002,-8.236036300999956],[115.56349945000022,-8.236616133999973],[115.56394195600024,-8.237304687999938],[115.56409454300001,-8.237624167999968],[115.56446838300019,-8.238632200999973],[115.56533813400017,-8.23979186999992],[115.56558227500034,-8.240054129999976],[115.56630706900012,-8.240695952999943],[115.56712341200023,-8.241553306999947],[115.56748199400022,-8.241711616999964],[115.56789398100011,-8.241956710999887],[115.56846618700001,-8.242571829999974],[115.56854248100012,-8.24269199299988],[115.5689468380001,-8.243322372999842],[115.56932830800008,-8.243764875999943],[115.56985473600025,-8.244205473999898],[115.57070922800006,-8.245110511999883],[115.57131957900003,-8.245592116999944],[115.57147979700017,-8.245821],[115.57198333800034,-8.246396064999942],[115.57243347100007,-8.246994017999953],[115.57269287100019,-8.247314452999944],[115.57299804700006,-8.247721671999955],[115.57363891500006,-8.248426436999978],[115.57419586100002,-8.248892783999963],[115.57495117200006,-8.249425888999895],[115.57582855300006,-8.250076293999882],[115.57634735200008,-8.25058078799998],[115.57663726800013,-8.250958442999888],[115.5771408090003,-8.25155067399993],[115.57733154300013,-8.251723288999926],[115.57795715300017,-8.252162931999976],[115.57834625300006,-8.252502440999933],[115.57865905800008,-8.252818107999929],[115.57957458600015,-8.253689765999923],[115.5802307140001,-8.254099845999917],[115.58090972800017,-8.254850387999966],[115.58161926200023,-8.255836486999897],[115.58203887900004,-8.256608007999887],[115.58250427300004,-8.257335661999946],[115.58339691200001,-8.258651733999955],[115.58449554400022,-8.26017761299994],[115.58535766700004,-8.26148414599993],[115.5867080700001,-8.262993811999877],[115.58735656800013,-8.263801574999832],[115.58794403100012,-8.264853476999974],[115.5889663710002,-8.266318320999972],[115.5899963390001,-8.268018722999955],[115.59037017900016,-8.268737793999946],[115.59085082900015,-8.270349501999931],[115.59133148200021,-8.27137470199989],[115.59217071600017,-8.273512839999967],[115.59293365400003,-8.275300025999968],[115.59333038300008,-8.275817870999902],[115.59411621200002,-8.276957511999967],[115.59498596300011,-8.277923583999893],[115.59544372500022,-8.278397558999927],[115.59583282500023,-8.278643607999982],[115.59635925200018,-8.278645515999926],[115.59671020600024,-8.278576849999922],[115.59704589900002,-8.278227805999904],[115.59725189200014,-8.27854347099992],[115.59779357900027,-8.278895377999902],[115.59826660200008,-8.27907180799997],[115.59864044200026,-8.278950689999874],[115.59922790400003,-8.279941558999951],[115.59985351600005,-8.28015422899989],[115.60025787300003,-8.28052329899998],[115.60073089700029,-8.281347274999916],[115.60121917700019,-8.281716346999929],[115.60157012900015,-8.28229522699985],[115.6021499640002,-8.282594680999921],[115.60247802700007,-8.283015250999938],[115.60264587400002,-8.283707617999937],[115.60301208400017,-8.284006118999912],[115.60383606000005,-8.28402614499987],[115.60456085200019,-8.284081457999946],[115.60478210400004,-8.284625052999957],[115.60452270500002,-8.284903525999937],[115.60446930000012,-8.285270690999937],[115.60464477500011,-8.285464286999968],[115.60513305600011,-8.285657881999896],[115.60537719700017,-8.286446570999942],[115.6056213390001,-8.287445067999954],[115.6061859130001,-8.288400649999971],[115.60733795200008,-8.289926528999956],[115.60921478200032,-8.292225836999933],[115.61009216300022,-8.292718887999968],[115.6108856200002,-8.29357051799991],[115.61231994500008,-8.295115469999928],[115.61288452200006,-8.295414923999942],[115.61367034900013,-8.296099662999836],[115.61491393900019,-8.296838760999947],[115.61640930200019,-8.298515318999932],[115.61695098900032,-8.298936843999911],[115.6172866830002,-8.29890346499991],[115.61775970500025,-8.298852919999888],[115.617935181,-8.299255370999902],[115.61811065700022,-8.299641608999877],[115.61851501500007,-8.299818037999898],[115.61881256200024,-8.30011653899993],[115.61860656700003,-8.300260543999912],[115.61871338000003,-8.300289154999973],[115.61888122500011,-8.300415037999926],[115.61889648400006,-8.300679205999927],[115.61901855400004,-8.300958633999869],[115.61914825500003,-8.301243781999915],[115.61934661900011,-8.301606178999975],[115.61923217700007,-8.301856040999951],[115.61910247800006,-8.302120207999963],[115.6191635130001,-8.302453993999961],[115.6193389890002,-8.30289935999997],[115.61943817100007,-8.30302524599989],[115.61959075900006,-8.30326270899991],[115.6195220950001,-8.303554534999876],[115.61951446500018,-8.303956983999967],[115.61966705400005,-8.304306030999896],[115.61989593500005,-8.30452918899988],[115.61978149500021,-8.305015563999973],[115.61979675300006,-8.305203437999978],[115.62004852200005,-8.305857657999923],[115.62023162800006,-8.305941581999946],[115.62038421600005,-8.306039809999902],[115.62030029400023,-8.306122780999942],[115.62020111200002,-8.306234358999916],[115.62018585100009,-8.30641460399994],[115.6206283570001,-8.30740356299998],[115.62110137900004,-8.308184622999931],[115.62123870800008,-8.308310507999863],[115.62149047800017,-8.308339118999982],[115.62164306700004,-8.308311462999939],[115.62170410200008,-8.308367728999883],[115.62165832500011,-8.308478355999966],[115.62162780900007,-8.308659551999938],[115.6217575070001,-8.308771132999937],[115.62194061300033,-8.308799743999941],[115.62203216500006,-8.308869361999939],[115.62199401900011,-8.309036254999967],[115.62186432000033,-8.309258459999967],[115.62195587200006,-8.309376715999974],[115.62213897800018,-8.30951595199997],[115.62213897800018,-8.309613226999886],[115.62205505400016,-8.309682844999884],[115.62245941300012,-8.310073852999835],[115.62254333400006,-8.310533522999947],[115.62266540500013,-8.310658455999885],[115.622917174,-8.310965537999891],[115.62322998100012,-8.312024116999908],[115.62367248500027,-8.31294345799995],[115.62419891400009,-8.313689232999934],[115.62459564300013,-8.314448355999957],[115.62483215400005,-8.314783095999928],[115.62498474100016,-8.314874647999943],[115.6251754750001,-8.315000533999978],[115.62548065200008,-8.315294265999853],[115.62576294000019,-8.315625190999981],[115.62601470900006,-8.316053390999969],[115.62609100300006,-8.316262245999894],[115.62606811500007,-8.316840170999967],[115.62615966900023,-8.317263602999901],[115.62644195500013,-8.317584990999933],[115.62653350900007,-8.317710875999978],[115.62655639700017,-8.31827068299998],[115.62660980200008,-8.318451880999874],[115.62680816700004,-8.318675040999892],[115.6271286010001,-8.318918227999916],[115.62760925400016,-8.319149015999926],[115.62773132300003,-8.319191932999956],[115.62788391200013,-8.319322586999931],[115.62813568100012,-8.319899558999964],[115.62799072200005,-8.320597648999978],[115.62798309400011,-8.320880889999955],[115.62802124100006,-8.32113170599996],[115.62829589900002,-8.32149505599989],[115.62834930400004,-8.322036743999945],[115.628395081,-8.322361946999933],[115.62879943800021,-8.323055266999916],[115.62911224400011,-8.323462485999869],[115.62934112500034,-8.32377910599996],[115.62974548400018,-8.324184416999913],[115.63053894100017,-8.324763296999947],[115.63082122700007,-8.324896812999896],[115.63273620700011,-8.325311659999954],[115.63361358600014,-8.325565336999944],[115.63427734400011,-8.325869560999934],[115.63475799600008,-8.32615947699992],[115.63593292200017,-8.32724380499991],[115.63677215600012,-8.328073501999938],[115.63811492900015,-8.329490660999852],[115.63932800300017,-8.330748556999936],[115.64031982500012,-8.33178138799991],[115.64101410000012,-8.332572937999885],[115.64123535200008,-8.332765578999897],[115.64178466800013,-8.333283423999944],[115.64210510300006,-8.333483694999927],[115.64288330000022,-8.333741187999976],[115.64418029800004,-8.334158896999895],[115.64456176800002,-8.334218979999832],[115.64546203600003,-8.33431053199996],[115.64616394100017,-8.334386824999967],[115.6469421380001,-8.334488867999937],[115.6476364130001,-8.334602354999845],[115.64849853500004,-8.334782600999915],[115.64962768600014,-8.335000038999965],[115.65096282900004,-8.334934233999945],[115.6530075070001,-8.334830283999963],[115.65448760900017,-8.334599494999964],[115.65488433700011,-8.33461189299993],[115.65688324100017,-8.334958076999953],[115.65797424200002,-8.335404394999955],[115.65834808400007,-8.335700988999974],[115.65862274200003,-8.33600425599991],[115.65881347600009,-8.336384773999953],[115.65896606400008,-8.33680534399997],[115.65933990600013,-8.337846754999873],[115.65953827000033,-8.33816528199992],[115.65963745000022,-8.33826160399991],[115.65984344500009,-8.338365553999893],[115.6599197380001,-8.338389395999911],[115.66018676800002,-8.338474273999907],[115.66056823800011,-8.33854675299989],[115.66121673600014,-8.338549612999941],[115.66140747000009,-8.338461875999883],[115.66162872300004,-8.338317871999948],[115.66185760400003,-8.33810806199989],[115.66231536800012,-8.337583541999948],[115.66241455000011,-8.337449073999949],[115.66255950900029,-8.337400435999882],[115.66272735500002,-8.337416648999977],[115.66294098000014,-8.337435722999885],[115.66314697200016,-8.337445258999878],[115.66420745900007,-8.337393760999873],[115.66435241600004,-8.337471006999976],[115.66456604100006,-8.337839126999938],[115.66486358700001,-8.338161466999964],[115.66500091600005,-8.338309288999938],[115.66561889700029,-8.338953018999916],[115.66622924900003,-8.339717864999955],[115.6668624880001,-8.340477942999883],[115.66708374100017,-8.340739249999842],[115.66757202200017,-8.341254233999905],[115.66776275600012,-8.341465949999929],[115.66819000300006,-8.341880798999966],[115.66844177200005,-8.342042923999884],[115.66879272400013,-8.342271804999882],[115.66960907000009,-8.342810629999974],[115.66990661600005,-8.342994688999852],[115.67014312700019,-8.343088149999858],[115.6703033450001,-8.343130111999926],[115.67103576700015,-8.343312262999916],[115.67137146000016,-8.34339618699994],[115.67151641900011,-8.343450544999882],[115.67240142800006,-8.343790052999907],[115.67294311600017,-8.343996047999838],[115.67369079600019,-8.344325065999953],[115.67394256500017,-8.344422339999937],[115.67424774200003,-8.34453964099987],[115.67442321800002,-8.34455490199997],[115.67465209900001,-8.344566344999862],[115.67504119900025,-8.344447135999928],[115.67530822700019,-8.344345091999912],[115.675476075,-8.34429931699998],[115.6755447380001,-8.344226835999905],[115.67568206700003,-8.34420967099993],[115.67584228400005,-8.34428024399989],[115.67619323800011,-8.344420432999868],[115.6764450070001,-8.34452628999992],[115.67702484200015,-8.344809530999896],[115.67772674500009,-8.345212934999893],[115.67813110400004,-8.345441817999927],[115.67915344200003,-8.345918654999934],[115.68051147500012,-8.346574783999927],[115.68136596600016,-8.346867559999907],[115.68182373000002,-8.34721279099989],[115.68194580000022,-8.347372053999948],[115.68208312900026,-8.347539901999937],[115.68230438200021,-8.348154067999872],[115.68244171100014,-8.348578452999902],[115.68255615200007,-8.348952292999911],[115.68264007500034,-8.34922885799989],[115.68270874100017,-8.34946346199996],[115.68288421700015,-8.349737166999944],[115.68297576900022,-8.34987926399998],[115.68314361600017,-8.35011005399997],[115.68331909200015,-8.350239752999869],[115.68354034500021,-8.350348472999883],[115.68389892700009,-8.350519180999981],[115.68407440200008,-8.35058879899998],[115.68425750600011,-8.350665092999975],[115.68473053100013,-8.350891112999932],[115.68489074800016,-8.351013183999896],[115.68502807700008,-8.350946425999894],[115.6852417,-8.350880622999966],[115.68546295200008,-8.350845335999963],[115.68563079800003,-8.35086631699994],[115.68582153400007,-8.350885390999906],[115.68609619200004,-8.350951193999947],[115.6864395140002,-8.351062773999956],[115.68657684300013,-8.351121901999932],[115.68687438900008,-8.351236341999936],[115.68711853000025,-8.351441383999827],[115.68766784600007,-8.351914405999878],[115.68783569400011,-8.352056502999915],[115.68800353900019,-8.352300643999968],[115.68811035200008,-8.352460861999873],[115.68818664500009,-8.352702140999952],[115.68832397400001,-8.353208541999948],[115.68848419200026,-8.35349750599994],[115.68859100400005,-8.353681563999885],[115.68869018600026,-8.353795051999953],[115.68889617900015,-8.354001998999934],[115.68915557800005,-8.354263305999893],[115.68930816600005,-8.354394912999965],[115.68956756500029,-8.354633330999945],[115.68980407600009,-8.354722022999908],[115.69012451100002,-8.354872702999955],[115.69030761700003,-8.355042457999957],[115.69042968800011,-8.35515975899989],[115.69057464700018,-8.355276106999952],[115.69117736800001,-8.35575103699989],[115.69131469700005,-8.35584926599995],[115.69139099100016,-8.35581684199991],[115.69146728400017,-8.355781554999908],[115.69158935500002,-8.355716704999963],[115.69168853700012,-8.355666159999885],[115.69182586600004,-8.35565566899993],[115.69200897200005,-8.35566711499996],[115.69220733600014,-8.355709076999972],[115.69239807000008,-8.35577869499997],[115.69245910600034,-8.355867386999932],[115.69263458300009,-8.356252669999833],[115.69281005900018,-8.356451033999974],[115.69315338100012,-8.356842039999947],[115.693229674,-8.356846809999979],[115.69345092700007,-8.356884001999845],[115.69388580200007,-8.357203483999967],[115.69398498500004,-8.357254981999972],[115.69424438400006,-8.357070922999924],[115.6943054200002,-8.35701942299994],[115.6945571890003,-8.356935501999942],[115.69477844200003,-8.356920240999898],[115.6949234010001,-8.356969832999937],[115.69520568900032,-8.357159614999887],[115.69566345300018,-8.3574256899999],[115.69591522200017,-8.357540129999961],[115.69622039900025,-8.357743261999872],[115.6971054080002,-8.35807227999993],[115.697784425,-8.358345984999914],[115.69811248800022,-8.358416555999895],[115.69822692800005,-8.358466147999934],[115.6982879640002,-8.358553884999878],[115.6983413690001,-8.358615874999941],[115.69846343900008,-8.358771322999928],[115.6985473630001,-8.35884761899996],[115.69889068700002,-8.359182356999952],[115.69921112200018,-8.359605788999886],[115.69950103800022,-8.359975813999938],[115.69958496200002,-8.360262869999815],[115.6996002200002,-8.360385893999933],[115.69964599700018,-8.360757827999976],[115.69960784800014,-8.36095142299996],[115.6996002200002,-8.36117172299987],[115.6996688830003,-8.361630438999896],[115.69984436100003,-8.362417220999873],[115.69994354300013,-8.362843513999906],[115.70005798400007,-8.36310005099989],[115.70020294100004,-8.36321544599997],[115.70064544700006,-8.363591193999866],[115.70069122400002,-8.363739012999929],[115.70060730000023,-8.364010810999957],[115.70056152300026,-8.364186286999882],[115.70062255800008,-8.364550590999954],[115.70068359300024,-8.364809990999902],[115.70084381100003,-8.365412711999966],[115.70090484600018,-8.365550994999921],[115.70094299300001,-8.365641594999943],[115.70107269400023,-8.365879057999962],[115.70117950400015,-8.366150855999933],[115.70126342800017,-8.366341589999877],[115.70141601500006,-8.366666792999979],[115.70170593300008,-8.367113113999949],[115.70180511600006,-8.367276190999917],[115.70201110800008,-8.367589950999957],[115.70214843700012,-8.367891309999948],[115.70249176000004,-8.368641852999872],[115.70261383100012,-8.368901252999933],[115.7029418940001,-8.369430541999918],[115.70323181200013,-8.36991119499993],[115.70341491600004,-8.37012767799996],[115.70377349800003,-8.370542526999941],[115.70426178100001,-8.370911598999896],[115.70465087900004,-8.371214865999946],[115.70552063000002,-8.371220588999961],[115.70552826000005,-8.371517179999898],[115.705619812,-8.371700285999964],[115.70576477100019,-8.371992109999951],[115.70600891100014,-8.372461318999967],[115.70613098100011,-8.372707365999872],[115.70633697600022,-8.373116492999884],[115.70642852800017,-8.373251913999923],[115.70664215000022,-8.37357807199993],[115.70715332100019,-8.373858451999922],[115.70736694400011,-8.374028204999945],[115.70771789500031,-8.3742780689999],[115.7084655760001,-8.37440681499993],[115.70880889900002,-8.374541281999939],[115.70891571100015,-8.374582290999967],[115.70907592700007,-8.374722479999832],[115.70941925000011,-8.375339506999978],[115.7095489510001,-8.375517844999933],[115.70979309000018,-8.37586498199994],[115.70991516100003,-8.37609386399987],[115.71004486200002,-8.37635230899997],[115.71018219100029,-8.376878738999892],[115.71022796600005,-8.377057074999925],[115.71043396000005,-8.37739086099998],[115.71066284100027,-8.37765884299995],[115.7108001700002,-8.377819060999968],[115.71086120500001,-8.377979277999827],[115.71075439500021,-8.378445624999927],[115.71071624800015,-8.378690718999962],[115.71073913500004,-8.378807066999912],[115.71080780000011,-8.378967283999941],[115.710784912,-8.379165648999845],[115.71076202300014,-8.379240036999931],[115.71073913500004,-8.379322050999974],[115.7106781010001,-8.379879951999953],[115.71062469400022,-8.380043981999961],[115.71046447700007,-8.38022613599992],[115.71020507700007,-8.38048171999992],[115.7101058950002,-8.380786894999972],[115.71007537800006,-8.380869865999898],[115.71002960100009,-8.38107299799998],[115.71002960100009,-8.38116931999997],[115.71006774800014,-8.3815784439999],[115.71007537800006,-8.381653784999912],[115.71020507700007,-8.38196086899984],[115.71037292500012,-8.382302282999945],[115.71035003600002,-8.38237857899992],[115.71028137300016,-8.382664679999891],[115.71017456100003,-8.383129118999932],[115.71022796600005,-8.383324622999965],[115.71046447700007,-8.383906362999937],[115.71042633000002,-8.384712218999937],[115.71040344200003,-8.384901046999914],[115.71042633000002,-8.385503767999978],[115.71042633000002,-8.385720252999931],[115.71049499500009,-8.386134147999883],[115.71058654700005,-8.38629817999987],[115.71077728400007,-8.38662147499997],[115.71141052300015,-8.387092589999952],[115.71157074100006,-8.387211799999875],[115.7116546630001,-8.387397766999925],[115.71163177400024,-8.387601851999932],[115.71158599900014,-8.387892722999936],[115.71155548000002,-8.388003349999906],[115.71155548000002,-8.388168334999875],[115.71144104000007,-8.388305663999972],[115.7114257820001,-8.388382910999894],[115.71150207500011,-8.388607977999925],[115.71150970500003,-8.388686179999922],[115.71152496400009,-8.388934135999932],[115.71157836900022,-8.38916396999997],[115.71162414600019,-8.389483451999979],[115.71163177400024,-8.389558792999935],[115.71160888800011,-8.389803886999971],[115.71164703400007,-8.389896393999948],[115.71195220900006,-8.390194892999887],[115.71192932100007,-8.390280723999979],[115.71183776900011,-8.390363692999927],[115.71168518100012,-8.39039611699991],[115.7114944450002,-8.39051437299986],[115.7111663820001,-8.390872954999963],[115.71115112400025,-8.391072273999896],[115.71108245800008,-8.391669271999945],[115.71103668100011,-8.391856192999967],[115.71089172400013,-8.392436980999946],[115.71091461300011,-8.3926448819999],[115.7109603880001,-8.392833708999888],[115.71130371100003,-8.393097876999946],[115.71154022200017,-8.393176077999897],[115.71153259200003,-8.393321036999907],[115.71167755100021,-8.393410682999956],[115.71194458100013,-8.393550872999924],[115.71203613300008,-8.393628120999892],[115.7118606570001,-8.393880842999977],[115.71174621700004,-8.393965721999962],[115.71156311100015,-8.393993377999948],[115.71138763500005,-8.393995285999836],[115.71114349400034,-8.394062041999916],[115.71095275900007,-8.394084929999963],[115.71067047100018,-8.394206045999965],[115.71054840100021,-8.394254682999872],[115.71023559600019,-8.394406317999938],[115.71011352500011,-8.39453029599997],[115.70996093800022,-8.395006180999872],[115.70989227200005,-8.395217895999906],[115.70982360900007,-8.395764350999912],[115.7098541260001,-8.396037101999923],[115.7099304190001,-8.396407126999975],[115.70994568000003,-8.396724700999869],[115.70993804900002,-8.39729404499991],[115.71035003600002,-8.39755058299994],[115.71041107200017,-8.397624968999935],[115.71061706600017,-8.397753714999965],[115.71060943600003,-8.398076056999969],[115.71097564800016,-8.398164748999932],[115.7109603880001,-8.39827251399987],[115.71086883600003,-8.39851379299995],[115.71086120500001,-8.398782729999823],[115.71100616500007,-8.398918151999908],[115.71109008800022,-8.399069785999927],[115.71127319400023,-8.399796484999968],[115.7111663820001,-8.40000438699991],[115.71102142300015,-8.400320051999927],[115.71130371100003,-8.400656699999956],[115.71121215900007,-8.400744436999958],[115.71063232400002,-8.400842666999893],[115.71046447700007,-8.401003836999905],[115.71038818300008,-8.40112113999993],[115.71009826700015,-8.4015502929999],[115.70983123700023,-8.40199375099985],[115.70970916700003,-8.402302741999904],[115.70962524500021,-8.40261840799991],[115.7096710200002,-8.403166770999917],[115.70944976900012,-8.403737067999941],[115.70906829900014,-8.404441832999964],[115.70883941600016,-8.404603004999899],[115.70839691200013,-8.40479659999994],[115.70816802900026,-8.405074119999881],[115.70699310400016,-8.406489371999953],[115.70658111500006,-8.406905173999974],[115.7065124510001,-8.407150267999896],[115.70624542200005,-8.40805721199996],[115.70618438600002,-8.408595084999888],[115.70574951100002,-8.40922164899996],[115.70513153200011,-8.41010761299998],[115.70467376800025,-8.410489080999923],[115.70436859100016,-8.410622596999872],[115.70417022700008,-8.410642623999934],[115.70367431600016,-8.410614013999975],[115.70343780500002,-8.410693167999966],[115.70285034200003,-8.41122245799994],[115.70269775300005,-8.411286353999913],[115.70218658400017,-8.411405563999892],[115.70185852100008,-8.411585807999927],[115.7016067510001,-8.411780356999941],[115.70122528100012,-8.412189482999963],[115.70085144100005,-8.412705419999895],[115.700531006,-8.413023947999875],[115.700325012,-8.413494109999874],[115.70035553000002,-8.413971899999979],[115.70027923700002,-8.414428710999857],[115.70027923700002,-8.41476154399993],[115.7002716070001,-8.415117262999956],[115.70018768300008,-8.415285110999946],[115.70014953600003,-8.415527342999894],[115.70002746500018,-8.415641784999934],[115.69988250800009,-8.415828703999978],[115.6999053950002,-8.416098593999891],[115.70016479400022,-8.416287422999972],[115.70015716600028,-8.416596411999876],[115.70015716600028,-8.416814802999909],[115.70008850100021,-8.417144775999873],[115.70037841900023,-8.417159080999966],[115.70045471200001,-8.417260168999917],[115.7004776010001,-8.41744136699998],[115.70039367700008,-8.417676925999956],[115.70043945200007,-8.417979239999909],[115.70022583000014,-8.418180465999967],[115.69996643000013,-8.418260572999827],[115.69977569600019,-8.41821289099994],[115.69949340800008,-8.418211935999977],[115.69892120300005,-8.418457984999975],[115.6983413690001,-8.418887137999889],[115.69805145300006,-8.418865203999928],[115.69769287100007,-8.418555258999959],[115.69741058300019,-8.418540953999923],[115.6971588130001,-8.418573379999941],[115.69691467200005,-8.418724059999874],[115.69668579100005,-8.419025420999958],[115.69610595600011,-8.420220374999872],[115.69599151600005,-8.420734405999951],[115.69600677400013,-8.421185492999882],[115.69551086400008,-8.422091484999896],[115.69549560500002,-8.422225950999916],[115.6958007820001,-8.42273425999997],[115.69583129900002,-8.423178672999938],[115.6955413820001,-8.423621176999973],[115.69544220000012,-8.42381572599993],[115.69523620600012,-8.423942566999926],[115.69481658900008,-8.424109458999965],[115.69466400100009,-8.424210548999895],[115.69463348500005,-8.42429733299997],[115.694671631,-8.424515723999946],[115.69459533800023,-8.424872397999934],[115.69438934300013,-8.42543601899996],[115.69419097900004,-8.425590513999964],[115.69388580200007,-8.425951957999928],[115.69355773900008,-8.426526069999909],[115.69360351600005,-8.426829336999958],[115.69355773900008,-8.426902770999902],[115.69344329900002,-8.426929473999962],[115.69304657000009,-8.426834106999877],[115.69287872300004,-8.4269008629999],[115.69254302900015,-8.42726898199993],[115.69249725200018,-8.427491187999976],[115.69239807000008,-8.427860259999875],[115.69211578400018,-8.428134917999955],[115.69197082500023,-8.428128242999946],[115.69158935500002,-8.42801189499994],[115.69163513200021,-8.427931785999931],[115.69159698500016,-8.427824020999935],[115.69139862100008,-8.427675246999968],[115.69081878600002,-8.427888868999958],[115.69058227500022,-8.428022384999963],[115.69038391100003,-8.428223609999918],[115.69020843500005,-8.428589819999956],[115.68943023600002,-8.429729460999908],[115.6891403200002,-8.430508613999905],[115.68901062100008,-8.430645942999888],[115.68869018600026,-8.431451795999976],[115.68860626200023,-8.432238577999954],[115.688453675,-8.432385444999966],[115.68819427500034,-8.432496069999956],[115.68775940000012,-8.43289756699994],[115.68753814700005,-8.433038710999881],[115.68724822900003,-8.433205603999966],[115.68695831300022,-8.433352469999932],[115.68684387200005,-8.433473585999934],[115.68675232000032,-8.43366145999994],[115.68658447300004,-8.433754920999945],[115.68613433900009,-8.433968543999924],[115.6860275270003,-8.434029578999912],[115.68574523900008,-8.434128760999954],[115.68501281700003,-8.434340476999978],[115.68472290000011,-8.434482572999912],[115.68419647300016,-8.434744834999947],[115.68338012700008,-8.435128210999949],[115.68323516800012,-8.435291290999942],[115.68296051000016,-8.43551254199997],[115.68257141200024,-8.435729026999923],[115.68231964000006,-8.43587112299997],[115.68210601800013,-8.436019897999927],[115.68222045800019,-8.436263083999961],[115.68228912400002,-8.43642806899993],[115.68229675200007,-8.436549186999912],[115.6819992080002,-8.43677711499987],[115.68154907200005,-8.437275885999952],[115.68102264400022,-8.437949180999965],[115.68083190800007,-8.43817710899998],[115.68049621500006,-8.438804625999921],[115.6802978510002,-8.439024925999945],[115.67987060600012,-8.439245223999876],[115.67912292500012,-8.439593314999911],[115.67841339200015,-8.439911841999958],[115.67809295700033,-8.440150260999815],[115.6777572640002,-8.44049930499989],[115.6773147580002,-8.441104887999927],[115.67695617700008,-8.441347121999968],[115.67631530700021,-8.441816328999892],[115.67584228400005,-8.442114830999913],[115.67560577300003,-8.442238806999967],[115.67480468800011,-8.44239330399995],[115.67410278300008,-8.442690849999963],[115.67334747300026,-8.44305991999994],[115.67291259700016,-8.443272589999935],[115.67243957500011,-8.443863867999937],[115.67215728700023,-8.44435214999993],[115.67192077600009,-8.445130346999917],[115.6717147830002,-8.445151327999952],[115.67115783700012,-8.445027351999954],[115.67089843800022,-8.445097922999935],[115.67046356200012,-8.445132254999976],[115.66989135800009,-8.445130346999917],[115.66936492800005,-8.44521427099994],[115.6686859140001,-8.445251464999899],[115.66818237300015,-8.445328711999935],[115.66750335600034,-8.445505141999945],[115.66661834700005,-8.44593715699989],[115.6665267950001,-8.446137428999918],[115.66637420600034,-8.44623661099996],[115.66610717800006,-8.446350096999936],[115.66574859600007,-8.446298598999931],[115.66506958000002,-8.446425437999949],[115.6647033700001,-8.446699142999876],[115.6644134510002,-8.446812628999965],[115.66407775800008,-8.446889876999933],[115.66370391800001,-8.446952819999979],[115.66358184700016,-8.447059629999956],[115.66320037900005,-8.447308538999948],[115.66299438500005,-8.447364806999872],[115.66292571900021,-8.447428701999911],[115.66275787400014,-8.447556495999947],[115.66263580300006,-8.447728155999926],[115.66223144600008,-8.447912214999974],[115.66195678600025,-8.448060988999941],[115.66150665300006,-8.448320388999889],[115.6601257330002,-8.449037551999936],[115.65947723500017,-8.44926357299994],[115.6592254630001,-8.44948387099987],[115.65868377800018,-8.449925421999922],[115.65811157300016,-8.450512886999945],[115.65753173900009,-8.450846671999955],[115.65705108600002,-8.45114517199994],[115.65664672800006,-8.451351165999938],[115.65628814800004,-8.451778410999964],[115.6558609010001,-8.452451704999874],[115.6554718020003,-8.452886580999973],[115.65514373700012,-8.453156470999943],[115.65469360300017,-8.453497886999912],[115.65453338600014,-8.45369720399998],[115.65422058100012,-8.453853605999939],[115.65371704000006,-8.454080580999914],[115.65331268300008,-8.454161642999964],[115.65258026200001,-8.454265594999924],[115.65214538600003,-8.454299926999965],[115.65172576900011,-8.454491615999927],[115.65148925800031,-8.454633711999918],[115.6509780890002,-8.454753875999927],[115.65051269500009,-8.45478916199994],[115.64983367800028,-8.454832076999935],[115.64968872100008,-8.454900741999893],[115.64916992200006,-8.455009459999928],[115.64867401100003,-8.45509147599995],[115.64832306000017,-8.455151556999965],[115.64762115400003,-8.455370901999913],[115.64647674600019,-8.45580959299997],[115.64569854700005,-8.456161498999961],[115.64501190200008,-8.456472395999924],[115.64483642600021,-8.456562994999956],[115.64469146700003,-8.456730842999889],[115.64444732600009,-8.456806181999923],[115.64424896200023,-8.456942557999923],[115.6436538690001,-8.457448958999976],[115.64299774200026,-8.457537650999939],[115.64234924300001,-8.458092688999955],[115.64172363300008,-8.458266257999924],[115.64105987500011,-8.458466529999896],[115.64045715400005,-8.458617208999954],[115.64022064200003,-8.458753584999954],[115.63988494900002,-8.459004401999891],[115.63967132700009,-8.459354400999928],[115.63859558100012,-8.459805486999926],[115.6376419070001,-8.460221288999946],[115.63729095500003,-8.460517882999966],[115.6367187510001,-8.460874556999897],[115.63652038600026,-8.461046217999979],[115.63531494000017,-8.462194441999884],[115.63495636100004,-8.462773323999897],[115.63490295400004,-8.463153838999972],[115.6348648070001,-8.463420866999911],[115.6348648070001,-8.463602064999975],[115.63484191800012,-8.46484851799994],[115.63484191800012,-8.464952467999979],[115.63482666000027,-8.465453146999948],[115.63482666000027,-8.46564674299998],[115.63483429000019,-8.465852737999967],[115.63479614300002,-8.466049194999869],[115.63464355400004,-8.466859817999875],[115.63456726000015,-8.467424391999884],[115.63439178400017,-8.467976569999905],[115.63423156700014,-8.46826744099991],[115.63315582200005,-8.470185278999963],[115.63227844300002,-8.471255300999871],[115.63188934200002,-8.47183799599992],[115.63185119600007,-8.471901893999814],[115.63105011000005,-8.472600936999982],[115.6308822630001,-8.472694395999838],[115.62953949000018,-8.473113060999935],[115.62882995600023,-8.473493575999953],[115.62763977100008,-8.474210739999876],[115.627159118,-8.474478721999958],[115.6268920900003,-8.474786758999926],[115.62654113700012,-8.475323676999949],[115.62607574500021,-8.476325033999956],[115.62596130400004,-8.476560591999885],[115.62578582800006,-8.476702688999922],[115.625617981,-8.476796150999917],[115.62522888200021,-8.476947782999957],[115.62416839600019,-8.477255819999925],[115.62361908000003,-8.47747802799995],[115.62330627500035,-8.477663993999954],[115.62292480500003,-8.477999686999965],[115.6227111820001,-8.478248595999958],[115.62264251700014,-8.478675841999916],[115.62255096500007,-8.47928047199997],[115.62242889400011,-8.479529380999963],[115.62210083100013,-8.479908941999895],[115.62149047800017,-8.480558394999889],[115.62099456700003,-8.48075580599982],[115.62053680500003,-8.480985641999894],[115.61973571800024,-8.481855392999933],[115.6195983890002,-8.481967925999925],[115.6193389890002,-8.482122420999929],[115.61897277900005,-8.482293128999913],[115.61791229200003,-8.483392714999923],[115.61736297600021,-8.484320640999897],[115.61667633200011,-8.485570906999953],[115.61663818300019,-8.486623763999944],[115.61689758200009,-8.487030027999879],[115.61695861800001,-8.487098693999883],[115.617012025,-8.487269401999981],[115.61703491100002,-8.487569807999876],[115.6169738760002,-8.48771095199993],[115.61629486100003,-8.488371847999872],[115.61608886700003,-8.488759993999963],[115.61521911600028,-8.490412711999909],[115.6150741570001,-8.490967749999925],[115.61495208800022,-8.491281509999965],[115.6148452760001,-8.491445541999951],[115.61454773000003,-8.491947172999971],[115.61414337100018,-8.49265956899984],[115.61393737800006,-8.49310970299996],[115.61370849500008,-8.493460653999932],[115.61341094900001,-8.493918417999964],[115.61305236700002,-8.49437427499987],[115.61285400300005,-8.494762419999915],[115.61272430400027,-8.495097160999933],[115.61274719300013,-8.495440481999879],[115.61289215200009,-8.49559783899997],[115.61306762800007,-8.49586868199998],[115.61336517400002,-8.49602699199994],[115.61357879700006,-8.49624919799993],[115.61363220200008,-8.496611594999877],[115.61388397100006,-8.496796607999897],[115.61400604200014,-8.497007369999949],[115.61383056600016,-8.497025488999952],[115.61393737800006,-8.497128485999951],[115.61401367200006,-8.49728012099996],[115.6139984140002,-8.497426032999954],[115.61385345500003,-8.497426032999954],[115.61373138400029,-8.49742507999997],[115.61372375600001,-8.497517584999969],[115.61397552500011,-8.497610090999899],[115.61405944900002,-8.497691154999927],[115.61400604200014,-8.49778366199996],[115.61376953100012,-8.497728346999907],[115.61376953100012,-8.49819278599989],[115.61390686000004,-8.4983777999999],[115.61390686000004,-8.498623848999955],[115.61351013100023,-8.498762129999932],[115.61300659200003,-8.498599051999918],[115.61254119800003,-8.498353957999882],[115.61235046400009,-8.498277664999875],[115.61226654000006,-8.49851512899994],[115.61213684100005,-8.498882292999895],[115.61203002900015,-8.499156950999975],[115.61179351800001,-8.49972629499996],[115.61171722400013,-8.499937057999887],[115.61145019500009,-8.500622749999934],[115.61135101200011,-8.500805853999907],[115.6110687260001,-8.501402853999934],[115.61077118000014,-8.501963614999966],[115.61051940800007,-8.502492904999883],[115.61022949200026,-8.50305080399994],[115.610481262,-8.503614424999967],[115.61090087900016,-8.50411510399988],[115.61122131400009,-8.504435538999928],[115.61136627300004,-8.504598615999953],[115.61165618900009,-8.504961967999975],[115.61200714100005,-8.505184173999965],[115.6123275760001,-8.505650519999904],[115.6124801630001,-8.50594329899991],[115.61245727600021,-8.506132125999898],[115.61254882800017,-8.506202696999878],[115.61262512200005,-8.506311415999903],[115.61245727600021,-8.506337164999877],[115.6122207630001,-8.506234167999878],[115.61203002900015,-8.506157873999882],[115.61183929500032,-8.506102561999853],[115.61165618900009,-8.506139755999925],[115.61145782500023,-8.50596046499993],[115.61132812600022,-8.506193160999885],[115.61132049600008,-8.506511687999932],[115.61102294900013,-8.50662994399994],[115.61057281600006,-8.506390569999951],[115.61041259800015,-8.505962371999885],[115.6101684570001,-8.505663870999967],[115.60961914100017,-8.505334852999908],[115.60915374700016,-8.504987716999892],[115.60903167600009,-8.504776],[115.60897827100007,-8.504484175999949],[115.60887146100004,-8.504116057999966],[115.60868072500011,-8.503802298999972],[115.60848999100017,-8.50383949299993],[115.60845947200005,-8.504006385999958],[115.60836029000018,-8.504038809999884],[115.6081848140002,-8.503994940999974],[115.60807037400014,-8.504076003999955],[115.60787963900009,-8.504036902999928],[115.60775756900011,-8.50406646599987],[115.60774231000005,-8.504222868999932],[115.6075668330003,-8.504346846999965],[115.60738372900005,-8.504519461999962],[115.60719299300013,-8.504362104999927],[115.60698700000023,-8.504177093999942],[115.60672760100033,-8.503851890999954],[115.60655975300017,-8.503645896999956],[115.606239318,-8.503623007999863],[115.60604858400006,-8.50371456199997],[115.60586547800017,-8.503832817999978],[115.6056213390001,-8.50395107299994],[115.60545349100005,-8.504239081999856],[115.60521698000014,-8.50457382199994],[115.6050262460002,-8.504848479999907],[115.6048965450002,-8.50485324799996],[115.6048965450002,-8.504999159999954],[115.60485077000021,-8.505302428999926],[115.6048965450002,-8.505453108999916],[115.60486602800006,-8.505685806999907],[115.60444641100003,-8.505714415999876],[115.60433197100019,-8.50576782099995],[115.60423278900032,-8.505848884999978],[115.60412597600009,-8.50578308199988],[115.60398864700005,-8.50570678799994],[115.60381317200017,-8.505722998999886],[115.60370635900028,-8.505620001999887],[115.60348510600022,-8.505635261999885],[115.6031036380001,-8.505746839999972],[115.6026535020003,-8.505950926999901],[115.6015319820001,-8.50642490399997],[115.6012268080002,-8.506553649999944],[115.59981536900023,-8.507229804999952],[115.59854126000005,-8.507892607999963],[115.59810638400018,-8.508107185999961],[115.59766387900004,-8.508300781999935],[115.5965499890001,-8.508767126999942],[115.59555816700004,-8.509149551999883],[115.59498596300011,-8.50936412699997],[115.5937194830002,-8.509894371999962],[115.59314727700007,-8.510206221999908],[115.5925903330002,-8.51056861799998],[115.59199524000007,-8.51093387599991],[115.59127044600007,-8.511369705999925],[115.59015655400015,-8.512060165999912],[115.58963012700019,-8.512474059999874],[115.5889434820001,-8.512671469999873],[115.5881423950002,-8.513160704999962],[115.5875778210002,-8.51368617999998],[115.58663177400001,-8.514466285999958],[115.58549499600008,-8.51527595399989],[115.58483886700003,-8.515672682999877],[115.5841064460003,-8.516092299999968],[115.58377075200008,-8.516355514999873],[115.5829010010001,-8.516814230999898],[115.58237457200005,-8.517072677999977],[115.581855775,-8.517292022999925],[115.58149719300002,-8.517447470999969],[115.58146667400001,-8.517615318999958],[115.58127594000007,-8.517744064999931],[115.58098602200005,-8.51772689899991],[115.58096313600015,-8.517591474999904],[115.58094024700006,-8.517358778999949],[115.58106231800014,-8.517191885999978],[115.58111572300004,-8.516883848999896],[115.58112335100009,-8.516586302999883],[115.58106231800014,-8.516151427999944],[115.58099365200019,-8.515475272999879],[115.58081054600007,-8.515139579999925],[115.58038330100021,-8.514959333999911],[115.57994842600021,-8.514844893999964],[115.5795059200002,-8.514862059999928],[115.57912445000022,-8.51467132599987],[115.57839965800008,-8.51451683099998],[115.57802581800013,-8.514256475999957],[115.57772064200003,-8.514206885999897],[115.57749938900031,-8.514086722999934],[115.57689666800013,-8.513865469999928],[115.57650756900011,-8.513842581999882],[115.57621002300004,-8.51380920299988],[115.57591247600021,-8.513581274999922],[115.57571411200013,-8.513499260999879],[115.57436370900007,-8.512940406999917],[115.57386016800001,-8.512792587999968],[115.57368469200003,-8.51278114199988],[115.57357788000013,-8.512656210999978],[115.57334136900022,-8.512612341999954],[115.57279968300008,-8.512523649999935],[115.57247161800024,-8.512446403999832],[115.5723342890002,-8.512316702999954],[115.57188415500002,-8.512074470999949],[115.57099151600016,-8.511482238999974],[115.57019042900004,-8.510932922999928],[115.56979370000022,-8.510704039999894],[115.56954956100014,-8.510611532999974],[115.56935882500022,-8.510643004999906],[115.5693817130001,-8.510499954999887],[115.56859588600003,-8.510162353999931],[115.56818389900013,-8.509982108999964],[115.56800842400025,-8.50996017499989],[115.56781768700023,-8.509970664999969],[115.56774139400022,-8.509878158999982],[115.56761169500021,-8.509758947999956],[115.56688690100009,-8.509545325999966],[115.5667877190001,-8.509598732999848],[115.56674194400011,-8.509501455999953],[115.56647491400008,-8.509422301999905],[115.56606292800006,-8.509301185999902],[115.56587219100004,-8.509230612999943],[115.56568908700012,-8.509132385999976],[115.56561279400012,-8.509148596999978],[115.56553649800003,-8.509185790999936],[115.56548309300013,-8.509110449999923],[115.56543731600016,-8.509029388999977],[115.5652771010001,-8.508953094999981],[115.564994812,-8.508832931999962],[115.5647277830002,-8.508761405999905],[115.56448364300002,-8.50875568399988],[115.56415557800017,-8.50865459399995],[115.5635528570001,-8.508194921999973],[115.56288146900033,-8.507970808999971],[115.56258392400014,-8.508008955999912],[115.56229400600012,-8.507838247999928],[115.56179046700015,-8.507783889999871],[115.56072998000002,-8.50725078599993],[115.55911254900025,-8.506539344999908],[115.55864715500013,-8.506289482999932],[115.55802917400001,-8.506091117999972],[115.5576324450002,-8.506037710999976],[115.55684661800012,-8.505848884999978],[115.55659484900013,-8.505765915999973],[115.55584716900012,-8.505669593999926],[115.55508422800006,-8.505666732999941],[115.55448913500015,-8.505644797999878],[115.5537872320001,-8.505576133999966],[115.55381774900002,-8.505146979999836],[115.55373382500022,-8.504959105999944],[115.55355834900001,-8.504794119999929],[115.55218506000006,-8.505002974999911],[115.55122375500002,-8.505172727999934],[115.5497970580002,-8.505541800999879],[115.54918670700022,-8.505639074999976],[115.5482330320001,-8.505781173999878],[115.54700470000023,-8.505820273999916],[115.54657745400004,-8.50572586099986],[115.54641723700001,-8.505543707999948],[115.54597473100034,-8.505395888999885],[115.54547882100019,-8.505332945999953],[115.54515075700021,-8.505387305999932],[115.54387664800004,-8.504776954999954],[115.54231262200017,-8.50398063699987],[115.54230499200003,-8.503867148999973],[115.54206085300018,-8.503765106999879],[115.54179382300015,-8.503575325999975],[115.54143524100027,-8.50337409899987],[115.54101562400012,-8.503238677999946],[115.54065704400011,-8.503014563999955],[115.54058837900004,-8.502731323999967],[115.54047393800022,-8.502309798999931],[115.54022216700014,-8.502079009999932],[115.539474487,-8.501508711999975],[115.53872680700022,-8.500998496999955],[115.5382843010002,-8.500700950999942],[115.53697204700029,-8.50057983299996],[115.53661346500007,-8.500529287999939],[115.53559112500011,-8.500366209999868],[115.53460693400007,-8.50021934599988],[115.53383636500018,-8.500386238999909],[115.53296661400009,-8.500574111999924],[115.53229522800018,-8.500782011999888],[115.53181457500011,-8.501037596999879],[115.53147125200019,-8.501202581999962],[115.531097412,-8.501384734999931],[115.5310134880001,-8.50141715999996],[115.53093719400022,-8.501427649999926],[115.53079986500018,-8.501358031999928],[115.53063964800015,-8.501234053999895],[115.5304183950002,-8.50102615399993],[115.53028106600027,-8.501091003999875],[115.52987670900018,-8.501285552999889],[115.52930450500003,-8.501557348999938],[115.52884674100017,-8.501794814999926],[115.52848052900003,-8.501898764999908],[115.52788543600013,-8.502016067999932],[115.52734375100033,-8.50224399599989],[115.5271301260002,-8.502385139999944],[115.52711486800001,-8.502508162999902],[115.52704620400016,-8.50261306799996],[115.526855468,-8.502681731999871],[115.52666473400006,-8.502763747999893],[115.52662658700001,-8.50288391099997],[115.52667236400009,-8.503036497999915],[115.52652740500014,-8.503256797999938],[115.52625274700017,-8.50319385499995],[115.52606201100002,-8.503075599999931],[115.52585601800013,-8.502991675999851],[115.52555084200003,-8.502928732999976],[115.52538299600019,-8.503087042999937],[115.52500915600001,-8.503198622999832],[115.5244903570001,-8.503428458999906],[115.52413177500011,-8.503417967999951],[115.52323150600034,-8.503560064999874],[115.52224731400008,-8.503836630999956],[115.52141571000004,-8.504153250999934],[115.52066040000011,-8.504426002999935],[115.52040863100012,-8.504535675999875],[115.52014160100009,-8.504644392999978],[115.52027893000013,-8.50467681999993],[115.519943237,-8.504935263999926],[115.51927185000011,-8.505458831999874],[115.51823425400005,-8.506196020999937],[115.51731872600033,-8.506735800999934],[115.5164718640001,-8.50730800599996],[115.51560211300011,-8.507738112999903],[115.51439666700003,-8.508243559999869],[115.5135421760001,-8.508673666999869],[115.5125656130001,-8.509057044999963],[115.51206207200005,-8.509431837999955],[115.51175689800004,-8.509697912999968],[115.51116180500014,-8.510257720999903],[115.51051330500013,-8.510938642999974],[115.51002502400013,-8.511432646999879],[115.50952148500005,-8.511925696999981],[115.50912475700011,-8.512394903999905],[115.50885009700016,-8.512730596999972],[115.50858306900011,-8.513141631999872],[115.50827026400009,-8.51413249999996],[115.50811004700006,-8.514732360999972],[115.50805664000018,-8.514954566999961],[115.50815582200016,-8.51637267999996],[115.50796508800022,-8.517089843999884],[115.50769806000017,-8.51789569899995],[115.50794219900001,-8.519001960999901],[115.50801086500019,-8.519207000999927],[115.50819397100008,-8.519495008999968],[115.50898742600009,-8.520423887999868],[115.50957489100006,-8.520755767999901],[115.50992584200003,-8.520906447999948],[115.51019287200018,-8.521165847999896],[115.51045227100019,-8.521704672999874],[115.51055145400016,-8.521792411999968],[115.51068878300009,-8.521842956999876],[115.5107345580002,-8.521991728999922],[115.5107574460003,-8.522157668999967],[115.5108108510002,-8.5222682939999],[115.51097869900002,-8.522568702999877],[115.51107788100012,-8.522825239999975],[115.51110839800003,-8.5230026239999],[115.51129913400018,-8.523333548999915],[115.51158905000023,-8.523804663999897],[115.51190948500016,-8.524306296999953],[115.51205444400011,-8.524530409999954],[115.51214599600007,-8.524827003999974],[115.5122299200001,-8.525400160999936],[115.51226806700015,-8.52564239499992],[115.51229858300019,-8.526054381999927],[115.51235199100017,-8.526500701999964],[115.51232147200005,-8.526739120999878],[115.51269531200023,-8.527010916999927],[115.5130004890002,-8.527415274999953],[115.5134887690001,-8.527847289999897],[115.51381683400018,-8.52815723499998],[115.51402282700008,-8.528407096999956],[115.51415252700008,-8.528739929999972],[115.51413726700014,-8.529088973999876],[115.51412200900006,-8.529348372999948],[115.51427459800004,-8.529573440999911],[115.5143814080003,-8.529617308999889],[115.51458740300006,-8.529541969999968],[115.51468658500005,-8.529357908999941],[115.5147705070001,-8.529361723999898],[115.51497650100009,-8.52942085199993],[115.51522064300002,-8.529681205999964],[115.5151824960002,-8.529771805999928],[115.51491546600005,-8.529954909999958],[115.51458740300006,-8.52994441899989],[115.51414489700005,-8.529946326999948],[115.51381683400018,-8.530082702999948],[115.51372528000002,-8.530342101999906],[115.51370239200025,-8.530620574999944],[115.513854981,-8.530733107999936],[115.51417541600017,-8.530923841999936],[115.51442718500027,-8.531076431999963],[115.51448822100019,-8.53142356799998],[115.5143051150003,-8.531854628999952],[115.51422119100027,-8.532121657999937],[115.5140304570001,-8.532301901999972],[115.51403808500004,-8.532522201999939],[115.51410675000011,-8.532896041999948],[115.51406097400013,-8.533227919999945],[115.51419830200007,-8.533376693999912],[115.51465606600016,-8.533219336999878],[115.51485443100012,-8.533426284999962],[115.5144653320001,-8.533733368999947],[115.51410675000011,-8.534173011999826],[115.51380157400013,-8.53458023099995],[115.5134353640002,-8.534626005999826],[115.51322174100005,-8.534399032999943],[115.51335144000018,-8.534038542999951],[115.51316833400017,-8.533889770999906],[115.51293182300003,-8.533478736999939],[115.5127944940001,-8.533123969999963],[115.5128097520003,-8.532475471999874],[115.51282501300022,-8.532016753999926],[115.5127944940001,-8.531703948999905],[115.51259613000002,-8.531378745999973],[115.51239776600016,-8.53098392499993],[115.51213836600016,-8.530878066999946],[115.51137542700019,-8.530812261999927],[115.51059722900015,-8.530884742999888],[115.51038360600012,-8.530970571999887],[115.50999450800009,-8.531252859999881],[115.50976562500023,-8.531421660999968],[115.50942230300006,-8.531727789999934],[115.50926208600004,-8.531939506999947],[115.5089111320001,-8.532370566999816],[115.50870514000019,-8.532629966999934],[115.50853729200014,-8.532867430999886],[115.50867462100018,-8.533123969999963],[115.50904083300009,-8.533485411999948],[115.50947570800008,-8.533696174999875],[115.50972747800017,-8.533914564999918],[115.5098648070001,-8.534265518999916],[115.5096817010002,-8.534668922999913],[115.50933837900004,-8.53528022699993],[115.50956726000004,-8.535335540999824],[115.50987243700001,-8.535300254999925],[115.51020050000022,-8.53539180699994],[115.51051330500013,-8.535570144999951],[115.51069641100014,-8.535707473999935],[115.51074981600004,-8.535878181999976],[115.51074981600004,-8.53604030699995],[115.51062011700003,-8.536061285999892],[115.5100708010001,-8.536109924999948],[115.50975799600008,-8.536149024999872],[115.50949096700003,-8.536183355999981],[115.50936889600018,-8.536293028999978],[115.50926971400031,-8.536575316999972],[115.50930786100002,-8.537349700999926],[115.50930023300009,-8.537978172999885],[115.5091705320001,-8.538453101999949],[115.50913238500004,-8.538633345999926],[115.5093231210002,-8.538919448999877],[115.50951385500002,-8.539140701999884],[115.5096588140002,-8.539554596999949],[115.50959777900005,-8.540473936999888],[115.5092468250001,-8.54063892299996],[115.50880432200017,-8.540955542999939],[115.50862884600008,-8.541167259999952],[115.5084762570001,-8.54137992699998],[115.50838470500003,-8.541460990999951],[115.50782775900007,-8.541364668999961],[115.5076522830002,-8.54135704099997],[115.50735473700001,-8.541431426999964],[115.5071640020002,-8.54146385099989],[115.50688171400009,-8.541491507999979],[115.50650787400002,-8.541502952999963],[115.50618743900009,-8.54155540499994],[115.50560760500014,-8.541622160999964],[115.50541687100008,-8.541671752999946],[115.50494384800015,-8.54179477699995],[115.50463867200017,-8.541919707999966],[115.50435638400006,-8.542059898999923],[115.50407409800016,-8.542130469999904],[115.50371551600017,-8.542147635999982],[115.5030288690001,-8.542669294999882],[115.50224304200015,-8.542817114999878],[115.50159454400011,-8.543003080999881],[115.50089263900009,-8.543403624999826],[115.50005340700011,-8.543723106999948],[115.49867248500004,-8.544282912999904],[115.49767303500016,-8.544601440999884],[115.49642181400009,-8.545457840999973],[115.49550628600002,-8.5456428519999],[115.49440765500015,-8.54605579399987],[115.49240112300004,-8.546989439999948],[115.49064636100013,-8.547735214999932],[115.48872375600013,-8.548374174999935],[115.48631286600016,-8.549305915999923],[115.48339080900007,-8.550021171999958],[115.48091888500016,-8.550536155999964],[115.47948455800008,-8.55082607199995],[115.47911071800002,-8.550915718999931],[115.47810363800022,-8.551024436999967],[115.4771194450002,-8.551154135999923],[115.47653198200021,-8.551238058999957],[115.47603607200017,-8.551309584999899],[115.47382354800004,-8.551671026999884],[115.47335815400015,-8.551741599999957],[115.47230529700016,-8.5518989549999],[115.47202301100003,-8.551972388999957],[115.47174072300015,-8.552045821999968],[115.47114563000002,-8.552244185999882],[115.46979522700008,-8.552669523999896],[115.46900177000009,-8.552921294999862],[115.4677429200002,-8.553370475999884],[115.46593475300006,-8.554058073999954],[115.46537017900005,-8.554393766999908],[115.46508789100017,-8.55456065999988],[115.46476745600023,-8.554687500999876],[115.46408843900008,-8.554964065999968],[115.4628829950002,-8.555603980999933],[115.46234131000006,-8.555953024999951],[115.46185302700007,-8.556384085999923],[115.46110534700017,-8.557074546999957],[115.46099853500004,-8.557169914999918],[115.46045684900002,-8.557669639999972],[115.45999908500016,-8.55809783799998],[115.45938110400004,-8.558719634999932],[115.45897674500009,-8.559153556999945],[115.4581298830002,-8.560158729999955],[115.45706176700025,-8.56145000499987],[115.45646667500023,-8.562050818999921],[115.45567321700014,-8.562785147999932],[115.45397949300013,-8.564285277999886],[115.45390319900002,-8.564359663999937],[115.45323944100005,-8.56500244199998],[115.4527587880001,-8.565475463999974],[115.45223999100006,-8.56595897699998],[115.45195007300026,-8.566289901999937],[115.45155334400022,-8.566739082999959],[115.45114898800011,-8.567292213999906],[115.45037841900012,-8.568330764999928],[115.44979095400004,-8.5691204069999],[115.4492416380001,-8.569724082999926],[115.44863128700013,-8.570299147999947],[115.44808959900024,-8.570719718999896],[115.44750213700013,-8.571097374999965],[115.44702148400006,-8.571308134999924],[115.44642639200003,-8.571490287999893],[115.4458694460003,-8.571592330999977],[115.44525909400011,-8.571730613999875],[115.4444885260001,-8.571976660999894],[115.44353485100032,-8.57224369099987],[115.44275665200018,-8.572458265999956],[115.44228363000013,-8.572581291999938],[115.44177246100003,-8.572649954999918],[115.44104003900031,-8.57265949299989],[115.4409408570001,-8.572667120999938],[115.4407119760001,-8.57268619399997],[115.44023132400014,-8.572786330999918],[115.43926239100017,-8.57300567699997],[115.43856048600003,-8.57322788199997],[115.437553406,-8.57361125999995],[115.43691253600014,-8.573799133999955],[115.43666839700006,-8.573837280999953],[115.43637085000012,-8.57390785199982],[115.43550109900013,-8.574164390999897],[115.43501281700003,-8.574386595999897],[115.43463897700008,-8.57458972899991],[115.4342575070001,-8.574685095999826],[115.43331146200012,-8.574847220999914],[115.43201446600006,-8.5750112529999],[115.43149566700004,-8.575206756999933],[115.43083190800007,-8.57539367599992],[115.43013763300007,-8.575545310999928],[115.42971801800013,-8.575497625999901],[115.42943573000002,-8.575449943999956],[115.42916107200006,-8.575505255999929],[115.42781829900002,-8.57585239499997],[115.42728424000018,-8.575907707999932],[115.42568969700017,-8.575961112999948],[115.42500305200008,-8.575952529999881],[115.4244155880001,-8.575987815999952],[115.42386627200017,-8.576029777999963],[115.42327117900004,-8.576030730999946],[115.42263030900017,-8.576064109999948],[115.4220275880001,-8.576131820999876],[115.42121124300013,-8.576164244999973]]],[[[115.21382141200002,-8.757389068999942],[115.21385955900018,-8.756970404999947],[115.2139892570001,-8.756913184999974],[115.21408081100003,-8.756914138999889],[115.2141952520002,-8.757002830999966],[115.21434783900008,-8.758306501999925],[115.2145004260002,-8.758443830999965],[115.214920043,-8.75911521799992],[115.2151184080002,-8.759545324999976],[115.21543121300022,-8.759666442999958],[115.21576690600023,-8.759924887999944],[115.21569824200003,-8.760050773999978],[115.21553039500009,-8.76011085399989],[115.21528625500014,-8.759997366999926],[115.21501159700017,-8.759837150999886],[115.21456146200012,-8.759374617999981],[115.21432495100032,-8.759037970999941],[115.21408081100003,-8.758590697999978],[115.21400451600005,-8.758442878999972],[115.21392059400023,-8.75807762099987],[115.21385192800005,-8.757520674999967],[115.21382141200002,-8.757389068999942]]],[[[115.23267400100008,-8.72280499999988],[115.23275799900011,-8.722633998999925],[115.232841,-8.722673000999976],[115.23267400100008,-8.72280499999988]]],[[[114.60965,-8.122189],[114.609665,-8.122082],[114.60968000000014,-8.121974],[114.609703,-8.121873],[114.609779,-8.121731],[114.609886,-8.121719],[114.609978,-8.121743],[114.610046,-8.121821],[114.610115,-8.121894],[114.61026000000015,-8.122145],[114.610298,-8.12226399999986],[114.610329,-8.122413],[114.610359,-8.122509],[114.610382,-8.1227],[114.610321,-8.122788],[114.610252,-8.122836],[114.610153,-8.122859],[114.61007700000027,-8.122804999999858],[114.610023,-8.122643],[114.610001,-8.122548],[114.609909,-8.122416],[114.60981,-8.122386],[114.609673,-8.122284],[114.60965,-8.122189]]],[[[114.620316,-8.118481],[114.620476,-8.118467],[114.620636,-8.118516],[114.620636,-8.118659],[114.620476,-8.118796],[114.620384,-8.118854],[114.620331,-8.118906],[114.620224,-8.1189],[114.620148,-8.118866],[114.62004100000013,-8.118747],[114.620064,-8.118647],[114.620117,-8.11858],[114.62017800000012,-8.118527],[114.620316,-8.118481]]],[[[114.592216,-8.118611],[114.59207900000024,-8.118571],[114.59202600000015,-8.118517],[114.591995,-8.118433999999866],[114.592064,-8.118301],[114.592072,-8.118175],[114.59215500000016,-8.118074],[114.59223900000018,-8.118053],[114.592316,-8.118057],[114.59243800000013,-8.118033],[114.592545,-8.118001],[114.59265100000016,-8.118031],[114.59272,-8.118085],[114.592728,-8.11819],[114.5926740000001,-8.11834],[114.59256,-8.118408],[114.592484,-8.118505],[114.59243000000015,-8.118559],[114.592323,-8.118605],[114.592216,-8.118611]]],[[[114.620148,-8.116463],[114.619904,-8.116365],[114.6197360000001,-8.116297],[114.619576,-8.116189],[114.6193770000001,-8.116043],[114.61921700000016,-8.115916],[114.619026,-8.11577],[114.61877400000014,-8.115644],[114.61850000000015,-8.115535],[114.618324,-8.115476],[114.618164,-8.115407],[114.617958,-8.115291],[114.617546,-8.115169],[114.61739300000022,-8.1151],[114.617271,-8.114993],[114.617218,-8.114877],[114.617302,-8.114742],[114.617371,-8.114684],[114.617554,-8.114685],[114.61772900000017,-8.114744],[114.617851,-8.11489],[114.61800400000016,-8.114987],[114.618187,-8.115047],[114.618454,-8.11514499999987],[114.61862900000017,-8.115194],[114.618851,-8.115321],[114.619087,-8.115419],[114.61930100000018,-8.115556],[114.619499,-8.115624],[114.619728,-8.115723],[114.62009400000011,-8.115822],[114.6202770000001,-8.115939],[114.620415,-8.116055],[114.620552,-8.116182],[114.62067400000012,-8.116308],[114.620804,-8.116445],[114.621017,-8.11659],[114.621132,-8.116678],[114.62123900000017,-8.116776],[114.62133,-8.116825],[114.621399,-8.116864],[114.62142200000017,-8.11698],[114.621277,-8.11703],[114.621132,-8.11704],[114.620918,-8.117019],[114.62081100000023,-8.11697],[114.620583,-8.116853],[114.620422,-8.116707],[114.620293,-8.11657],[114.620148,-8.116463]]],[[[114.61628,-8.114568],[114.61637900000017,-8.114569],[114.616493,-8.114585],[114.616562,-8.114628],[114.616577,-8.114751],[114.616554,-8.114884],[114.61652400000014,-8.114969],[114.616493,-8.115044],[114.616386,-8.11516],[114.616302,-8.11517],[114.61621100000013,-8.11517],[114.616142,-8.115085],[114.61612700000012,-8.114983],[114.61611200000016,-8.114882],[114.616104,-8.114797],[114.61611200000016,-8.114706],[114.616196,-8.114583],[114.61628,-8.114568]]],[[[114.52452900000026,-8.092898],[114.524818,-8.092935],[114.525101,-8.092873],[114.52559700000018,-8.09271],[114.52616100000012,-8.092543],[114.52652,-8.092435],[114.526695,-8.092414],[114.526985,-8.092516],[114.527321,-8.092706],[114.528023,-8.09345],[114.52832,-8.094132],[114.52842700000019,-8.094458],[114.528465,-8.094867],[114.528442,-8.095163],[114.52836600000012,-8.095421],[114.52818300000013,-8.095716],[114.52795400000014,-8.095984],[114.527817,-8.096087],[114.527596,-8.09612],[114.527321,-8.096131],[114.526955,-8.096225],[114.526688,-8.096366],[114.52638200000013,-8.096673],[114.526215,-8.096851],[114.52583300000015,-8.097033999999894],[114.5255810000001,-8.097178],[114.525314,-8.097429],[114.5250400000001,-8.097897],[114.524925,-8.098075],[114.523865,-8.098639],[114.52313200000015,-8.098964],[114.522797,-8.099033],[114.522392,-8.099141],[114.52182000000016,-8.099408],[114.52150700000016,-8.099515],[114.521217,-8.099547],[114.520943,-8.09955],[114.5205,-8.099716],[114.519836,-8.099979],[114.519516,-8.100017],[114.517868,-8.100163],[114.517616,-8.100176],[114.5173490000002,-8.100114],[114.51683,-8.099998],[114.516495,-8.099923],[114.515862,-8.099681],[114.51506800000016,-8.099397],[114.514305,-8.099034],[114.513596,-8.098493],[114.513382,-8.098334],[114.51271800000018,-8.09823],[114.511177,-8.098174],[114.510666,-8.098138],[114.510307,-8.09807],[114.510063,-8.097974],[114.509781,-8.097767],[114.509743,-8.097702],[114.509682,-8.097531],[114.509506,-8.097319],[114.509109,-8.09701],[114.508789,-8.096809],[114.50826300000017,-8.09665],[114.507751,-8.096526],[114.50717900000018,-8.096239],[114.50693500000011,-8.096121],[114.505783,-8.09597],[114.504967,-8.095922],[114.503967,-8.095963],[114.50332600000024,-8.095982],[114.503212,-8.095985],[114.503029,-8.09599],[114.50280800000019,-8.095987],[114.50272400000017,-8.095921],[114.502686,-8.095687],[114.50279200000011,-8.095108],[114.502815,-8.09495],[114.502655,-8.094704],[114.50245700000028,-8.094549],[114.50233500000013,-8.094471],[114.50229600000011,-8.094386],[114.50233500000013,-8.094276999999863],[114.502563,-8.094121],[114.50335700000016,-8.093953],[114.503815,-8.093858],[114.50447800000018,-8.09366],[114.504776,-8.093574],[114.506874,-8.093513],[114.507896,-8.093337],[114.508774,-8.093018],[114.5094150000001,-8.092849],[114.50988800000016,-8.092731],[114.510887,-8.092493],[114.5118100000002,-8.09225],[114.51326,-8.092186],[114.51368,-8.092148],[114.514023,-8.092043],[114.51432,-8.091908],[114.514549,-8.091866],[114.51503,-8.091937],[114.515732,-8.09213],[114.51647200000014,-8.092356],[114.517136,-8.092546],[114.51823400000023,-8.092758],[114.518974,-8.092693],[114.519455,-8.092637],[114.520409,-8.092766],[114.52192700000012,-8.092827],[114.522514,-8.092798],[114.52371200000016,-8.092778],[114.52452900000026,-8.092898]]]]},"properties":{"boundaryKey":"bali-province","name":"Provinsi Bali","source":"GADM 4.0","osmRelationId":1615621,"osmVersion":43,"osmTimestamp":"2026-05-17T06:38:57Z","osmRelationUrl":"https://www.openstreetmap.org/relation/1615621","sourceUrl":"https://gadm.org/download_country.html","license":"GADM data licence","attribution":"GADM 4.0 land geometry; province reference OpenStreetMap relation 1615621","importedAt":"2026-07-16T00:41:34.337Z","bbox":[114.43173980700021,-8.849262236999891,115.71203613300008,-8.061794281999937],"geometrySource":"GADM 4.0 land polygons","geometrySourceUrl":"https://github.com/mahendrayudha/indonesia-geojson/tree/main/Bali/Provinsi","relationBoundaryKind":"maritime-administrative"}}]}
