{"type":"FeatureCollection","metadata":{"source":"OpenStreetMap","license":"ODbL-1.0","attribution":"© OpenStreetMap contributors","importedAt":"2026-07-16T04:31:03.885Z","queries":["[out:json][timeout:90];way[highway][name~\"Sunset Road|Bypass Ngurah Rai|Raya Kerobokan|Raya Canggu|Gilimanuk|Raya Ubud|Ida Bagus Mantra\",i](-8.90,114.40,-8.00,115.80);out tags geom;","[out:json][timeout:60];way[highway][name~\"Airport|Bandara|Ngurah Rai\",i](-8.82,115.12,-8.68,115.24);out tags geom;"]},"features":[{"type":"Feature","id":"osm-sunset-road","geometry":{"type":"MultiLineString","coordinates":[[[115.1727992,-8.6904875],[115.1726577,-8.690229],[115.1723854,-8.6897796],[115.1721425,-8.6893349],[115.1720642,-8.6891916],[115.1719843,-8.6890471],[115.1719033,-8.6889006],[115.1718555,-8.6888196],[115.1717772,-8.6886872],[115.1717055,-8.688548],[115.1714735,-8.688149],[115.171275,-8.6878069],[115.1711275,-8.6875484],[115.1709397,-8.6871984],[115.1707453,-8.6868657],[115.1706071,-8.6866244],[115.1704194,-8.6863062],[115.1701511,-8.685874],[115.16995,-8.6855983],[115.1696751,-8.6852443],[115.169584,-8.685145],[115.1695074,-8.6850614],[115.1693304,-8.6848625],[115.1691614,-8.6847021],[115.1689455,-8.6844993],[115.1687336,-8.6843097],[115.1685874,-8.684189],[115.1684198,-8.6840512],[115.1683058,-8.6839637],[115.1681583,-8.6838549],[115.1680054,-8.6837568],[115.1678793,-8.6836773],[115.1675682,-8.6834943],[115.1671288,-8.6832463],[115.1669874,-8.6831609]],[[115.1762563,-8.6965734],[115.176072,-8.6962563]],[[115.1670635,-8.6830872],[115.1671744,-8.6831584],[115.1677078,-8.6834584],[115.1677908,-8.6835016],[115.1678967,-8.6835646],[115.1679341,-8.683588],[115.1681341,-8.6837131],[115.1683809,-8.6838815],[115.1686024,-8.6840525],[115.1689854,-8.6843854],[115.1692083,-8.6845974],[115.1695074,-8.6848877],[115.1700385,-8.685532],[115.1702598,-8.6858263],[115.1704971,-8.6862015],[115.1705631,-8.6863159],[115.1707239,-8.686595],[115.171051,-8.6871679],[115.1713883,-8.6877615],[115.171396,-8.6877751],[115.1715848,-8.6881065],[115.171714,-8.6883208],[115.171788,-8.6884519],[115.1719569,-8.6887508],[115.1720946,-8.6889922],[115.1721216,-8.6890395],[115.1721749,-8.6891247]],[[115.1761657,-8.696202],[115.1762706,-8.6963783],[115.1763489,-8.6965198]],[[115.1780194,-8.6994691],[115.1781962,-8.6997116],[115.1782553,-8.6997926],[115.1786081,-8.7002764],[115.1790319,-8.7008836],[115.1794946,-8.7015238],[115.1795947,-8.7016658],[115.1804072,-8.7028184],[115.1805226,-8.7029768],[115.1808424,-8.7034196],[115.1808959,-8.7034943],[115.1810342,-8.7036874],[115.1812277,-8.703964],[115.1814854,-8.7043139],[115.1816885,-8.7045973],[115.181867,-8.7048453],[115.1821192,-8.7052238],[115.1824196,-8.7056536],[115.1825764,-8.7058734]],[[115.1837794,-8.7195207],[115.1838103,-8.7194385],[115.1838351,-8.7193729],[115.1838653,-8.7192954],[115.1839022,-8.7192191],[115.1839471,-8.7191436],[115.1840326,-8.7189902],[115.1840482,-8.7189557],[115.1840819,-8.7188819]],[[115.1824604,-8.7215822],[115.1825269,-8.7214501],[115.1825879,-8.7213434],[115.1826593,-8.721247]],[[115.1826593,-8.721247],[115.1827334,-8.7211485],[115.1828363,-8.7210263],[115.1829084,-8.7209471],[115.1830435,-8.7207963],[115.1831682,-8.7206541],[115.183244,-8.720558],[115.1833131,-8.7204549],[115.1833614,-8.7203701],[115.1834388,-8.720216],[115.1836567,-8.7197852],[115.1837204,-8.7196553],[115.1837794,-8.7195207]],[[115.1825386,-8.7216251],[115.1824799,-8.7217583],[115.18238,-8.721981],[115.1822667,-8.7221825],[115.1821862,-8.7223131],[115.1821091,-8.7224317],[115.1819703,-8.7226286],[115.1818851,-8.7227757],[115.1817919,-8.7229494],[115.18169,-8.7231913],[115.1815834,-8.7234789],[115.1815525,-8.7235982]],[[115.1827253,-8.7212924],[115.1826616,-8.7213852],[115.1825953,-8.7215078],[115.1825386,-8.7216251]],[[115.1853193,-8.716293],[115.1855202,-8.715861],[115.1856677,-8.7155668],[115.1857823,-8.7153165],[115.1858668,-8.7151404],[115.1860033,-8.7148615],[115.1860366,-8.714777],[115.1860806,-8.7146794],[115.1861683,-8.7143859],[115.1862594,-8.7140681],[115.1863077,-8.7137355],[115.1863124,-8.7136971],[115.1863136,-8.7136739],[115.1863143,-8.7136221],[115.1863101,-8.7132459],[115.1862877,-8.7130078],[115.1862803,-8.7129752],[115.1862515,-8.7127995],[115.1862351,-8.7127356],[115.186161,-8.7124198],[115.1860803,-8.7122156],[115.1860228,-8.7120669],[115.1859748,-8.7119687],[115.1858732,-8.7117604],[115.1858367,-8.7116905],[115.185553,-8.7112043],[115.1851836,-8.7106013],[115.1844818,-8.7093669],[115.1844174,-8.7092531]],[[115.1721749,-8.6891247],[115.1722543,-8.6892723],[115.1723854,-8.6895158],[115.1726657,-8.6900138],[115.172836,-8.6903165],[115.1729903,-8.6905863],[115.1731029,-8.6907832],[115.1733604,-8.6912299],[115.1739378,-8.6922799],[115.1742254,-8.6927425],[115.1747484,-8.6936758],[115.1750703,-8.6942472],[115.1754753,-8.6949392],[115.1757706,-8.6954824],[115.175938,-8.6957744],[115.1760654,-8.696013],[115.1761504,-8.6961757],[115.1761657,-8.696202]],[[115.1845132,-8.7091974],[115.1845713,-8.7093031],[115.1845788,-8.7093163],[115.1849382,-8.709951],[115.1850334,-8.7101187],[115.1851581,-8.7103342],[115.1854686,-8.7108566],[115.1856292,-8.7111516],[115.1858901,-8.7115927],[115.1859723,-8.7117477],[115.186154,-8.7121237],[115.1862573,-8.7124145],[115.1863018,-8.7125595],[115.1863289,-8.7126726],[115.186371,-8.7128576],[115.1864066,-8.7131106],[115.1864276,-8.7134119],[115.1864281,-8.7137365],[115.1864177,-8.7138436],[115.1863975,-8.7140666],[115.1863731,-8.7142275],[115.186323,-8.7144486],[115.1862726,-8.7146186],[115.1862164,-8.7147791],[115.186165,-8.714932],[115.1860865,-8.7151182],[115.1859554,-8.7153709],[115.1858233,-8.7156247],[115.1856744,-8.7159469],[115.1854518,-8.7163896]],[[115.1827756,-8.7064143],[115.1826208,-8.7061504],[115.1825868,-8.7060925]],[[115.1803992,-8.7029848],[115.1801806,-8.7026745],[115.1798983,-8.7022808],[115.1796066,-8.7018732],[115.1793981,-8.7015769],[115.1792284,-8.7013389],[115.1790943,-8.7011388],[115.1790094,-8.7010202],[115.1788992,-8.7008663],[115.1787552,-8.7006681],[115.1786639,-8.7005423],[115.1784915,-8.7003003],[115.1783225,-8.7000544],[115.1782239,-8.6999264],[115.1781703,-8.6998535],[115.1781119,-8.6997696],[115.1778976,-8.6994619]],[[115.1851543,-8.7166405],[115.1852302,-8.716479]],[[115.1853719,-8.7165673],[115.1853016,-8.7166992]],[[115.1854518,-8.7163896],[115.1853719,-8.7165673]],[[115.1852302,-8.716479],[115.1853193,-8.716293]],[[115.1853016,-8.7166992],[115.1850394,-8.7171929],[115.1848765,-8.7175217],[115.1848476,-8.7175866],[115.1847973,-8.7176907],[115.1847605,-8.7177636],[115.1846741,-8.7179316],[115.1846237,-8.71804],[115.1845915,-8.7181494]],[[115.184201,-8.7186209],[115.1843793,-8.7182538],[115.1846753,-8.7176775],[115.1848808,-8.7172486],[115.1850412,-8.7168786],[115.1851543,-8.7166405]],[[115.1763489,-8.6965198],[115.1763893,-8.6965917],[115.1767051,-8.6971319],[115.1768627,-8.6974275],[115.1770806,-8.6977994],[115.1772168,-8.6980427],[115.1773102,-8.6982018],[115.1774696,-8.6984735],[115.1776808,-8.698852],[115.1777304,-8.6989428],[115.1777829,-8.6990385],[115.1778699,-8.6991968],[115.1780194,-8.6994691]],[[115.1778976,-8.6994619],[115.1777706,-8.6992516],[115.1777079,-8.6991377],[115.1775744,-8.6988879],[115.1774159,-8.6986008],[115.1769224,-8.6977185],[115.1768179,-8.6975313],[115.1762759,-8.6966095],[115.1762563,-8.6965734]],[[115.1814891,-8.723402],[115.1815525,-8.7233079],[115.1816062,-8.7232032],[115.1816712,-8.7230249],[115.1817155,-8.7229136],[115.1817846,-8.7227744],[115.1818677,-8.7226352],[115.1819696,-8.7224781],[115.182097,-8.7223005],[115.1822003,-8.7221421],[115.1822969,-8.7219499],[115.1823347,-8.721869],[115.182381,-8.7217683],[115.1824296,-8.7216559],[115.1824604,-8.7215822]],[[115.1839524,-8.7193828],[115.1837278,-8.7198123],[115.1835387,-8.7201928],[115.1833939,-8.7204672],[115.1833308,-8.7205679],[115.1832698,-8.7206554],[115.1831823,-8.7207595],[115.1830858,-8.7208682],[115.18295,-8.7210206],[115.182846,-8.7211413],[115.1827253,-8.7212924]],[[115.1845915,-8.7181494],[115.1845761,-8.7182249],[115.1845714,-8.7183012],[115.1845714,-8.7183661],[115.1845801,-8.718447],[115.1845841,-8.7185086],[115.1845734,-8.7185828],[115.1845479,-8.7186478],[115.1845023,-8.7186982],[115.184454,-8.7187419],[115.1843796,-8.7187963],[115.1842864,-8.7188632]],[[115.176072,-8.6962563],[115.1755585,-8.6953449],[115.174967,-8.6942631],[115.1745124,-8.693473],[115.1739898,-8.6925664],[115.173862,-8.6923448],[115.173342,-8.6914553],[115.1732343,-8.691271],[115.1731727,-8.6911583],[115.1730158,-8.6908866],[115.1727992,-8.6904875]],[[115.1826753,-8.7060147],[115.1827269,-8.7060906],[115.182781,-8.7061703],[115.1829024,-8.7063658],[115.1830211,-8.7065746],[115.1833892,-8.7072275],[115.1834754,-8.7073789],[115.1836522,-8.7076897],[115.1836815,-8.7077412],[115.1839122,-8.708127],[115.1842377,-8.7087149],[115.1844503,-8.7090877],[115.1845132,-8.7091974]],[[115.1844174,-8.7092531],[115.1843557,-8.7091438],[115.1841925,-8.7088534],[115.1839706,-8.7084637],[115.1835887,-8.7078042],[115.1833932,-8.7074728],[115.1830488,-8.7068842],[115.1829522,-8.7067143],[115.1828891,-8.7066033],[115.1828336,-8.7065108],[115.1827756,-8.7064143]],[[115.1645522,-8.6817046],[115.1647047,-8.681791],[115.1649027,-8.6818902],[115.1649859,-8.6819289]],[[115.1840819,-8.7188819],[115.184201,-8.7186209]],[[115.1842864,-8.7188632],[115.1842046,-8.7189606],[115.1841275,-8.719076],[115.184047,-8.7192125],[115.1839524,-8.7193828]],[[115.1824379,-8.7058646],[115.1822975,-8.7056606],[115.1819669,-8.7051916],[115.18185,-8.7050286],[115.181539,-8.7045827],[115.181395,-8.704376],[115.1813132,-8.7042651],[115.1811687,-8.7040682],[115.1809121,-8.7037045],[115.1808535,-8.7036135],[115.1804676,-8.7030789],[115.1803992,-8.7029848]],[[115.1669874,-8.6831609],[115.1668569,-8.6830904],[115.1668359,-8.6830781],[115.1666535,-8.6829667],[115.1664041,-8.6828355],[115.1659347,-8.6825802],[115.1656906,-8.6824324],[115.1655015,-8.6823211],[115.165291,-8.6822084],[115.1649813,-8.6820259],[115.164671,-8.6818572],[115.1645542,-8.6817937]],[[115.1649859,-8.6819289],[115.1650794,-8.681984],[115.165468,-8.6821885],[115.1659739,-8.6824905],[115.1662821,-8.6826524],[115.1664691,-8.6827506],[115.1668024,-8.6829481],[115.1669046,-8.683006],[115.1670635,-8.6830872]],[[115.1826364,-8.7059574],[115.1826559,-8.7059857],[115.1826753,-8.7060147]],[[115.1825868,-8.7060925],[115.1825497,-8.7060293]],[[115.1825497,-8.7060293],[115.1825037,-8.7059615],[115.1824379,-8.7058646]],[[115.1825764,-8.7058734],[115.1826364,-8.7059574]]]},"properties":{"segmentId":301,"segmentKey":"osm-sunset-road","roadName":"Sunset Road","functionalClass":2,"osmWayIds":[25129552,25135321,166747233,166747234,166747235,233957965,309077635,309077636,309078073,309078074,309084611,444493417,558191074,716031964,716031965,716045735,716045736,716045737,716045738,716045739,716045740,718297577,718297580,771195146,771195148,773698063,1001314082,1083329294,1083329295,1101413928,1277810489,1277810490,1300552685,1449284713,1459179738,1489885200,1539179627,1539179628,1539183537],"source":"OpenStreetMap","importedAt":"2026-07-16T04:31:03.885Z"}},{"type":"Feature","id":"osm-bypass-ngurah-rai","geometry":{"type":"MultiLineString","coordinates":[[[115.2277054,-8.7119769],[115.2280192,-8.712002],[115.2281689,-8.7120139],[115.2285566,-8.7120459],[115.228824,-8.7120764],[115.2288998,-8.7120816],[115.2294239,-8.7121425],[115.2294737,-8.7121483],[115.2297726,-8.7121604],[115.2298475,-8.7121612],[115.2301131,-8.7121592],[115.2303665,-8.7121414],[115.2305504,-8.712129],[115.2309004,-8.712071],[115.2314264,-8.7119567],[115.2316905,-8.7118657],[115.2318909,-8.7117981],[115.2319721,-8.7117684],[115.2322418,-8.7116722],[115.2326592,-8.7115221]],[[115.2548397,-8.6497715],[115.2547847,-8.6498774],[115.2547436,-8.6499877],[115.2547225,-8.650107],[115.2547105,-8.6501747],[115.2547042,-8.6502102],[115.2546858,-8.6503427],[115.2546434,-8.6506489],[115.254537,-8.6515609],[115.2544744,-8.6520457],[115.2544455,-8.6522898],[115.2543388,-8.6529768]],[[115.1795057,-8.7286732],[115.1796275,-8.728334]],[[115.2558093,-8.6493658],[115.2554153,-8.6493999],[115.2553274,-8.6494182],[115.2551971,-8.649464],[115.2550435,-8.6495455],[115.2549252,-8.6496507],[115.2548397,-8.6497715]],[[115.2549492,-8.6484271],[115.2549706,-8.6482415],[115.2550203,-8.6478317],[115.255047,-8.6476455],[115.2550579,-8.647566],[115.2550846,-8.6473863],[115.2551222,-8.6471172],[115.2551611,-8.6468321],[115.2552361,-8.6463217],[115.2553018,-8.6458178],[115.255326,-8.6456508],[115.2553448,-8.6455155],[115.255398,-8.6450887],[115.2554122,-8.6449845]],[[115.1868109,-8.7215928],[115.1873495,-8.7215745]],[[115.1834774,-8.7216595],[115.1837151,-8.7217418],[115.1838244,-8.7217424],[115.1840929,-8.7217398],[115.1841509,-8.7217391],[115.1844292,-8.7217358],[115.1844695,-8.721733],[115.1847526,-8.7217137],[115.1849817,-8.721698],[115.1853765,-8.7216794],[115.1860767,-8.7216232],[115.1864013,-8.7216111],[115.1865287,-8.7216032],[115.1866065,-8.7215992],[115.1868109,-8.7215928]],[[115.1873632,-8.721667],[115.1868167,-8.7216756]],[[115.2273729,-8.7120611],[115.2273073,-8.7120644],[115.227169,-8.7120714],[115.2269712,-8.7121024],[115.2266423,-8.7121689],[115.2263689,-8.712244],[115.2260898,-8.7123546],[115.2257975,-8.7124981],[115.2257052,-8.7125434]],[[115.2541915,-8.6534099],[115.2542545,-8.6529715]],[[115.2542545,-8.6529715],[115.2543081,-8.6525691],[115.2543278,-8.6524263],[115.2543716,-8.6521078],[115.2543926,-8.6519446]],[[115.2543388,-8.6529768],[115.2542823,-8.6533932]],[[115.2148609,-8.717014],[115.2150471,-8.7170641],[115.2151622,-8.7170928],[115.2153083,-8.7171308],[115.2154476,-8.7171672]],[[115.1795897,-8.7287075],[115.1795109,-8.728913],[115.1794871,-8.7289749],[115.1794635,-8.7290386],[115.1793699,-8.7292916],[115.1793407,-8.7293673],[115.1793178,-8.7294264],[115.1793069,-8.7294547],[115.1791982,-8.729737],[115.1790081,-8.7301977],[115.1789845,-8.7302721],[115.1789099,-8.7305071],[115.1788328,-8.7307067],[115.178783,-8.7308505],[115.1787275,-8.7310241],[115.1786899,-8.7311918],[115.1786658,-8.7313264],[115.178652,-8.731459],[115.1786494,-8.7316608],[115.1786484,-8.731671],[115.1786511,-8.7318022],[115.1786603,-8.7319791],[115.1786643,-8.7320568],[115.1786779,-8.7323059],[115.1787232,-8.7325885],[115.1787667,-8.7327802],[115.1788164,-8.7330261],[115.1788813,-8.7333138],[115.1789158,-8.7334665],[115.1789686,-8.7337062],[115.1789998,-8.733847],[115.1791529,-8.7345389],[115.1791647,-8.7345915],[115.1792304,-8.7348537],[115.1793251,-8.735263],[115.1794209,-8.7356636],[115.1794842,-8.7359435],[115.1795375,-8.7361302],[115.1795793,-8.7363117],[115.1795959,-8.7363747],[115.1796094,-8.7364468],[115.1796576,-8.7366316]],[[115.2277112,-8.7120509],[115.2273729,-8.7120611]],[[115.258768,-8.6966223],[115.2587657,-8.6968165],[115.2587579,-8.6971836],[115.2587579,-8.6972983],[115.2587634,-8.6979007],[115.258765,-8.6980633],[115.2587706,-8.6986672],[115.258774,-8.6990316],[115.2587754,-8.699363],[115.258778,-8.6995765],[115.258774,-8.6999861],[115.25877,-8.7004196],[115.2587713,-8.7005296],[115.2587767,-8.7007099],[115.258778,-8.700975],[115.2587807,-8.7015656],[115.2587807,-8.7015809],[115.2587807,-8.7018712],[115.2587847,-8.7020396],[115.2587834,-8.7022556],[115.258778,-8.7023856],[115.2587725,-8.7024558],[115.2587619,-8.7025924],[115.2587458,-8.7027024],[115.258723,-8.7028429],[115.2586801,-8.7030126],[115.2586386,-8.70312],[115.2585956,-8.7032114],[115.2585487,-8.7033082],[115.2584884,-8.7034129],[115.2584146,-8.703523],[115.2583314,-8.7036171],[115.2582228,-8.7037338],[115.2581088,-8.7038451],[115.2579975,-8.7039353],[115.2578835,-8.7040055],[115.2577025,-8.7040957],[115.2575174,-8.7041792],[115.2573565,-8.7042329],[115.2572498,-8.7042514],[115.257107,-8.7042759],[115.2568891,-8.7042932],[115.256649,-8.7043011],[115.2563975,-8.7042985],[115.2562943,-8.7042998],[115.2560556,-8.7043011],[115.2553006,-8.7043078],[115.2546716,-8.7043063]],[[115.2273758,-8.7119825],[115.2277054,-8.7119769]],[[115.1873495,-8.7215745],[115.1875761,-8.7215793],[115.1877424,-8.7215873],[115.1880438,-8.7216029],[115.1886935,-8.7216861],[115.1889548,-8.7217265],[115.1891372,-8.7217504],[115.1894557,-8.7218087],[115.190092,-8.7219214],[115.1904327,-8.7219651],[115.1906191,-8.7219784],[115.1908444,-8.7219863],[115.1912427,-8.7219717],[115.1917174,-8.7219041],[115.1921788,-8.7217994],[115.1926495,-8.721639],[115.192904,-8.7215431],[115.1932999,-8.7213938],[115.1935399,-8.7212986],[115.1943639,-8.7209863],[115.1946437,-8.720894],[115.1950756,-8.7207283],[115.195206,-8.7206876],[115.1952988,-8.7206518],[115.1956616,-8.7205136],[115.1962678,-8.7202856],[115.1965533,-8.7201722],[115.1978892,-8.7196788],[115.1987949,-8.7193399],[115.1994082,-8.7191011],[115.20112,-8.7184845],[115.2011372,-8.7184783],[115.2017936,-8.7182217],[115.202049,-8.7181299],[115.2024356,-8.7179817],[115.2031772,-8.7177052]],[[115.1797138,-8.7283793],[115.1795897,-8.7287075]],[[115.2539861,-8.639467],[115.2540218,-8.6395437],[115.2540989,-8.639732],[115.2541767,-8.6399111],[115.2542974,-8.6402425],[115.2544301,-8.6405939],[115.2545819,-8.6409822]],[[115.2563935,-8.6449102],[115.256411,-8.64495],[115.2566152,-8.6453561],[115.256651,-8.645424],[115.2566801,-8.6454779],[115.2567587,-8.6456237],[115.2568996,-8.6458751],[115.2569261,-8.6459235],[115.2570976,-8.646258],[115.2572029,-8.6464818],[115.2572639,-8.6466584],[115.2573096,-8.6468236],[115.2573294,-8.6468899],[115.2573591,-8.6470336],[115.2573939,-8.6472691],[115.2574155,-8.6474712],[115.2574316,-8.6476727],[115.2574544,-8.647906],[115.2574959,-8.6483489],[115.2575009,-8.648419]],[[115.1788559,-8.7607765],[115.178874,-8.7606112],[115.1789197,-8.7601814],[115.1789765,-8.759678],[115.179062,-8.7589945],[115.1791149,-8.7585614],[115.1792274,-8.7577996],[115.1792757,-8.7575033],[115.1792871,-8.757444],[115.1793443,-8.7571922],[115.1794017,-8.7569654],[115.1794592,-8.7567812],[115.1795133,-8.7565931],[115.1795465,-8.7564696],[115.1797442,-8.7558746],[115.1798675,-8.7555751],[115.1800467,-8.7551427],[115.180076,-8.7550699],[115.1801768,-8.7548208],[115.1806883,-8.753557],[115.1809886,-8.7528149],[115.1811461,-8.7523759],[115.1812765,-8.7520477],[115.1815317,-8.7514338],[115.18176,-8.7508578],[115.1818124,-8.7507334],[115.1820017,-8.7502628],[115.1820155,-8.7502285]],[[115.179491,-8.7817921],[115.1799412,-8.7819952],[115.1807325,-8.7823],[115.1811592,-8.7824664],[115.1815318,-8.7826009],[115.1817276,-8.7826751],[115.1818786,-8.7827339],[115.1820298,-8.7827917],[115.1821792,-8.7828371],[115.1823106,-8.782867],[115.1824839,-8.7828948],[115.1827146,-8.7829243],[115.1830044,-8.782942],[115.1836759,-8.7829779],[115.1837747,-8.7829832],[115.1839618,-8.7829932],[115.184069,-8.7830007],[115.1843387,-8.7830197],[115.1845608,-8.7830356],[115.1848881,-8.7830593],[115.1850664,-8.7830855],[115.1851989,-8.7831085],[115.1853338,-8.7831463],[115.1854612,-8.783186],[115.1855645,-8.7832199],[115.1857038,-8.7832742],[115.1859091,-8.7833636],[115.1861492,-8.783473],[115.1863906,-8.7835923],[115.1865877,-8.7836786],[115.1868171,-8.783787],[115.1870464,-8.7838706],[115.1871945,-8.7839124],[115.1872636,-8.7839276],[115.1873176,-8.7839388],[115.1874745,-8.7839594],[115.1875545,-8.7839641],[115.1877013,-8.7839641],[115.1878993,-8.7839598],[115.1879411,-8.7839589],[115.188138,-8.7839518],[115.1883546,-8.7839382],[115.1885261,-8.7839321],[115.1888066,-8.7839223],[115.1889722,-8.7839177],[115.1892141,-8.7839215],[115.1893712,-8.7839369],[115.189508,-8.7839614],[115.1896669,-8.7839925],[115.1899245,-8.7840498],[115.1903218,-8.784152],[115.190658,-8.7842457],[115.1908816,-8.7843028],[115.1911317,-8.7843728],[115.191358,-8.7844273],[115.1915847,-8.7844842],[115.1918438,-8.7845529],[115.1919548,-8.7845823],[115.192209,-8.7846499],[115.1923826,-8.7846914],[115.1926218,-8.7847499],[115.1927876,-8.7847904],[115.1931766,-8.7848872],[115.1932318,-8.7849015],[115.193532,-8.7849627],[115.1937211,-8.7849853],[115.1939416,-8.7849843],[115.1942766,-8.7849681],[115.1949154,-8.7849247],[115.1953008,-8.7848985],[115.1956132,-8.7848757],[115.195692,-8.7848695],[115.1957923,-8.784867],[115.195987,-8.7848581],[115.1962304,-8.7848527],[115.196673,-8.7848746],[115.196911,-8.7848861],[115.1970777,-8.784898],[115.197448,-8.7849406],[115.1976878,-8.7849661],[115.1979377,-8.785002],[115.1982162,-8.7850391],[115.1982918,-8.7850488],[115.1983357,-8.7850545],[115.198567,-8.7850823],[115.1986508,-8.7850948],[115.199626,-8.7852356],[115.2004346,-8.7853525],[115.2010698,-8.7854496],[115.2016468,-8.7855386],[115.2019742,-8.7856055],[115.2023672,-8.7856974],[115.2026207,-8.7857613],[115.2028844,-8.7858396],[115.203484,-8.7860698],[115.2036507,-8.7861396],[115.2039134,-8.7862495],[115.2040607,-8.7863113],[115.2043243,-8.7864225],[115.2045287,-8.7865072],[115.2047625,-8.7866129],[115.2050526,-8.786737],[115.2052479,-8.7868206],[115.2059178,-8.7871071],[115.2065491,-8.7873502],[115.2067036,-8.7874034],[115.206838,-8.7874496],[115.2071093,-8.787543],[115.2073953,-8.7876414],[115.2076977,-8.7877455],[115.2078331,-8.7877923],[115.2079995,-8.7878493],[115.2081534,-8.7879023],[115.2083091,-8.7879779],[115.2084195,-8.7880243],[115.2086515,-8.7881825],[115.2092651,-8.7886175],[115.2094859,-8.788771],[115.209644,-8.7888686],[115.2097055,-8.7889054],[115.2098232,-8.7889758],[115.210043,-8.7890959],[115.210062,-8.7891077],[115.2102582,-8.7892052],[115.2103661,-8.7892592],[115.2107338,-8.7894382],[115.2107828,-8.7894605],[115.2109866,-8.7895534],[115.2110269,-8.7895718],[115.2110998,-8.7896214],[115.2113688,-8.78974],[115.2116626,-8.7898859],[115.2118686,-8.789992],[115.2121737,-8.7901492],[115.2121998,-8.7901627],[115.212255,-8.790187]],[[115.1814891,-8.723402],[115.1814929,-8.7233225],[115.1815049,-8.723243],[115.1815311,-8.7231648],[115.1815921,-8.7229911],[115.181639,-8.7228665],[115.181694,-8.7227578],[115.1817852,-8.7226094],[115.1819348,-8.722388],[115.1820555,-8.722213],[115.1821554,-8.7220519],[115.1821956,-8.7219804],[115.1822472,-8.7218737],[115.1822791,-8.72179],[115.1823117,-8.7216947],[115.1824239,-8.7215015],[115.1824682,-8.7214531],[115.1825185,-8.72142],[115.1825743,-8.7214059],[115.1825858,-8.7214044],[115.1826206,-8.7213999],[115.1826693,-8.7214012],[115.182722,-8.721415],[115.1828172,-8.7214594],[115.1829853,-8.7215387],[115.1832115,-8.7216145]],[[115.1796275,-8.728334],[115.1801249,-8.7270328],[115.180292,-8.7265994],[115.1803861,-8.7263539],[115.1804341,-8.7262213],[115.1804547,-8.7261619],[115.1805404,-8.7259316],[115.1805635,-8.7258709]],[[115.2441739,-8.7065822],[115.2435132,-8.7071847],[115.2430038,-8.7076217],[115.2424711,-8.7080008],[115.2420979,-8.708214],[115.2418961,-8.7083128],[115.2416283,-8.7084283],[115.241221,-8.7085889],[115.2407184,-8.7087639],[115.2403044,-8.7089149],[115.2395014,-8.7091938],[115.2380502,-8.7097103],[115.2364919,-8.7102533],[115.2363595,-8.7103024],[115.2363364,-8.7103105]],[[115.2455311,-8.7053172],[115.2452013,-8.7056204]],[[115.2451371,-8.7055631],[115.2454909,-8.7052401]],[[115.2540802,-8.7042116],[115.2541707,-8.7042114],[115.2545507,-8.7042093],[115.25466,-8.7042095],[115.25474,-8.7042097],[115.2551503,-8.7042136],[115.2559242,-8.7042163],[115.2564948,-8.704211],[115.2568334,-8.704207],[115.2569555,-8.7042044],[115.2571312,-8.7041818],[115.2573551,-8.7041407],[115.2575845,-8.7040599],[115.257732,-8.7039909],[115.2578942,-8.7038902],[115.2580525,-8.7037695],[115.2581973,-8.703637],[115.2583006,-8.7035216],[115.2583824,-8.7033984],[115.2584517,-8.70329],[115.2585192,-8.703173],[115.2585836,-8.7030179],[115.2586211,-8.7028867],[115.2586426,-8.7027607],[115.2586627,-8.7026202],[115.2586721,-8.7024969],[115.2586828,-8.7021854],[115.2586842,-8.7018394],[115.2586882,-8.7016591],[115.2586868,-8.7015212],[115.2586909,-8.7011938],[115.2586917,-8.7009837],[115.2586915,-8.7007191],[115.2586895,-8.7005926],[115.2586842,-8.7003321],[115.2586815,-8.7000338],[115.2586814,-8.6995725],[115.2586748,-8.6993193],[115.2586734,-8.6990913],[115.2586707,-8.698671],[115.2586707,-8.6981673],[115.2586683,-8.6976128],[115.2586734,-8.6974183],[115.2586681,-8.6971252],[115.2586657,-8.6966229]],[[115.2223184,-8.7144314],[115.2224551,-8.7143539]],[[115.2224862,-8.7144347],[115.222351,-8.7145185]],[[115.222351,-8.7145185],[115.2222303,-8.7145961],[115.2220612,-8.7147032],[115.2211922,-8.7152118],[115.22103,-8.7153039],[115.2207785,-8.7154517],[115.2205968,-8.7155614],[115.2204989,-8.7156122],[115.2202371,-8.7157695],[115.2201271,-8.7158356],[115.2197602,-8.716047],[115.2195325,-8.7161718],[115.2188776,-8.71656],[115.2185111,-8.7167822],[115.2181005,-8.7170312],[115.2178718,-8.7171551],[115.2177676,-8.7172115],[115.2176089,-8.7172766],[115.2174658,-8.7173263],[115.2172441,-8.7173853],[115.2168496,-8.7174571],[115.2166311,-8.7174673],[115.2164474,-8.7174659],[115.2159521,-8.7173985],[115.2152744,-8.7172739]],[[115.2256335,-8.7124757],[115.2257525,-8.7124177],[115.2260295,-8.7122825],[115.2263187,-8.7121721],[115.2265999,-8.7120813],[115.2269762,-8.7120157],[115.2271706,-8.7119884],[115.2273758,-8.7119825]],[[115.2547674,-8.649366],[115.2547427,-8.6492783],[115.2547856,-8.6490198],[115.2548151,-8.6487307],[115.2548338,-8.648618],[115.2548647,-8.6483449],[115.2549143,-8.647975],[115.2549425,-8.6477469],[115.25497,-8.6475547],[115.2550189,-8.6472166],[115.2550444,-8.6470362],[115.2550967,-8.6466716],[115.2551504,-8.646315],[115.255179,-8.6461489],[115.2552113,-8.6459477],[115.2552361,-8.6457395],[115.2552603,-8.6455341],[115.2552978,-8.6452291],[115.2553361,-8.6449235],[115.2553642,-8.6446749],[115.2553857,-8.6444721],[115.2553918,-8.6443176],[115.2553964,-8.6441778],[115.2553918,-8.6440623],[115.2553884,-8.643933],[115.2553709,-8.643786],[115.2553494,-8.6436349],[115.255341,-8.6435844],[115.2553597,-8.6435213]],[[115.178243,-8.7810082],[115.1780973,-8.7807938],[115.1780539,-8.7807156],[115.1779162,-8.7804677],[115.1777572,-8.7800675],[115.1776643,-8.7796799]],[[115.1817727,-8.7427235],[115.1815814,-8.7424821],[115.1813788,-8.7422582],[115.1811083,-8.7419093],[115.1810658,-8.7418549],[115.1808833,-8.741588],[115.1807881,-8.7414151],[115.1807297,-8.7412849],[115.1806547,-8.7411203],[115.180591,-8.740943],[115.18053,-8.7407536],[115.1804776,-8.7405628],[115.1803785,-8.7401723],[115.1803276,-8.739954],[115.1802403,-8.7395554],[115.180146,-8.7391527],[115.180124,-8.7390754],[115.180096,-8.7389449],[115.180074,-8.7388666],[115.1800404,-8.7387007],[115.1800159,-8.7385751],[115.1800016,-8.738515],[115.1798933,-8.7380468],[115.1797562,-8.7375404],[115.1796413,-8.7370781],[115.1795945,-8.7368687],[115.1795449,-8.7366558]],[[115.18294,-8.7473156],[115.1829178,-8.747539],[115.1828742,-8.7477901],[115.1827812,-8.7482367],[115.1826587,-8.748789],[115.1825771,-8.7490776],[115.1825579,-8.7491455],[115.1824213,-8.7495012],[115.1822546,-8.7499351],[115.1821108,-8.750306],[115.1820736,-8.750402],[115.1819185,-8.7508101],[115.1818291,-8.7510294],[115.1814439,-8.7519743],[115.1811586,-8.752646],[115.1810678,-8.7528463],[115.1809835,-8.7530555],[115.1807676,-8.7535913],[115.180492,-8.7542752],[115.1802513,-8.7548723],[115.1801108,-8.75523],[115.180011,-8.7554827],[115.1799303,-8.755669],[115.1795471,-8.7568347],[115.1795,-8.7569778],[115.179396,-8.7574384],[115.1793282,-8.7578354],[115.179251,-8.7583232],[115.1792361,-8.7584305],[115.1792136,-8.7585699],[115.1791069,-8.7595041],[115.1790184,-8.760272]],[[115.2031996,-8.7177842],[115.2022498,-8.7181523],[115.201976,-8.7182518],[115.2017296,-8.7183367],[115.2011497,-8.7185581],[115.2010072,-8.7186125],[115.2001949,-8.7189035],[115.2000981,-8.7189402],[115.1994412,-8.7191807],[115.1988283,-8.7194248],[115.1981152,-8.7196877],[115.1974346,-8.7199383],[115.1947952,-8.7209321],[115.1945324,-8.7210274],[115.1943993,-8.7210817],[115.1943471,-8.7211011],[115.1940457,-8.721213],[115.1939276,-8.7212539],[115.1935588,-8.721413],[115.1933382,-8.7214892],[115.1931722,-8.7215493],[115.1927005,-8.7217199],[115.1923531,-8.7218405],[115.1922318,-8.7218776],[115.1919964,-8.7219439],[115.1917537,-8.7219989],[115.1914928,-8.7220387],[115.1912333,-8.7220619],[115.1908725,-8.7220672],[115.190604,-8.7220685],[115.1905094,-8.7220632],[115.1904115,-8.7220639],[115.1903743,-8.7220702],[115.1903237,-8.7220874],[115.1901956,-8.7221388],[115.1901339,-8.722163],[115.1900595,-8.7221872],[115.1899673,-8.7221958],[115.1899063,-8.7221905],[115.1898459,-8.7221759],[115.1897665,-8.7221321],[115.1896759,-8.7220377],[115.1895703,-8.721977],[115.1894698,-8.7219287],[115.1893128,-8.7218829],[115.1890359,-8.7218286],[115.1888368,-8.7217974],[115.1886322,-8.7217749],[115.1883285,-8.7217358],[115.1880361,-8.7217073],[115.1877652,-8.7216854],[115.1875124,-8.7216722],[115.1873632,-8.721667]],[[115.2154476,-8.7171672],[115.2155811,-8.7172049],[115.2159834,-8.7173001],[115.2164192,-8.7173494],[115.2165922,-8.7173599],[115.2168462,-8.7173536],[115.2171058,-8.7173149],[115.2172132,-8.7172989],[115.2174804,-8.7172085],[115.2175469,-8.717186],[115.2176474,-8.7171491],[115.2180331,-8.7169664],[115.2184488,-8.7167229],[115.2185571,-8.7166598],[115.2194878,-8.7161059],[115.2204376,-8.7155412],[115.2204786,-8.7155116],[115.2218513,-8.714705],[115.2219064,-8.7146734],[115.2223184,-8.7144314]],[[115.2103272,-8.789338],[115.2100105,-8.7891774],[115.2099193,-8.7891295],[115.2097001,-8.7890126],[115.2095984,-8.7889473],[115.2094434,-8.7888478],[115.2091987,-8.7886777],[115.2089345,-8.7884829],[115.2086081,-8.788261],[115.2084303,-8.7881529],[115.2082713,-8.7880586],[115.2081325,-8.7879874],[115.2078592,-8.7878952],[115.2076949,-8.7878383],[115.2070151,-8.7876027],[115.2069114,-8.7875668],[115.2066883,-8.7874895],[115.206506,-8.7874263],[115.2062686,-8.7873425],[115.205966,-8.7872232],[115.2057971,-8.7871511],[115.2054325,-8.7869945],[115.2051905,-8.7868905],[115.204726,-8.786691],[115.2042093,-8.7864692],[115.203939,-8.7863531],[115.2037262,-8.7862617],[115.2035736,-8.786197],[115.2033926,-8.7861235],[115.2032021,-8.786052],[115.2030496,-8.7859968],[115.20295,-8.7859649],[115.202617,-8.7858505],[115.2023718,-8.7857908],[115.201949,-8.7856897],[115.2017944,-8.7856604],[115.2016646,-8.7856359],[115.2012437,-8.7855651],[115.2010812,-8.7855417],[115.2008547,-8.7855078],[115.2005322,-8.7854617],[115.2004771,-8.7854537],[115.200429,-8.7854467],[115.2001727,-8.7854094],[115.1994584,-8.7853054],[115.199097,-8.7852561],[115.1986123,-8.7851821],[115.1979254,-8.7850871],[115.1976569,-8.785052],[115.1970637,-8.7849745],[115.1968995,-8.7849603],[115.1966609,-8.7849466],[115.1965465,-8.7849449],[115.1962115,-8.7849399],[115.1960625,-8.7849429],[115.1958131,-8.7849488],[115.1955255,-8.7849693],[115.1952247,-8.7849906],[115.194926,-8.7850118],[115.1942915,-8.7850569],[115.1939653,-8.7850748],[115.1937078,-8.7850623],[115.193528,-8.7850409],[115.1934128,-8.7850223],[115.1933041,-8.7850088],[115.1931433,-8.7849731],[115.1928599,-8.7849039],[115.1927152,-8.7848686],[115.192517,-8.7848174],[115.1921761,-8.7847294],[115.1914075,-8.7845313],[115.1912011,-8.7844789],[115.1906338,-8.7843345],[115.1900768,-8.7841857],[115.1896468,-8.7840827],[115.1894563,-8.7840376],[115.1892355,-8.7840036],[115.1892126,-8.7840025],[115.1890835,-8.7839965],[115.1888609,-8.7840012],[115.1885637,-8.7840147],[115.1885146,-8.7840169],[115.1882928,-8.7840273],[115.1880145,-8.7840435],[115.1879026,-8.7840476],[115.1877084,-8.7840547],[115.1875535,-8.7840517],[115.1874769,-8.7840502],[115.1873649,-8.7840402],[115.1872104,-8.7840104],[115.186922,-8.7839299],[115.1866624,-8.7838274],[115.1865183,-8.783756],[115.1860065,-8.7835136],[115.1857969,-8.7834147],[115.1855139,-8.7832932],[115.1854533,-8.7832676],[115.185187,-8.7831993],[115.1849838,-8.7831631],[115.1848822,-8.7831441],[115.1843089,-8.783105],[115.1838001,-8.7830671],[115.1837693,-8.7830655],[115.1831028,-8.783032]],[[115.1868167,-8.7216756],[115.1867051,-8.7216867],[115.1865395,-8.7216934],[115.1865059,-8.7216954],[115.18617,-8.7217146],[115.1858287,-8.7217365],[115.1854223,-8.7217623],[115.1851346,-8.7217868],[115.1844051,-8.7218253],[115.184165,-8.7218345],[115.1840078,-8.7218355],[115.1838079,-8.7218342],[115.1836574,-8.721841],[115.1835501,-8.7218458],[115.1833691,-8.7218564],[115.183178,-8.7218803],[115.1830421,-8.7219124],[115.1829203,-8.7219501],[115.1828695,-8.7219678],[115.1827227,-8.7220327],[115.1826134,-8.7220877],[115.1825054,-8.7221547],[115.1824048,-8.7222322],[115.1822922,-8.7223369],[115.1822036,-8.722435],[115.1820984,-8.7225835],[115.18204,-8.7226657],[115.1819737,-8.7227658],[115.1819187,-8.7228586],[115.1818704,-8.7229573],[115.1818087,-8.7231098],[115.1817021,-8.723361],[115.1816451,-8.7234902],[115.1816049,-8.7235466],[115.1815525,-8.7235982]],[[115.2537703,-8.6392142],[115.2537402,-8.6391245]],[[115.23269,-8.7115963],[115.2319955,-8.7118544],[115.2318825,-8.7118915],[115.2315974,-8.7119865],[115.2314588,-8.7120308],[115.2309745,-8.7121516],[115.2309069,-8.7121581],[115.2305553,-8.7122152],[115.2301655,-8.7122388],[115.2298748,-8.7122472],[115.2297634,-8.7122441],[115.229477,-8.7122363],[115.2289812,-8.7121793],[115.2286671,-8.7121418],[115.2285858,-8.7121339],[115.2280224,-8.7120746],[115.2277112,-8.7120509]],[[115.2363546,-8.7102128],[115.2389662,-8.7092819],[115.2406782,-8.7086798],[115.2411819,-8.7084985],[115.2416236,-8.7083241],[115.2419737,-8.7081691],[115.2421007,-8.7081062],[115.2425322,-8.7078454],[115.2429599,-8.707554],[115.24301,-8.707509],[115.2434569,-8.7071072],[115.2437084,-8.706882],[115.2441047,-8.7065158]],[[115.2363364,-8.7103105],[115.2361775,-8.7103665]],[[115.2361943,-8.71027],[115.2363003,-8.7102284],[115.2363546,-8.7102128]],[[115.2151265,-8.7172281],[115.2150146,-8.7171919]],[[115.1831028,-8.783032],[115.182788,-8.7830147],[115.1824494,-8.782979],[115.182178,-8.7829337],[115.1819882,-8.782888],[115.1818302,-8.7828388],[115.1815713,-8.782739],[115.1813452,-8.7826482],[115.1811042,-8.7825542],[115.1809195,-8.7824779],[115.1807499,-8.7824114],[115.1805393,-8.7823279],[115.1801195,-8.7821747],[115.17972,-8.7820131],[115.1794651,-8.7819077],[115.1791975,-8.7817841],[115.1791673,-8.7817708],[115.1791148,-8.7817463],[115.1789917,-8.7816715]],[[115.2155695,-8.7934364],[115.2155258,-8.7933878],[115.2155094,-8.7933728],[115.2154895,-8.793353],[115.2154832,-8.7933464],[115.2154746,-8.7933384],[115.2151639,-8.7930289],[115.2150566,-8.7929229],[115.2147265,-8.7925945],[115.2144904,-8.7923717],[115.2142075,-8.7921091],[115.2138245,-8.7917004],[115.2137987,-8.7916751],[115.213306,-8.7911921],[115.2129281,-8.7908045],[115.2125909,-8.790533],[115.2123881,-8.7903795],[115.2123448,-8.7903484],[115.2123147,-8.7903269]],[[115.212255,-8.790187],[115.2123321,-8.7902377]],[[115.2543926,-8.6519446],[115.2544371,-8.6516086],[115.2544466,-8.6515547],[115.2545705,-8.6506361],[115.2545891,-8.6504984],[115.2546392,-8.6501272],[115.2546731,-8.6498756],[115.2547443,-8.6494907],[115.2547674,-8.649366]],[[115.2230412,-8.7984311],[115.2229847,-8.7985227]],[[115.2123321,-8.7902377],[115.2123918,-8.7902776],[115.2124293,-8.7903027],[115.2126306,-8.7904537],[115.2129498,-8.7907293],[115.2130252,-8.7908097],[115.2131389,-8.7909308],[115.2132007,-8.7909751],[115.2134095,-8.7911843],[115.2134369,-8.7912118],[115.2138422,-8.7916177],[115.2141113,-8.7918876],[115.2142901,-8.7920648],[115.2146335,-8.7923986],[115.2151855,-8.7929612]],[[115.1778886,-8.7727922],[115.1778153,-8.7750488],[115.1778086,-8.7752539]],[[115.1777266,-8.7752606],[115.1778056,-8.7728006]],[[115.1776643,-8.7796799],[115.1776439,-8.7794279],[115.177641,-8.7790762],[115.177666,-8.7780097],[115.1776746,-8.7777196],[115.1776786,-8.7773777]],[[115.1778086,-8.7752539],[115.1777612,-8.7773833]],[[115.2059639,-8.7167591],[115.2058822,-8.71679]],[[115.214825,-8.7171361],[115.2140014,-8.7169723],[115.2136714,-8.7168943],[115.2135685,-8.71687],[115.2131943,-8.716772],[115.2128559,-8.7167085],[115.2125865,-8.7166499],[115.2121818,-8.7165628],[115.2118635,-8.7164943],[115.2112468,-8.7163508],[115.2106069,-8.7162007],[115.2105184,-8.7161841],[115.2101084,-8.7160996],[115.2096802,-8.7160039],[115.2095147,-8.7159775],[115.2092725,-8.7159389],[115.2091062,-8.7159177],[115.2089466,-8.7159005],[115.2088849,-8.7159001],[115.208728,-8.7158991],[115.208667,-8.7159019],[115.2085537,-8.7159111],[115.2082922,-8.7159508],[115.2080668,-8.7160012],[115.2077571,-8.7160927],[115.2075787,-8.716151],[115.2068049,-8.7164466],[115.2059711,-8.7167564],[115.2059639,-8.7167591]],[[115.2059285,-8.7166753],[115.2059404,-8.7166707],[115.2064387,-8.7164771],[115.2066278,-8.7164064],[115.2074379,-8.7161033],[115.2078536,-8.7159601],[115.2081862,-8.7158673],[115.2084437,-8.7158249],[115.2087294,-8.7158103],[115.2089171,-8.715817],[115.2090311,-8.7158196],[115.209188,-8.7158358],[115.209361,-8.7158567],[115.2096067,-8.715901],[115.2096333,-8.7159058],[115.2101348,-8.7160105],[115.2106243,-8.7161165],[115.2109142,-8.7161782],[115.2111541,-8.7162292],[115.2112676,-8.7162563],[115.2118112,-8.7163842],[115.2123223,-8.7164914],[115.2131082,-8.7166563],[115.2143388,-8.716917],[115.2148609,-8.717014]],[[115.2058498,-8.7167032],[115.2059285,-8.7166753]],[[115.2229847,-8.7985227],[115.222879,-8.7984754],[115.2227126,-8.7984001],[115.221301,-8.7976716],[115.2205558,-8.7972851],[115.2205196,-8.7972644],[115.2201693,-8.7970487],[115.2194338,-8.7965785],[115.21878,-8.7961723],[115.2183066,-8.795873],[115.2177397,-8.7954807],[115.2173028,-8.7951546],[115.2172541,-8.7951182],[115.2167091,-8.7945733],[115.2166581,-8.7945223],[115.2163333,-8.7941979],[115.2157312,-8.7935968]],[[115.2188361,-8.796111],[115.219286,-8.7963949],[115.2194779,-8.796516],[115.2205579,-8.7971936],[115.2205816,-8.7972067],[115.221334,-8.7975913],[115.2221469,-8.798003],[115.2224285,-8.7981453],[115.2227257,-8.7983014],[115.2229085,-8.7983778],[115.2230412,-8.7984311]],[[115.1777612,-8.7773833],[115.1777545,-8.7777127],[115.177745,-8.7790154],[115.1777405,-8.7794054],[115.1777673,-8.7796596],[115.1778478,-8.7800131],[115.1779711,-8.7803385],[115.1782011,-8.7807526],[115.178236,-8.7808103],[115.1783702,-8.7809841]],[[115.1776786,-8.7773777],[115.1777266,-8.7752606]],[[115.18189,-8.7426675],[115.1822036,-8.7429901],[115.1823831,-8.7432588],[115.1825577,-8.7436181],[115.1826994,-8.7439595],[115.1827479,-8.7441144],[115.1827985,-8.7442956],[115.1828165,-8.744367],[115.1828303,-8.7443892],[115.1828474,-8.7444055],[115.1829441,-8.7444739]],[[115.1823631,-8.7446324],[115.1824531,-8.7445075],[115.1825067,-8.7444405],[115.1825235,-8.7444107],[115.1825323,-8.7443108],[115.1825216,-8.7442318],[115.1824999,-8.7441275],[115.18246,-8.7439981],[115.1824223,-8.7438805],[115.1823686,-8.7437003],[115.1822868,-8.743528],[115.1822355,-8.7434446],[115.1820646,-8.7431658],[115.1817727,-8.7427235]],[[115.1795449,-8.7366558],[115.1795087,-8.7365006],[115.1794746,-8.7363319],[115.1794609,-8.7362509],[115.1793817,-8.7359546],[115.1792635,-8.7354365],[115.1790802,-8.7346217],[115.1789488,-8.7340686],[115.1789025,-8.7338714],[115.1787341,-8.7331274],[115.1786551,-8.7327553],[115.1786035,-8.7324856],[115.1785773,-8.7322927],[115.1785612,-8.7321164],[115.1785576,-8.7319791],[115.1785585,-8.7318831],[115.1785637,-8.7317713],[115.1785639,-8.7315862],[115.1785681,-8.7315245],[115.1785716,-8.7314875],[115.1785921,-8.7313158],[115.1786041,-8.731219],[115.1786256,-8.731095],[115.1786565,-8.7309804],[115.1786976,-8.7308436],[115.1787083,-8.7308042],[115.1787176,-8.7307783],[115.1788126,-8.7305128],[115.1788241,-8.7304806],[115.1789127,-8.7302578],[115.1789996,-8.7300332],[115.1790419,-8.7299293],[115.1791167,-8.7297292],[115.1792104,-8.7294785],[115.1792636,-8.729339],[115.1792705,-8.7293211],[115.1793149,-8.7291988],[115.1793676,-8.7290635],[115.1794544,-8.7288184],[115.1795057,-8.7286732]],[[115.1796576,-8.7366316],[115.1797568,-8.7370594],[115.1798626,-8.7375338],[115.1799928,-8.7381052],[115.1801327,-8.7387096],[115.1801508,-8.7387884],[115.1802067,-8.7390318],[115.1802415,-8.7391552],[115.1802603,-8.7392367],[115.1803313,-8.7395495],[115.1803388,-8.7395898],[115.1803963,-8.7398414],[115.1804102,-8.7399117],[115.1804495,-8.7400626],[115.180477,-8.7401955],[115.1804859,-8.7402387],[115.1806127,-8.7406737],[115.1806749,-8.740887],[115.1807472,-8.741089],[115.1808036,-8.741221],[115.1809091,-8.7414265],[115.1809712,-8.7415336],[115.1811956,-8.7418673],[115.1814793,-8.7422243],[115.1816266,-8.7423781],[115.18189,-8.7426675]],[[115.2233188,-8.7138419],[115.2234489,-8.7137595],[115.2235824,-8.7136771]],[[115.2237608,-8.713693],[115.2235655,-8.7138004],[115.2235114,-8.7138315],[115.2234089,-8.713894]],[[115.2234089,-8.713894],[115.2231814,-8.7140269],[115.2227574,-8.7142726]],[[115.2224551,-8.7143539],[115.2225722,-8.7142806],[115.2228431,-8.7141142],[115.2229851,-8.714026],[115.2231104,-8.7139573],[115.2233188,-8.7138419]],[[115.1783702,-8.7809841],[115.1785179,-8.7811434],[115.1785933,-8.7812225],[115.1786165,-8.7812469],[115.1788244,-8.7814681]],[[115.17789,-8.7719533],[115.1778886,-8.7727922]],[[115.1778056,-8.7728006],[115.1778049,-8.7727695],[115.17781,-8.7719315]],[[115.2542823,-8.6533932],[115.2542578,-8.6535708],[115.2540798,-8.6548235],[115.2540431,-8.6550863],[115.2539864,-8.6554925],[115.2538823,-8.6562764],[115.2538376,-8.6565405],[115.2538064,-8.6567305],[115.2537967,-8.6567943],[115.2537594,-8.6570592],[115.2537294,-8.6572519],[115.253683,-8.6575626],[115.2536147,-8.6580867],[115.2535994,-8.6582204],[115.2535823,-8.6584994],[115.2535831,-8.6587788],[115.2535949,-8.6590415],[115.2536241,-8.6592764],[115.253668,-8.6595056],[115.2537234,-8.6597544],[115.2537838,-8.6599983],[115.2538908,-8.66041],[115.2539197,-8.6605205]],[[115.2538525,-8.6605365],[115.2537443,-8.6601294],[115.2537203,-8.6600215],[115.2536671,-8.6598067],[115.2536429,-8.6597153],[115.253625,-8.6596353],[115.2535813,-8.6594687],[115.2535656,-8.659335],[115.2535442,-8.6591769],[115.2535257,-8.6590578],[115.2535142,-8.6588873],[115.2535058,-8.6586783],[115.2535039,-8.6584555],[115.2535129,-8.6582794],[115.2535271,-8.6581289],[115.253549,-8.6579333],[115.2535686,-8.6577173],[115.2536184,-8.6573698],[115.2536395,-8.6572373],[115.253656,-8.6571102],[115.2536681,-8.6570404],[115.2536907,-8.6568957],[115.2537234,-8.6566963],[115.253749,-8.656527],[115.2538857,-8.6555827],[115.2539884,-8.6548443],[115.2539955,-8.6547921],[115.2540272,-8.6545588],[115.2540399,-8.6544504],[115.2540993,-8.6540452],[115.2541915,-8.6534099]],[[115.2452013,-8.7056204],[115.2450319,-8.7057755],[115.2446135,-8.7061764],[115.2441739,-8.7065822]],[[115.2441047,-8.7065158],[115.2448622,-8.7058167],[115.24507,-8.7056308],[115.2451371,-8.7055631]],[[115.2591093,-8.6734922],[115.2590771,-8.6734306],[115.2590328,-8.6733464],[115.25889,-8.6731303],[115.2587076,-8.6728578],[115.2585742,-8.6726046],[115.2584948,-8.6724622],[115.2584205,-8.6723294],[115.2583579,-8.672219],[115.2582993,-8.6721219]],[[115.2550661,-8.6422052],[115.2551784,-8.6425148],[115.25521,-8.642603]],[[115.2549894,-8.6422247],[115.254932,-8.6420849],[115.254819,-8.6418272],[115.2547788,-8.641727],[115.2546683,-8.6414775],[115.2545837,-8.6412614],[115.2545542,-8.6411846],[115.2545287,-8.6411265],[115.2544882,-8.6410141]],[[115.2591851,-8.6734465],[115.2593682,-8.6737719],[115.2594995,-8.6739808],[115.259584,-8.6741293],[115.2596183,-8.6741861],[115.2596524,-8.6742406],[115.2597074,-8.6743427]],[[115.2595618,-8.6743706],[115.2595465,-8.6743109],[115.2595358,-8.6742652],[115.259521,-8.6742161],[115.2595022,-8.674177]],[[115.2591426,-8.6764905],[115.2590963,-8.676656],[115.2590472,-8.6768077],[115.2589727,-8.6770701],[115.2588437,-8.6774662],[115.2587459,-8.6778517],[115.2587148,-8.677978],[115.2586915,-8.6780747],[115.2586641,-8.6782166],[115.2586452,-8.6783982],[115.2586379,-8.6785076]],[[115.2594178,-8.6751263],[115.2595096,-8.6748565],[115.2595445,-8.6747523],[115.2595612,-8.6746754],[115.2595688,-8.6746311],[115.2595747,-8.6745847],[115.2595804,-8.6745035]],[[115.2586657,-8.6966229],[115.2586607,-8.696381],[115.2586546,-8.6960568],[115.2586493,-8.695663],[115.258652,-8.6954271],[115.2586558,-8.695036],[115.2586453,-8.6946131],[115.2586493,-8.694344],[115.2586486,-8.6941995],[115.2586479,-8.6940338],[115.2586362,-8.6933537],[115.2586402,-8.6927823],[115.2586405,-8.6925265],[115.2586373,-8.6918399],[115.2586384,-8.6916064],[115.2586368,-8.6913977],[115.258633,-8.6911754],[115.2586333,-8.691153],[115.2586218,-8.690848],[115.258615,-8.6904115],[115.2586225,-8.6900089],[115.2586205,-8.6898185],[115.2586262,-8.6895668],[115.2586247,-8.6894892],[115.2586201,-8.6893042],[115.2586176,-8.6888303],[115.258621,-8.6884008],[115.258616,-8.6882646],[115.2586213,-8.6879832],[115.2586238,-8.6878547],[115.2586421,-8.6874608],[115.2586453,-8.6873923],[115.2586656,-8.687022],[115.2586935,-8.686635],[115.2587348,-8.6862724],[115.2587968,-8.6857454],[115.258848,-8.6853256],[115.2588542,-8.6852721],[115.2588686,-8.6851124],[115.2588775,-8.6850278],[115.2588904,-8.6849322],[115.2589028,-8.6848287],[115.2589704,-8.6843081],[115.2590836,-8.6832583],[115.2591032,-8.6830877]],[[115.2593144,-8.6824443],[115.2592946,-8.6825624],[115.2592711,-8.6826898],[115.2591867,-8.6833669],[115.2591737,-8.6834639],[115.2591468,-8.6837157],[115.2590772,-8.6843076],[115.259068,-8.6843742],[115.2590402,-8.6845747],[115.2589644,-8.685121],[115.258939,-8.6852682],[115.2588954,-8.6855625],[115.2588046,-8.6863642],[115.2587821,-8.6865806],[115.2587623,-8.6869535],[115.2587539,-8.6872329],[115.2587334,-8.6876712],[115.2587311,-8.6878454],[115.2587303,-8.687905],[115.2587291,-8.6880032],[115.258725,-8.6883241],[115.2587251,-8.6884028],[115.2587251,-8.6884346],[115.2587252,-8.6886991],[115.2587253,-8.6888217],[115.2587309,-8.6893745],[115.258731,-8.6895635],[115.258731,-8.6895831],[115.2587311,-8.6899765],[115.2587326,-8.6903837],[115.2587342,-8.6911544],[115.2587386,-8.6926404],[115.2587405,-8.6927996],[115.2587403,-8.6929772],[115.2587391,-8.6933338],[115.2587421,-8.6936944],[115.2587434,-8.6937749],[115.2587498,-8.6939754],[115.2587512,-8.6944434],[115.2587599,-8.6949122],[115.258758,-8.6951427],[115.2587588,-8.6952374],[115.2587634,-8.6955754],[115.2587627,-8.6957015],[115.2587606,-8.6961018],[115.258768,-8.6966223]],[[115.2586379,-8.6785076],[115.2586399,-8.6786183],[115.258653,-8.6787622],[115.2586758,-8.6789167],[115.2586904,-8.6789753],[115.2586975,-8.6790034],[115.2587098,-8.6790536],[115.258725,-8.679111],[115.258782,-8.6793132],[115.2588652,-8.679583],[115.2589544,-8.6798725],[115.2590106,-8.6800401],[115.2591066,-8.6803364],[115.2592383,-8.6807698]],[[115.2591321,-8.6808004],[115.259066,-8.6805829],[115.2589899,-8.6803405],[115.2589152,-8.680092],[115.2588679,-8.6799215],[115.2586713,-8.6793189],[115.2586245,-8.67914],[115.258568,-8.6789032],[115.2585498,-8.678763],[115.2585346,-8.678607],[115.2585299,-8.6785162]],[[115.2585299,-8.6785162],[115.2585393,-8.6783737],[115.2585538,-8.6782557],[115.2585735,-8.6781032],[115.258597,-8.6779912],[115.2586312,-8.6778661],[115.2586828,-8.677677],[115.2587152,-8.6775657],[115.2587568,-8.6774318],[115.2587793,-8.6773594],[115.2588653,-8.6770865],[115.258932,-8.6768821],[115.2589848,-8.6767021],[115.2590552,-8.6764551]],[[115.2597322,-8.6744777],[115.2597302,-8.6745403],[115.2597249,-8.6745734],[115.2596957,-8.6747002],[115.2596149,-8.6749645],[115.2594165,-8.6756059],[115.259199,-8.6763133],[115.2591836,-8.6763618],[115.2591426,-8.6764905]],[[115.2584124,-8.6720684],[115.2584575,-8.6721452],[115.2585849,-8.67237],[115.2586158,-8.6724263],[115.2586633,-8.6725145],[115.2586935,-8.6725682],[115.2589866,-8.6730833],[115.2590349,-8.6731597],[115.2590414,-8.6731704],[115.2591576,-8.6733921],[115.2591851,-8.6734465]],[[115.2583587,-8.6719734],[115.258377,-8.6720056],[115.2584029,-8.6720513],[115.2584124,-8.6720684]],[[115.2361775,-8.7103665],[115.2349344,-8.7108043],[115.2342508,-8.7110456],[115.2334743,-8.7113197],[115.23269,-8.7115963]],[[115.2326592,-8.7115221],[115.2326725,-8.7115172],[115.2328048,-8.7114688],[115.2331408,-8.7113459],[115.2333085,-8.7112901],[115.2334623,-8.711239],[115.2335358,-8.7112131],[115.2336127,-8.7111879],[115.2337419,-8.7111404],[115.2339927,-8.7110525],[115.23412,-8.7110085],[115.2348772,-8.7107384],[115.2361943,-8.71027]],[[115.2226688,-8.7143231],[115.222515,-8.7144182],[115.2224862,-8.7144347]],[[115.2227574,-8.7142726],[115.2226688,-8.7143231]],[[115.1789917,-8.7816715],[115.178782,-8.78154]],[[115.178782,-8.78154],[115.178515,-8.7812842]],[[115.1810027,-8.7246488],[115.1810173,-8.7246152],[115.1811918,-8.7242153]],[[115.1811918,-8.7242153],[115.1812136,-8.7241585],[115.1813111,-8.7239051],[115.1814455,-8.7235233],[115.1814891,-8.723402]],[[115.1813943,-8.7240171],[115.1813152,-8.7242113],[115.1812796,-8.7243001],[115.1812495,-8.7244082],[115.1812337,-8.7244771],[115.181226,-8.7245467],[115.1812252,-8.7246881]],[[115.1815525,-8.7235982],[115.1815407,-8.7236295],[115.1815296,-8.7236588],[115.1813943,-8.7240171]],[[115.1812252,-8.7246881],[115.1812229,-8.724757],[115.1812166,-8.7248175],[115.1812045,-8.7248599],[115.1811837,-8.7249139],[115.1811495,-8.7249928],[115.1811039,-8.7250683],[115.1810389,-8.7251591],[115.1809752,-8.7252314],[115.1809242,-8.7252904],[115.1808706,-8.7253613],[115.1808237,-8.7254448],[115.1807633,-8.7255959],[115.1807208,-8.7257126],[115.1806702,-8.7258532],[115.1805595,-8.7261394],[115.1804378,-8.7264627],[115.180361,-8.7266763],[115.1802537,-8.7269557],[115.1801552,-8.7271942],[115.1801446,-8.7272229],[115.1800589,-8.7274559],[115.1798156,-8.7281211],[115.1797857,-8.7281912],[115.1797138,-8.7283793]],[[115.2548901,-8.6646089],[115.2548117,-8.6642655]],[[115.2582993,-8.6721219],[115.2582723,-8.6720735],[115.2582461,-8.6720265],[115.2582028,-8.67195],[115.2579546,-8.67151],[115.2577157,-8.6710976],[115.2575409,-8.6707854],[115.2574997,-8.6707082],[115.2572939,-8.6703461],[115.257176,-8.6701381],[115.2571135,-8.6700186],[115.257042,-8.6698986],[115.2570047,-8.6698319],[115.2569096,-8.6696623],[115.2568516,-8.6695642],[115.2567275,-8.6693382],[115.2566659,-8.6692112],[115.2565558,-8.6690158],[115.2564524,-8.6688351],[115.2563751,-8.6687112],[115.2562916,-8.6685371],[115.2561681,-8.6683082],[115.2560784,-8.6681368],[115.2559762,-8.667923],[115.2559057,-8.6677792],[115.2558244,-8.6676069],[115.2557445,-8.6674593],[115.2556895,-8.6673412],[115.2556293,-8.6671896],[115.2555638,-8.6670414],[115.2554234,-8.6666015],[115.2553866,-8.6664739],[115.2553582,-8.6663602],[115.255292,-8.6661369],[115.2552469,-8.6659651],[115.2551665,-8.6656712],[115.2551165,-8.66546]],[[115.2551927,-8.665431],[115.2552828,-8.6657573],[115.2553435,-8.6659777],[115.2554655,-8.6664149],[115.2554863,-8.6664888],[115.2555617,-8.6667224],[115.2556104,-8.6668521],[115.2557236,-8.6671317],[115.2558932,-8.6675437],[115.256074,-8.6679245],[115.2561261,-8.6680451],[115.256408,-8.6685852],[115.2565957,-8.668923],[115.2568503,-8.6693319],[115.2570451,-8.6696655],[115.257097,-8.6697522],[115.2571701,-8.6698762],[115.2571935,-8.6699193],[115.2572237,-8.6699743],[115.257283,-8.6700867],[115.2574972,-8.6704732],[115.2575965,-8.6706531],[115.2579117,-8.6712059],[115.2580976,-8.6715241],[115.2582282,-8.6717487]],[[115.2548788,-8.6642515],[115.2549242,-8.6644285],[115.2549667,-8.664579]],[[115.1805635,-8.7258709],[115.1806336,-8.7256797],[115.1807338,-8.7254063],[115.1808656,-8.7250477],[115.1808961,-8.724949],[115.1809231,-8.7248657],[115.1810027,-8.7246488]],[[115.2257052,-8.7125434],[115.2255618,-8.7126156],[115.2251372,-8.7128543],[115.2245947,-8.7131814],[115.2245569,-8.7132042],[115.224381,-8.7133077],[115.2239459,-8.7135637],[115.2237608,-8.713693]],[[115.2235824,-8.7136771],[115.2236836,-8.7136196],[115.2244024,-8.713196],[115.2246912,-8.713027],[115.2256335,-8.7124757]],[[115.2544882,-8.6410141],[115.2544125,-8.6408133],[115.254225,-8.6403141],[115.2540788,-8.6399521],[115.2539259,-8.6395902]],[[115.2545819,-8.6409822],[115.2546804,-8.6412004],[115.2547588,-8.6414167],[115.2548089,-8.6415543],[115.2549906,-8.6419982],[115.2550409,-8.6421361],[115.2550661,-8.6422052]],[[115.2122272,-8.7902749],[115.2122068,-8.7902644],[115.2121405,-8.7902308],[115.2117558,-8.7900356],[115.2116445,-8.7899791],[115.2114405,-8.7898796],[115.2112866,-8.7898045],[115.2107562,-8.7895491],[115.2103272,-8.789338]],[[115.2123147,-8.7903269],[115.2122272,-8.7902749]],[[115.2534941,-8.7042154],[115.2537745,-8.7042119],[115.2539896,-8.7042123],[115.2540802,-8.7042116]],[[115.2454909,-8.7052401],[115.2458139,-8.7049565],[115.2459945,-8.7048244],[115.2461979,-8.7046969],[115.2464436,-8.7045661],[115.2467791,-8.7044304],[115.2471104,-8.7043436],[115.2473907,-8.7042879],[115.2478467,-8.7042441],[115.2482719,-8.7042401],[115.2483597,-8.7042402],[115.2485266,-8.7042441],[115.2493138,-8.7042388],[115.2499348,-8.7042329],[115.2500321,-8.7042302],[115.2506335,-8.7042282],[115.2511925,-8.7042336],[115.2513255,-8.7042349],[115.2514279,-8.7042341],[115.2517046,-8.7042318],[115.2518968,-8.7042302],[115.2519853,-8.7042295],[115.2522724,-8.7042242],[115.2523607,-8.7042237],[115.2527404,-8.7042269],[115.2530911,-8.7042203],[115.2534941,-8.7042154]],[[115.2546716,-8.7043063],[115.254172,-8.7043064],[115.2541291,-8.7043058],[115.2540929,-8.7043058]],[[115.2540929,-8.7043058],[115.253991,-8.7043079],[115.2536295,-8.7043093],[115.2535003,-8.7043109],[115.252747,-8.7043158],[115.2525783,-8.7043171],[115.2521704,-8.704316],[115.2520229,-8.7043157],[115.2515037,-8.7043167],[115.2512744,-8.7043171],[115.2511717,-8.7043173],[115.2510063,-8.7043177],[115.250877,-8.7043199],[115.2505722,-8.7043191],[115.2505471,-8.7043184],[115.2499362,-8.7043218],[115.2494526,-8.7043228],[115.2478853,-8.7043408],[115.2476502,-8.7043555],[115.2474178,-8.7043851],[115.2472875,-8.7044059],[115.2470154,-8.7044618],[115.2468235,-8.7045104],[115.2468006,-8.7045201],[115.2465127,-8.7046406],[115.2462418,-8.7047789],[115.2460614,-8.7048926],[115.2458889,-8.7050156],[115.245631,-8.7052302],[115.2455732,-8.7052805],[115.2455311,-8.7053172]],[[115.2591992,-8.6822482],[115.2592125,-8.6821435]],[[115.2591032,-8.6830877],[115.2591279,-8.6828784],[115.2591793,-8.6824312],[115.2591992,-8.6822482]],[[115.2592315,-8.6819514],[115.2592356,-8.6819098],[115.2592488,-8.6816927],[115.2592568,-8.6815548],[115.259258,-8.6814564],[115.2592461,-8.6813148],[115.2592154,-8.6811697],[115.2592058,-8.6811001],[115.259179,-8.6809918],[115.2591321,-8.6808004]],[[115.2593501,-8.6821562],[115.2593376,-8.6822628]],[[115.2593628,-8.6812499],[115.2593721,-8.6813056],[115.2593815,-8.6813705],[115.2593839,-8.6814798],[115.2593805,-8.6816349],[115.2593784,-8.6818155],[115.2593702,-8.6819645],[115.2593501,-8.6821562]],[[115.2592383,-8.6807698],[115.2592993,-8.6809691],[115.2593283,-8.6810862],[115.2593628,-8.6812499]],[[115.2590552,-8.6764551],[115.2591176,-8.6762361],[115.2592399,-8.6758376],[115.2593494,-8.6753847],[115.2594178,-8.6751263]],[[115.2595804,-8.6745035],[115.2595618,-8.6743706]],[[115.2031772,-8.7177052],[115.2033155,-8.717653]],[[115.2033155,-8.717653],[115.2036883,-8.7175088],[115.204102,-8.7173521],[115.204636,-8.7171479],[115.205672,-8.7167728],[115.2057843,-8.7167293],[115.2058498,-8.7167032]],[[115.2036989,-8.7176012],[115.2031996,-8.7177842]],[[115.2058822,-8.71679],[115.2058031,-8.7168178],[115.2056871,-8.7168622],[115.2055738,-8.7169026],[115.2050789,-8.7170789],[115.2047154,-8.7172168],[115.2044673,-8.7173096],[115.2036989,-8.7176012]],[[115.2597074,-8.6743427],[115.2597322,-8.6744777]],[[115.2551165,-8.66546],[115.2549639,-8.6648832],[115.2549497,-8.6648297],[115.2548901,-8.6646089]],[[115.2549667,-8.664579],[115.2550021,-8.6647057],[115.2550349,-8.6648282],[115.2550997,-8.6650766],[115.2551927,-8.665431]],[[115.1832115,-8.7216145],[115.1834774,-8.7216595]],[[115.2547674,-8.649366],[115.2547923,-8.649334],[115.2548184,-8.649283],[115.2548525,-8.6491715],[115.2548697,-8.6490765],[115.2549016,-8.6488586],[115.2549277,-8.6486565],[115.2549492,-8.6484271]],[[115.2553597,-8.6435213],[115.2553365,-8.6433882],[115.2552912,-8.6431807],[115.2552325,-8.642945],[115.255204,-8.6428518],[115.2551525,-8.6426955],[115.2549894,-8.6422247]],[[115.2539259,-8.6395902],[115.2538495,-8.6394165],[115.2538039,-8.6392951],[115.2537703,-8.6392142]],[[115.2558093,-8.6493658],[115.2556332,-8.6493362],[115.2555787,-8.649327],[115.2554799,-8.6493153],[115.2553764,-8.6492889],[115.2552292,-8.649204],[115.2551318,-8.6491095],[115.2551068,-8.6490742],[115.2550487,-8.6489688],[115.2550051,-8.6488265],[115.2549671,-8.6486143],[115.2549492,-8.6484271]],[[115.2554122,-8.6449845],[115.255428,-8.6448194],[115.255444,-8.6446922],[115.2554614,-8.6444521],[115.2554668,-8.6443236],[115.2554708,-8.6441963],[115.2554642,-8.6440027],[115.2554521,-8.6438569],[115.2554447,-8.6437812],[115.2554203,-8.6436506],[115.2554047,-8.6435764],[115.2553597,-8.6435213]],[[115.25521,-8.642603],[115.2552416,-8.6426921],[115.2553113,-8.6428784],[115.2554156,-8.6431069],[115.2554668,-8.6432071],[115.2555247,-8.6433161],[115.2555781,-8.6434113],[115.2556399,-8.6435214],[115.2556953,-8.643621],[115.2558196,-8.6438423],[115.2559724,-8.6441207],[115.2563291,-8.644783],[115.2563935,-8.6449102]],[[115.2548117,-8.6642655],[115.2548003,-8.6642317],[115.2547187,-8.663903],[115.2546911,-8.663787],[115.2546617,-8.6636709],[115.2546516,-8.6636319],[115.254601,-8.6634348],[115.2545523,-8.6632659],[115.2545167,-8.6631189],[115.2544717,-8.6629343],[115.2543756,-8.6625702],[115.2541916,-8.6619286],[115.2541397,-8.6617371],[115.2540781,-8.661493],[115.2540466,-8.6613553],[115.253989,-8.6610756],[115.2539514,-8.6609271],[115.2539219,-8.6608024],[115.2538525,-8.6605365]],[[115.2539197,-8.6605205],[115.2540099,-8.6608677],[115.2542028,-8.6616103],[115.2542506,-8.6618042],[115.2543124,-8.6620284],[115.2544069,-8.6623977],[115.2544685,-8.662611],[115.2545722,-8.6630437],[115.2545953,-8.6631249],[115.2546773,-8.663452],[115.2547654,-8.6638101],[115.25485,-8.6641413],[115.2548788,-8.6642515]],[[115.2582282,-8.6717487],[115.2582935,-8.6718611],[115.2583587,-8.6719734]],[[115.2563526,-8.6494024],[115.2560356,-8.649381],[115.2558093,-8.6493658]],[[115.2538455,-8.6391479],[115.2538757,-8.6392263],[115.2539405,-8.6393703],[115.2539861,-8.639467]],[[115.2152744,-8.7172739],[115.2151265,-8.7172281]],[[115.2150146,-8.7171919],[115.214825,-8.7171361]],[[115.1781361,-8.7685503],[115.1781234,-8.7686653],[115.1779738,-8.7700255],[115.1779537,-8.7703568],[115.1779497,-8.7704363],[115.1779215,-8.7709851],[115.1779121,-8.7713005],[115.17789,-8.7719533]],[[115.178515,-8.7812842],[115.178243,-8.7810082]],[[115.2152517,-8.7930297],[115.2153595,-8.7931385]],[[115.2153595,-8.7931385],[115.2155396,-8.7933013],[115.2156272,-8.7933736],[115.2157005,-8.7934367],[115.2157946,-8.7935328],[115.2159054,-8.7936459],[115.2167485,-8.7945231],[115.2173279,-8.7950719],[115.2177886,-8.7954157],[115.2186464,-8.7959913],[115.2188361,-8.796111]],[[115.2157312,-8.7935968],[115.2156425,-8.7935082]],[[115.2156425,-8.7935082],[115.2155695,-8.7934364]],[[115.2151855,-8.7929612],[115.2152517,-8.7930297]],[[115.2592125,-8.6821435],[115.2592315,-8.6819514]],[[115.2593376,-8.6822628],[115.2593144,-8.6824443]],[[115.2595022,-8.674177],[115.2594486,-8.6740716],[115.2593373,-8.673876],[115.2591093,-8.6734922]],[[115.1788244,-8.7814681],[115.1790384,-8.78158],[115.1791253,-8.7816285],[115.179491,-8.7817921]],[[115.1789293,-8.7610706],[115.1789062,-8.7612836],[115.1788986,-8.7613521],[115.1788655,-8.76165],[115.1787921,-8.7623119],[115.178757,-8.7626438],[115.1787008,-8.7631769]],[[115.1790184,-8.760272],[115.1789499,-8.7608897],[115.1789293,-8.7610706]],[[115.1787008,-8.7631769],[115.178686,-8.7633173],[115.1786524,-8.7636353],[115.1786481,-8.7636761],[115.1786002,-8.7640768],[115.1785949,-8.764121],[115.1785836,-8.7642227],[115.1785707,-8.7643241],[115.1784697,-8.7653341],[115.1784223,-8.7658088],[115.1783101,-8.7669763],[115.1782002,-8.7680727],[115.1781495,-8.7684505],[115.1781361,-8.7685503]],[[115.1788246,-8.7610612],[115.1788452,-8.7608737],[115.1788559,-8.7607765]],[[115.17781,-8.7719315],[115.1778315,-8.7710278],[115.1778519,-8.7703602],[115.1779236,-8.7695469],[115.1780224,-8.7686549],[115.1780382,-8.7685119],[115.1780456,-8.7684402],[115.1780798,-8.7681092],[115.1781617,-8.7675211],[115.1782045,-8.7670658],[115.1782333,-8.7668544],[115.1783413,-8.7658242],[115.1784395,-8.7647675],[115.1784839,-8.7643127],[115.1785081,-8.7641067],[115.1785572,-8.7636903],[115.1786038,-8.7632594],[115.1786789,-8.7624754],[115.1787135,-8.7620997],[115.1787423,-8.7618104],[115.1787899,-8.7613771],[115.1788013,-8.761273],[115.1788246,-8.7610612]],[[115.1820155,-8.7502285],[115.1824616,-8.7491167],[115.1825171,-8.7489311],[115.1825771,-8.7487306],[115.1826887,-8.7482579],[115.1827741,-8.7477942],[115.1828087,-8.7474538],[115.1828192,-8.7472619]]]},"properties":{"segmentId":302,"segmentKey":"osm-bypass-ngurah-rai","roadName":"Jalan Bypass Ngurah Rai","functionalClass":1,"osmWayIds":[24865345,24865349,25128631,25131886,25132353,25135336,25135337,25135338,25135339,25135349,25135350,25135351,25152455,26588614,26602493,26602494,26602495,26602496,26603944,35953853,93746081,165274108,165274109,166747225,192647443,199777764,199777765,199777766,199777767,199777804,199777819,199777838,199777848,216865058,224072837,233850033,233850037,282438085,282438087,304207655,309085641,315894564,318441076,318441077,318441078,318441079,363776899,367196046,367201871,367201872,444747773,471493932,471493942,544257053,544257054,544257055,544257056,564587343,564587344,564587345,564587346,583619653,583659825,602772823,602772826,703233850,703233851,709548837,709548838,713308391,713308392,713308393,713308394,714392291,718334651,718334652,732239453,732239454,735404289,735404290,735417025,739721550,739721551,771189165,771189166,772354175,772354176,772363515,772363516,773036302,773036304,773036665,773036666,776440882,776440883,862164452,862164453,887052480,887052481,896835751,896835752,975425065,975425066,975425067,975425068,975425069,996197655,996197656,996197657,996197658,1001307618,1001327538,1001329246,1034710853,1034710854,1062049871,1062050071,1121252071,1121252072,1121252073,1121252074,1121252075,1121252076,1121252077,1121252078,1121252079,1121252080,1121253294,1121253295,1122100614,1122100615,1122100616,1122100617,1137156500,1137163902,1137163903,1137198668,1137198671,1137198672,1137198673,1277810485,1277810486,1277810487,1278095304,1278095305,1278095306,1278165221,1278190291,1281401968,1281401969,1422237122,1489885198,1529724734,1529724735,1529737673,1529882514,1530098311,1533972624,1533972625,1534019735,1535888807,1536236520,1536236521,1536236522,1536962462,1536962463,1538456797],"source":"OpenStreetMap","importedAt":"2026-07-16T04:31:03.885Z"}},{"type":"Feature","id":"osm-raya-kerobokan","geometry":{"type":"MultiLineString","coordinates":[[[115.1645441,-8.6815118],[115.1645484,-8.681674],[115.1645522,-8.6817046]],[[115.1673549,-8.6626082],[115.1673403,-8.6624719],[115.1673214,-8.6622953],[115.1673063,-8.66212],[115.1672892,-8.6619267],[115.1672651,-8.6615515],[115.1672541,-8.6613459],[115.1672239,-8.660983],[115.1672202,-8.6609339],[115.1672006,-8.6606998],[115.1671543,-8.6602903],[115.167144,-8.6601524],[115.1671267,-8.6599118],[115.1671032,-8.6596665],[115.1670961,-8.6595482],[115.1670679,-8.6591798],[115.1670584,-8.6590501],[115.1670485,-8.6588191],[115.1670478,-8.658644],[115.1670485,-8.6583775],[115.1670492,-8.6581243],[115.1670481,-8.6579073],[115.167053,-8.6577991],[115.1670662,-8.6573477],[115.1670734,-8.6570758],[115.1670921,-8.6568422],[115.1670997,-8.6567819],[115.1672101,-8.6561349],[115.1672517,-8.655877],[115.1672736,-8.6557502],[115.1673335,-8.6554713],[115.1674157,-8.6551756],[115.1675588,-8.6547312],[115.1676798,-8.6543709],[115.1677348,-8.6542281],[115.1677922,-8.6540792],[115.1678637,-8.6538822],[115.1679142,-8.6537398],[115.1679441,-8.6536484],[115.1679748,-8.6535097],[115.1679837,-8.6534082],[115.167992,-8.6533142],[115.1679941,-8.6531727],[115.1680329,-8.652528],[115.1680449,-8.6524486],[115.1680443,-8.652359],[115.1680563,-8.6522707],[115.1680704,-8.6521448],[115.1680932,-8.6519976],[115.1681093,-8.6519246],[115.1681584,-8.6517202],[115.1681764,-8.6516529],[115.1682321,-8.6514852],[115.1682637,-8.6514101],[115.1683203,-8.6512758],[115.1683351,-8.6512408],[115.1683437,-8.6512203],[115.1684061,-8.6510874],[115.1684573,-8.65098],[115.1684699,-8.6509596],[115.1685804,-8.6507805],[115.1686663,-8.6506524],[115.1687021,-8.6506017],[115.1688251,-8.6504315],[115.1689542,-8.6502528],[115.1690407,-8.6501428],[115.1690819,-8.6500943],[115.1691815,-8.649977],[115.1693924,-8.6496874],[115.1695018,-8.6495236],[115.1696087,-8.6493618],[115.1696582,-8.6492921],[115.169716,-8.6492027],[115.1697582,-8.6491378],[115.169772,-8.6491165],[115.169801,-8.649072],[115.1698675,-8.6489574],[115.1699428,-8.6488375],[115.1699529,-8.6488201],[115.1700981,-8.6485706],[115.170164,-8.6484615],[115.1702558,-8.6483162],[115.1703743,-8.6481284],[115.1705112,-8.6479116],[115.1705815,-8.6477905],[115.1706741,-8.6476607],[115.1708059,-8.6474724],[115.1708923,-8.6473392],[115.1709293,-8.6472824],[115.1710847,-8.6470424],[115.1711816,-8.6469156],[115.1712457,-8.6468329],[115.171353,-8.6466933],[115.1714009,-8.646631],[115.1716827,-8.6462961]],[[115.1646719,-8.6777492],[115.1646459,-8.6779938],[115.1646155,-8.6782183],[115.1645996,-8.678426],[115.1645748,-8.6786753],[115.1645353,-8.6790405],[115.1645344,-8.6790585],[115.1645199,-8.6792878],[115.1645118,-8.6794449],[115.1645011,-8.6796112],[115.1645063,-8.6797782],[115.164505,-8.6799004],[115.1645032,-8.6800859],[115.1644965,-8.6802928],[115.164497,-8.6805128],[115.1644974,-8.680571],[115.1644979,-8.6805956],[115.1645007,-8.6807256],[115.1645011,-8.6808107],[115.1645097,-8.6809635],[115.1645441,-8.6815118]],[[115.1717511,-8.6462022],[115.1718293,-8.6460786],[115.1719103,-8.645909],[115.1719512,-8.6458233],[115.1720203,-8.6456587],[115.1720799,-8.6454616],[115.1720944,-8.6454145],[115.1721212,-8.6453365],[115.1721613,-8.6451811],[115.172171,-8.6451358],[115.1722164,-8.6449401],[115.1722242,-8.6448768],[115.1722376,-8.6447683],[115.1722461,-8.644704],[115.1722741,-8.6445171],[115.1722849,-8.6444243],[115.1722922,-8.6443609],[115.1723023,-8.6442732],[115.1723204,-8.6440876],[115.1723316,-8.6440246],[115.1723908,-8.6436924],[115.1724191,-8.6434761],[115.1724285,-8.6434042],[115.1724952,-8.6429865],[115.1725082,-8.6429059],[115.1725769,-8.642506],[115.1726597,-8.642111],[115.1726668,-8.6420648],[115.1727214,-8.6417109]],[[115.1649289,-8.6720896],[115.1649477,-8.6722155],[115.1649638,-8.6723262],[115.1649765,-8.6724363],[115.1649842,-8.6725973],[115.1649849,-8.6727047],[115.1649839,-8.6728028],[115.1649758,-8.672944],[115.1649563,-8.6730733],[115.1649394,-8.6732434],[115.1649367,-8.6732687],[115.1649182,-8.6734399],[115.1649041,-8.6736222],[115.1649047,-8.673825],[115.1649021,-8.6739715],[115.1649008,-8.674226],[115.1649004,-8.6742659],[115.1649074,-8.6744667],[115.1649216,-8.6746689],[115.1649329,-8.6748545],[115.1649339,-8.6750007],[115.1649249,-8.6752098],[115.1649032,-8.6753668],[115.1648846,-8.6754849],[115.1648618,-8.6755743],[115.1648384,-8.6756592],[115.164826,-8.6757277],[115.1648075,-8.6758596],[115.1647961,-8.6760073],[115.1647547,-8.6765415],[115.164731,-8.6768515],[115.1647192,-8.6771246],[115.1646996,-8.6774596],[115.1646719,-8.6777492]],[[115.1649289,-8.6720896],[115.1649061,-8.6719377],[115.1648873,-8.6718105],[115.1648498,-8.6715798],[115.1647846,-8.6711407],[115.1647787,-8.6711012],[115.1647317,-8.6707845],[115.1647026,-8.6705596],[115.1646949,-8.6705324],[115.1646704,-8.6702992],[115.1646513,-8.6701119],[115.1646404,-8.6700063],[115.164608,-8.6697189],[115.1645961,-8.6695799],[115.1645841,-8.6693127],[115.1645777,-8.6688241],[115.1645825,-8.6687465],[115.1645889,-8.6686737],[115.1645971,-8.6686284],[115.1646094,-8.6685817],[115.1646312,-8.6685159],[115.16467,-8.6684351],[115.1647022,-8.6683767],[115.1648142,-8.6681967],[115.1650096,-8.667886],[115.1654368,-8.6672734],[115.1654868,-8.6672047],[115.1655953,-8.6670608],[115.1656869,-8.6669391],[115.1657765,-8.6668202],[115.1659928,-8.6665411],[115.1661587,-8.6663282],[115.1663834,-8.6660354],[115.1664819,-8.6659121],[115.1667367,-8.6655767],[115.1668587,-8.665395],[115.1669942,-8.6652028],[115.1670572,-8.6651206],[115.1671229,-8.6650238],[115.1671712,-8.6649469],[115.1672208,-8.6648554],[115.1672544,-8.6647812],[115.1672812,-8.6646963],[115.1673053,-8.6645651],[115.1673266,-8.664446],[115.1673456,-8.6642522],[115.1673593,-8.6641094],[115.167365,-8.6640499],[115.167371,-8.6638863],[115.1673925,-8.6636569],[115.1674032,-8.6634289],[115.1673938,-8.6631823],[115.1673616,-8.6627739],[115.1673549,-8.6626082]],[[115.1645542,-8.6817937],[115.1645522,-8.6817046]]]},"properties":{"segmentId":303,"segmentKey":"osm-raya-kerobokan","roadName":"Jalan Raya Kerobokan","functionalClass":3,"osmWayIds":[25130464,529620835,1000764045,1001303362,1001336167,1449284712,1469054549],"source":"OpenStreetMap","importedAt":"2026-07-16T04:31:03.885Z"}},{"type":"Feature","id":"osm-raya-canggu","geometry":{"type":"MultiLineString","coordinates":[[[115.1597107,-8.6453517],[115.1592882,-8.6452715],[115.1590267,-8.6452111],[115.1589883,-8.6451996],[115.1588108,-8.6451522],[115.1586713,-8.6451005],[115.1585895,-8.6450674],[115.1585157,-8.6450197],[115.1584768,-8.6449838],[115.1583602,-8.6448592],[115.158214,-8.6446988],[115.1580651,-8.6444999],[115.1579887,-8.6443859],[115.1578686,-8.6442546],[115.1577658,-8.6441447],[115.1577151,-8.6440968],[115.1576291,-8.6440295],[115.1576051,-8.6440107],[115.1575742,-8.6439954],[115.157408,-8.6439351],[115.1572376,-8.6438754],[115.1572073,-8.6438645],[115.157011,-8.6437919],[115.1568621,-8.6437366],[115.1564424,-8.6435811],[115.1562694,-8.6435234],[115.1559743,-8.6433836],[115.1558027,-8.6432403],[115.1557189,-8.6431522],[115.1556638,-8.6430991],[115.1554419,-8.6428997],[115.1553684,-8.6428336],[115.1549748,-8.6425008]],[[115.1162898,-8.6172034],[115.1159906,-8.6164552]],[[115.113188,-8.6105166],[115.1124595,-8.6098918]],[[115.1124595,-8.6098918],[115.111451,-8.6090816],[115.1110983,-8.6088138],[115.1109387,-8.6086719],[115.1108032,-8.608522],[115.1106343,-8.6082834],[115.1105618,-8.6081653],[115.1105136,-8.6080327],[115.1104465,-8.6077715],[115.1104198,-8.6076241],[115.1103726,-8.6075696],[115.1102923,-8.6075269],[115.1102118,-8.607499],[115.1101414,-8.6074851],[115.1100569,-8.6074798],[115.1099322,-8.6074699],[115.1098678,-8.6074493],[115.1098263,-8.6074221],[115.1097579,-8.6073764],[115.1096714,-8.6073286],[115.1095986,-8.607312],[115.1093202,-8.6072789],[115.1092158,-8.6072292],[115.1090723,-8.6071313],[115.1088226,-8.6069437],[115.108643,-8.6067793],[115.1085365,-8.6066817],[115.1085077,-8.6066563],[115.1083289,-8.6064988],[115.1082405,-8.606421],[115.1081309,-8.6063245],[115.1080084,-8.6062148],[115.1077398,-8.605963],[115.1074674,-8.6057763],[115.1072873,-8.6056613],[115.1071892,-8.6056011],[115.1068034,-8.6053708],[115.1066633,-8.6054623],[115.106619,-8.6054828],[115.1065573,-8.6054829],[115.1061957,-8.6052667],[115.1060727,-8.6051685],[115.1058003,-8.6048874],[115.1056988,-8.6048036],[115.1056105,-8.6047588],[115.1055193,-8.604739],[115.1054429,-8.6047376],[115.1053374,-8.6047155],[115.1051274,-8.6046088],[115.1049651,-8.6045271],[115.1047184,-8.6043943],[115.1043861,-8.604184],[115.1043477,-8.6041438]],[[115.1149359,-8.613885],[115.1148926,-8.6137648],[115.1147106,-8.6133071],[115.1142741,-8.6122616],[115.1138012,-8.6111417],[115.1137461,-8.6110323],[115.1137108,-8.6109758],[115.1136796,-8.6109326],[115.1135223,-8.6107689],[115.1134312,-8.6106963],[115.113188,-8.6105166]],[[115.1162898,-8.6172034],[115.11631,-8.6172476],[115.1163201,-8.6172766],[115.1163901,-8.6174419],[115.1164027,-8.617473],[115.1166545,-8.6180837],[115.1169094,-8.618703],[115.1169369,-8.6187712],[115.1171923,-8.6194123],[115.1172687,-8.6196205],[115.1173425,-8.6197597],[115.1174146,-8.6198948],[115.1176389,-8.6201561],[115.1179127,-8.6204138],[115.1182088,-8.6206918],[115.1194369,-8.621802],[115.1196826,-8.6220406],[115.1197474,-8.6220998],[115.1199284,-8.6222518],[115.1201172,-8.6223758],[115.1208127,-8.6227804],[115.1225269,-8.6238371],[115.1229241,-8.6240863],[115.1232769,-8.6243011],[115.1235437,-8.6244655],[115.1237489,-8.6245967],[115.123877,-8.6246973],[115.124052,-8.624868],[115.1242421,-8.6250468],[115.1244352,-8.6253222],[115.1245764,-8.6254666],[115.1248191,-8.6257079],[115.1248594,-8.6257525],[115.1249047,-8.6258086],[115.1249825,-8.6259051],[115.1250538,-8.6259823],[115.1251839,-8.6260858],[115.1252728,-8.6261443],[115.1255286,-8.626286],[115.1259358,-8.6264607],[115.1265022,-8.6267143],[115.1269451,-8.6269025],[115.1277538,-8.6273813],[115.1296531,-8.6284766],[115.1299052,-8.6286326],[115.1312558,-8.6294233],[115.1312727,-8.6294328],[115.1318206,-8.6297423],[115.1319645,-8.6298236],[115.1321107,-8.6299111],[115.1322023,-8.629981],[115.1322609,-8.6300423],[115.1323789,-8.6301749],[115.13249,-8.6303039],[115.1327393,-8.6305936],[115.1328147,-8.6306812],[115.1329974,-8.6308437],[115.1330696,-8.6309002],[115.1331274,-8.6309401],[115.133209,-8.6310023],[115.1333417,-8.6310853],[115.1335249,-8.6311762],[115.133548,-8.6311889],[115.1337683,-8.6313086],[115.1339296,-8.6313815],[115.1341867,-8.631473],[115.1342217,-8.6314926],[115.1342386,-8.6315263],[115.1342484,-8.631587],[115.134263,-8.6316921],[115.1342783,-8.6317972],[115.1343169,-8.6318442],[115.1343725,-8.6318797],[115.1345448,-8.6319777],[115.134687,-8.6320577],[115.1348977,-8.6321631],[115.1349362,-8.6321848],[115.1354447,-8.6324396],[115.1356727,-8.6325443],[115.1357431,-8.6325774],[115.1358115,-8.6326093],[115.1359195,-8.6326689],[115.136008,-8.6327167],[115.136079,-8.6327591],[115.1361917,-8.6328215],[115.1362601,-8.6328639],[115.136394,-8.6329403],[115.1367362,-8.6331039],[115.1369905,-8.6332085],[115.1371475,-8.633279],[115.1373592,-8.6333846],[115.1375516,-8.6334918],[115.1376935,-8.6335782],[115.1378185,-8.6336541],[115.1380361,-8.6337927],[115.1382449,-8.6339326],[115.1383301,-8.6339975],[115.1384367,-8.6340744],[115.1385802,-8.634162],[115.1387951,-8.6342785],[115.138906,-8.634325],[115.1395569,-8.6346171],[115.1396786,-8.6346764],[115.1397698,-8.6347168]],[[115.1423694,-8.6357093],[115.1422265,-8.6356524]],[[115.1422265,-8.6356524],[115.1417907,-8.6354864],[115.1414898,-8.6353695],[115.1405603,-8.635031],[115.140266,-8.6349204],[115.1397698,-8.6347168]],[[115.1495511,-8.6385646],[115.1494498,-8.6384208]],[[115.1494498,-8.6384208],[115.1493054,-8.6382361],[115.149195,-8.6381529],[115.1489456,-8.6379779],[115.1485969,-8.6377631],[115.1484588,-8.6377233],[115.1483328,-8.6376887],[115.1481926,-8.6376119],[115.1479518,-8.6374668],[115.1478425,-8.6373819],[115.1475294,-8.6371412],[115.1473249,-8.636951],[115.1472086,-8.6368498],[115.1471616,-8.6368058],[115.1471227,-8.636767],[115.1470387,-8.6366955],[115.1469058,-8.6366109],[115.1465021,-8.6363808],[115.1461988,-8.6361942],[115.1460522,-8.6360964],[115.1458953,-8.6359943],[115.1458472,-8.6359676],[115.1457866,-8.6359618],[115.1457457,-8.6359718],[115.1457008,-8.6359977],[115.1455191,-8.6361356],[115.1453233,-8.6363159],[115.1452328,-8.6363822],[115.145165,-8.6363948],[115.1450644,-8.6364007],[115.1446769,-8.6363762],[115.1443693,-8.6363116],[115.1437091,-8.6361836],[115.1435472,-8.6361443],[115.1431311,-8.636022],[115.1428796,-8.6359232],[115.1426397,-8.6358151],[115.1423694,-8.6357093]],[[115.1549748,-8.6425008],[115.154612,-8.6422429],[115.15428,-8.64205],[115.1540704,-8.6419887],[115.1538203,-8.6420142],[115.1537628,-8.6420179],[115.1537049,-8.6420021],[115.1529372,-8.6414323],[115.1529164,-8.6414049],[115.1529175,-8.6413551]],[[115.1149761,-8.6139784],[115.1149359,-8.613885]],[[115.1159906,-8.6164552],[115.115874,-8.616169],[115.1157656,-8.6159037],[115.1153345,-8.6148302],[115.1149761,-8.6139784]],[[115.1603255,-8.6454601],[115.1601257,-8.6454233],[115.1600352,-8.6454042],[115.1597107,-8.6453517]],[[115.1678554,-8.646797],[115.1678214,-8.646798],[115.1677844,-8.646795],[115.1676884,-8.6467702],[115.1672305,-8.6466418],[115.1668396,-8.646547],[115.1664365,-8.6464549],[115.1658463,-8.6463218],[115.1657256,-8.6462967],[115.1656559,-8.6462822],[115.1654468,-8.6462345],[115.1651325,-8.6461885],[115.1648147,-8.6461512],[115.1646175,-8.6461288],[115.1642672,-8.6460752],[115.1638503,-8.6460224],[115.1637045,-8.6460034],[115.1633853,-8.6459551],[115.1632378,-8.6459338],[115.1631357,-8.6459175],[115.1627966,-8.6458722],[115.1626302,-8.645845],[115.1619342,-8.6457303],[115.1617786,-8.6457104],[115.1616244,-8.6456865],[115.1614259,-8.6456468],[115.1611061,-8.6455885],[115.1606588,-8.6455155],[115.1604094,-8.6454718],[115.1603255,-8.6454601]],[[115.1707838,-8.6459918],[115.1706018,-8.6459623]],[[115.1716649,-8.6462436],[115.1714855,-8.6461685],[115.17134,-8.6461095],[115.1712106,-8.6460691],[115.1709732,-8.6460154],[115.1707838,-8.6459918]],[[115.1686051,-8.6451811],[115.1685287,-8.6453613],[115.168393,-8.6456812],[115.1682954,-8.6458908],[115.1682205,-8.6460831],[115.1681284,-8.6462842],[115.1681094,-8.6463378],[115.1680975,-8.6463684],[115.1679974,-8.6465745],[115.1679361,-8.6467096],[115.167909,-8.6467531],[115.1678851,-8.6467805],[115.1678554,-8.646797]],[[115.1706018,-8.6459623],[115.1705366,-8.6459462],[115.1704937,-8.6459376],[115.170361,-8.6459047],[115.1702204,-8.6458414],[115.1700105,-8.6457435],[115.1697612,-8.6456271],[115.1686051,-8.6451811]],[[115.1553809,-8.6419109],[115.1551813,-8.642195],[115.1549748,-8.6425008]],[[115.1495511,-8.6385646],[115.1496282,-8.6386528],[115.1498106,-8.6387747],[115.1499152,-8.6388251],[115.150111,-8.6389232],[115.1503484,-8.6390452],[115.1505892,-8.6392107],[115.15063,-8.6392388],[115.150864,-8.6393999],[115.1508996,-8.6394357],[115.1511182,-8.6396366],[115.1511813,-8.6396949],[115.151601,-8.6399853],[115.1517445,-8.6400774],[115.1517609,-8.6400862],[115.1519784,-8.6402034],[115.152015,-8.6402207],[115.1520825,-8.6402528],[115.1524606,-8.6404321],[115.1526967,-8.6405342],[115.1529059,-8.6406389],[115.1532707,-8.6408034]],[[115.1532707,-8.6408034],[115.1536857,-8.6410049],[115.1553809,-8.6419109]],[[115.1529175,-8.6413551],[115.153052,-8.641145],[115.1532707,-8.6408034]]]},"properties":{"segmentId":304,"segmentKey":"osm-raya-canggu","roadName":"Jalan Raya Canggu","functionalClass":3,"osmWayIds":[37605404,185683850,185683852,185683855,185683860,551846806,551846807,583453811,590004514,590004515,590949068,595565188,595565189,824090375,824090377,997112516,997112517,1083356286,1083356287,1085120464,1085120465,1238736785,1493451937],"source":"OpenStreetMap","importedAt":"2026-07-16T04:31:03.885Z"}},{"type":"Feature","id":"osm-denpasar-gilimanuk","geometry":{"type":"MultiLineString","coordinates":[[[114.6410324,-8.3602433],[114.6413677,-8.3603512],[114.6428007,-8.3608111],[114.6429419,-8.3608561],[114.6430626,-8.3608946],[114.6432572,-8.3609556],[114.6435497,-8.3610473],[114.6435841,-8.3610547]],[[114.9959255,-8.5262424],[114.9959967,-8.526511],[114.9960315,-8.5266608],[114.996126,-8.5270533],[114.9962282,-8.5273403],[114.9963636,-8.5277256],[114.9964811,-8.5279812],[114.996535,-8.528081],[114.9965723,-8.5281425],[114.9966082,-8.5281862],[114.9966491,-8.5282352],[114.9966939,-8.528275],[114.9967478,-8.5283188],[114.9968197,-8.5283584],[114.9969026,-8.5284035],[114.99702,-8.5284404],[114.9972601,-8.5284852],[114.9973646,-8.5285017],[114.9975275,-8.5285093],[114.9976701,-8.5285035],[114.9977884,-8.5284821],[114.9979372,-8.5284264],[114.9981529,-8.528358],[114.9983032,-8.5282923],[114.9984925,-8.5282027],[114.9986671,-8.5281372],[114.9987946,-8.5281082],[114.9988961,-8.5281116],[114.9989925,-8.5281362],[114.9990854,-8.5281853],[114.999189,-8.5282361],[114.999386,-8.5283725],[114.9995173,-8.5284628],[114.9996368,-8.5285126],[114.9997429,-8.5285376],[114.9998391,-8.5285029],[115.0000663,-8.5284201],[115.000272,-8.5283348],[115.0004225,-8.5282683],[115.0005362,-8.52821],[115.0009796,-8.5279671],[115.0010388,-8.5279347],[115.0012676,-8.5278351],[115.0013664,-8.527816],[115.0014767,-8.5277976],[115.0017688,-8.5277961],[115.0020835,-8.5277932],[115.0023669,-8.5277874],[115.0025958,-8.5277779],[115.0028081,-8.5277796],[115.0029878,-8.5277848],[115.0031031,-8.5278033],[115.0031749,-8.5278313],[115.003249,-8.5278774],[115.0033278,-8.527946],[115.0034044,-8.5280033],[115.0035417,-8.5280912],[115.0036698,-8.528143],[115.003755,-8.5281297],[115.0038267,-8.5281058],[115.0038857,-8.5280713],[115.0040218,-8.5279659],[115.0043244,-8.5277232],[115.0045891,-8.527511],[115.0049579,-8.5272165],[115.0050585,-8.5271383],[115.0051591,-8.5270454],[115.0053006,-8.5268446],[115.005434,-8.5266396],[115.005493,-8.526568],[115.0055212,-8.5265294],[115.0055976,-8.5264247],[115.0056432,-8.5263644],[115.0056982,-8.5263107],[115.0057981,-8.5262159],[115.0058806,-8.5261449],[115.0061126,-8.5259446],[115.0062639,-8.5258266],[115.006346,-8.5257775],[115.0064766,-8.5257252],[115.0066732,-8.5256674],[115.0068864,-8.5256131],[115.0070847,-8.5255517],[115.0072861,-8.5254685],[115.0075356,-8.5253523],[115.0077337,-8.5252236],[115.0078605,-8.5251137],[115.0079774,-8.5249987],[115.0080835,-8.5248729],[115.0081483,-8.5247765],[115.0081796,-8.5247299],[115.0082415,-8.5245952],[115.0083044,-8.5244352],[115.0083268,-8.5243243],[115.0083446,-8.5242213],[115.0083594,-8.5241091],[115.0083804,-8.5239804],[115.0083962,-8.523912],[115.0084267,-8.5238252],[115.008438,-8.5237999],[115.0084748,-8.5237177],[115.0084954,-8.5236729],[115.0085298,-8.5236022],[115.0086005,-8.523503],[115.0086765,-8.5234176],[115.0087264,-8.5233615],[115.0088267,-8.5232636],[115.0089684,-8.5231494],[115.0091312,-8.5230103],[115.0093872,-8.5227852],[115.0096525,-8.5224875],[115.0097493,-8.5223745],[115.0098386,-8.5222534],[115.0100481,-8.5219429],[115.0101689,-8.5217627],[115.0102664,-8.5216406],[115.0104885,-8.5213979],[115.0106896,-8.5212085],[115.0107707,-8.5211481],[115.0108601,-8.5210651],[115.0109419,-8.5209856],[115.01101,-8.5209042],[115.0110443,-8.5208381],[115.0111082,-8.5206872],[115.0111514,-8.5205863],[115.011366,-8.5200549],[115.0115214,-8.5197041],[115.0116308,-8.5195122],[115.0116806,-8.5194337],[115.0117318,-8.5193636],[115.0117977,-8.5192867],[115.0121183,-8.518879],[115.0125318,-8.5183377],[115.0129732,-8.517753],[115.0137717,-8.5167401],[115.0142179,-8.5162426],[115.014523,-8.5158432],[115.0146761,-8.51564],[115.0148567,-8.5153575],[115.0150953,-8.5149257],[115.0153099,-8.5145238],[115.0155513,-8.5141273],[115.015847,-8.5136193],[115.0159892,-8.5133401],[115.0161561,-8.5130039],[115.0163935,-8.5124919],[115.0166161,-8.5119202],[115.0171016,-8.510696],[115.0172102,-8.5104069],[115.0172652,-8.5102252],[115.0172974,-8.5100574],[115.0173229,-8.5099294],[115.0173765,-8.5093286],[115.0174087,-8.508997],[115.0174323,-8.5087966],[115.0174665,-8.5085248],[115.0174758,-8.5082198],[115.017458,-8.507919],[115.0174544,-8.5078463],[115.0174387,-8.5075465],[115.0174516,-8.5073663],[115.0174759,-8.5072291],[115.0175293,-8.5071011],[115.017626,-8.5067979],[115.0177434,-8.5064706],[115.0177971,-8.5062414],[115.0178573,-8.5058781],[115.0179073,-8.5051271],[115.0179344,-8.504813],[115.0179729,-8.5044369],[115.0180054,-8.5042166],[115.0180641,-8.5038787],[115.0181202,-8.5036228],[115.0182583,-8.5032081],[115.0183784,-8.502864],[115.0184091,-8.5027771],[115.018424,-8.5027295],[115.018428,-8.50268],[115.0184293,-8.5026462],[115.0184301,-8.5025723],[115.018428,-8.5024919],[115.0184061,-8.5024123],[115.018347,-8.5022758],[115.0182904,-8.5021697],[115.0181826,-8.501988],[115.0181182,-8.5018492],[115.0180775,-8.5017136],[115.0180621,-8.5015863],[115.0180464,-8.5014494],[115.0180345,-8.5012387],[115.0180432,-8.50108],[115.018064,-8.5009512],[115.0181268,-8.500802],[115.0181723,-8.5007026],[115.0184554,-8.500186],[115.0187642,-8.499622],[115.0190112,-8.4991742],[115.0191907,-8.4988601],[115.0193061,-8.4986075],[115.0195241,-8.4980781]],[[115.1858111,-8.6047369],[115.1858134,-8.6046174],[115.185818,-8.6043986],[115.1858674,-8.6040888],[115.1858917,-8.6039475],[115.185913,-8.6037754],[115.1859328,-8.6035836],[115.1859488,-8.6033836],[115.1859533,-8.6033475],[115.185973,-8.6031212],[115.1859887,-8.602933],[115.186005,-8.6027046],[115.1860503,-8.6023175],[115.1860535,-8.6022623],[115.1860758,-8.6020911],[115.1860902,-8.6018069],[115.1861222,-8.6014265],[115.1861396,-8.6010693],[115.186146,-8.600917],[115.186154,-8.6007256],[115.1861587,-8.6006118],[115.1861636,-8.600494],[115.18617,-8.6003427],[115.1861764,-8.6001874],[115.186178,-8.6001502],[115.1861936,-8.5996535],[115.186221,-8.5991663],[115.1862626,-8.5981732],[115.1862938,-8.5976931],[115.1863016,-8.5975721],[115.1863062,-8.5975017],[115.186332,-8.5970746],[115.1863341,-8.5970172],[115.1863427,-8.5967829],[115.1863442,-8.5966776],[115.1863503,-8.5965087],[115.1863678,-8.5961596],[115.1864107,-8.5956305],[115.1864193,-8.5953673],[115.1864242,-8.5952708],[115.1864328,-8.595112],[115.1864375,-8.5949118],[115.1864442,-8.5947367],[115.1864802,-8.5942405],[115.1865058,-8.5939769],[115.1865124,-8.5939182],[115.1865354,-8.5935168],[115.1865456,-8.5932569],[115.1865559,-8.593137],[115.186585,-8.5928736],[115.1866119,-8.5926562],[115.1866342,-8.5925361],[115.1866454,-8.5924201],[115.1866628,-8.5921974],[115.1866843,-8.5918818],[115.1867004,-8.5916431],[115.1867205,-8.5913367],[115.1867594,-8.5908779],[115.1867647,-8.5907931],[115.1867701,-8.5907042],[115.1867768,-8.5906127],[115.1868023,-8.5903873],[115.1868479,-8.5900458],[115.1868867,-8.5897408],[115.1868965,-8.5896706],[115.1869119,-8.5895702],[115.186963,-8.589211],[115.1870147,-8.5889226],[115.1871005,-8.5883333],[115.1871072,-8.5883069],[115.1871481,-8.5880349],[115.1871892,-8.5877612],[115.1872362,-8.5874956],[115.1872429,-8.5874536],[115.1872817,-8.5872105],[115.1873479,-8.5868692],[115.1874179,-8.5864886],[115.1875587,-8.5857648],[115.1875654,-8.5857301],[115.1876029,-8.5854967],[115.1876386,-8.5853259],[115.1876713,-8.5851811],[115.1876955,-8.5850499],[115.1877183,-8.5849584],[115.1877707,-8.5847377],[115.1877759,-8.5847157],[115.1878617,-8.5843471],[115.1879114,-8.5841415],[115.1879597,-8.583932],[115.1879865,-8.5838007],[115.1880132,-8.5836681],[115.1880494,-8.5834705],[115.1881179,-8.5831469],[115.1881997,-8.5828008],[115.1882279,-8.5826589],[115.1882386,-8.582578],[115.1882413,-8.5825051],[115.1882413,-8.5824547],[115.188242,-8.5824196],[115.1882319,-8.5823669],[115.1882172,-8.5823387],[115.1881424,-8.58226],[115.1880619,-8.582187]],[[114.8207717,-8.4157051],[114.821112,-8.4157005]],[[114.821112,-8.4157005],[114.8212598,-8.4156939],[114.8213688,-8.4156894],[114.821457,-8.415706],[114.8215337,-8.4157412],[114.8216051,-8.415798],[114.8216524,-8.4158464],[114.8217056,-8.415919],[114.8217443,-8.4159826],[114.8217752,-8.4160577],[114.8217931,-8.416122],[114.8217965,-8.4161275],[114.8218103,-8.4162278],[114.821818,-8.4163541],[114.8218127,-8.4164629],[114.8217987,-8.4165519],[114.8217845,-8.4166367],[114.8217671,-8.4167003],[114.8217362,-8.4167866],[114.8217042,-8.4168667],[114.8215331,-8.4172123],[114.8214868,-8.4172721],[114.8214381,-8.4173057],[114.8212996,-8.4173522],[114.8210944,-8.4174345],[114.8210429,-8.4174733],[114.8209891,-8.4175649],[114.8209436,-8.4176635],[114.8209168,-8.4177696],[114.8208863,-8.4179754],[114.820886,-8.418103],[114.8209083,-8.4182464],[114.8209489,-8.4183775],[114.8209865,-8.4184396],[114.8210448,-8.4185014],[114.8213959,-8.4186796],[114.8215055,-8.4187368],[114.8215525,-8.4187819],[114.8216027,-8.4188464],[114.8216169,-8.4189304],[114.8216244,-8.4191593],[114.8216316,-8.4193802],[114.8216464,-8.4196495],[114.8216598,-8.41981],[114.8216701,-8.4198599],[114.8217129,-8.4201356],[114.8217315,-8.4201855],[114.8217489,-8.420218],[114.8218994,-8.4203964],[114.8223612,-8.4207672],[114.8228651,-8.4211447],[114.8233496,-8.4214962],[114.8238719,-8.4219203],[114.8239888,-8.422009],[114.8246104,-8.4225385],[114.8246275,-8.4225532],[114.8249442,-8.422841],[114.8250456,-8.4229277],[114.8272358,-8.4248313],[114.8277249,-8.4252315],[114.8278718,-8.4253169],[114.828077,-8.4254164],[114.8289594,-8.4258827],[114.8292913,-8.4260558],[114.8294114,-8.4261175],[114.8298874,-8.4263344],[114.8300182,-8.4263775],[114.8301268,-8.4264081],[114.830273,-8.4264326],[114.8304105,-8.4264485],[114.830611,-8.4264644],[114.8308437,-8.4264618],[114.8312118,-8.4264611],[114.8314563,-8.4264599],[114.8317683,-8.4264804],[114.8321392,-8.4265069],[114.8325368,-8.4265434],[114.8330431,-8.4265878],[114.8333327,-8.4266104],[114.8337123,-8.4266382],[114.8343346,-8.4266833],[114.8344791,-8.4266933],[114.8345076,-8.4266953],[114.8346256,-8.4267006],[114.8349407,-8.4267218],[114.835276,-8.4267463],[114.8354805,-8.4267682],[114.8356113,-8.4267861],[114.8357555,-8.426812],[114.8363201,-8.4269573],[114.8370507,-8.4271549],[114.8375901,-8.4272982],[114.8379012,-8.4273811],[114.8390345,-8.4276982],[114.8394857,-8.427807],[114.8398453,-8.4278897],[114.8399612,-8.4279071],[114.8401435,-8.4279304],[114.8408067,-8.4280139],[114.8412292,-8.428063],[114.8414203,-8.4280862],[114.8415184,-8.4281033],[114.84161,-8.4281267],[114.8416972,-8.4281532],[114.8417576,-8.4281716],[114.8418742,-8.4282341],[114.8419158,-8.4282621],[114.8420329,-8.4283408],[114.8422807,-8.4285304],[114.8423892,-8.428599],[114.8424992,-8.4286607],[114.842638,-8.4287277],[114.8428264,-8.4287907],[114.8430441,-8.4288542],[114.8432656,-8.4288975],[114.8433495,-8.4289087],[114.8434541,-8.4289094],[114.8435681,-8.4288895],[114.8437015,-8.4288444],[114.8438698,-8.4287714],[114.8440254,-8.4287038],[114.8441099,-8.428668],[114.8441863,-8.4286427],[114.8442815,-8.4286335],[114.8443982,-8.4286308],[114.84448,-8.4286335],[114.844598,-8.4286653],[114.8447496,-8.4287157],[114.8448998,-8.428737],[114.8450097,-8.4287436],[114.8451264,-8.4287184],[114.8452887,-8.4286812],[114.8453687,-8.4286537],[114.8455448,-8.4285817],[114.8458006,-8.4284747],[114.8463666,-8.4281473],[114.8464494,-8.4281181],[114.8465098,-8.4281068],[114.8465745,-8.4281045],[114.8466419,-8.4281121],[114.8467927,-8.4281439],[114.8469155,-8.4281718],[114.847556,-8.4283081],[114.8479977,-8.4284265],[114.8481037,-8.4284617],[114.8481888,-8.4285015],[114.8482478,-8.4285479],[114.8482861,-8.4285937],[114.8483263,-8.4286534],[114.8483846,-8.4287422],[114.8485039,-8.4289503],[114.8485523,-8.4290659],[114.8485912,-8.4291913],[114.8486233,-8.4293134],[114.8486669,-8.4295793],[114.8486783,-8.4296377],[114.8487016,-8.429724],[114.8487373,-8.4297969],[114.8487689,-8.4298394],[114.8488265,-8.4298831],[114.8488694,-8.4299077],[114.8490156,-8.429972],[114.8492288,-8.430031],[114.8498583,-8.4302182],[114.8504526,-8.4303833],[114.8506176,-8.4304332],[114.8511232,-8.4305896],[114.8515744,-8.4307567],[114.8520009,-8.4309142],[114.8527413,-8.4312641]],[[114.6819352,-8.3729247],[114.6822765,-8.3731972]],[[114.6822765,-8.3731972],[114.6825121,-8.3733798],[114.6827663,-8.3735555],[114.6828389,-8.3735795],[114.683007,-8.3737778],[114.6830808,-8.3738442],[114.6831591,-8.373949],[114.6832082,-8.3740388],[114.6832396,-8.3741143],[114.683262,-8.3742112],[114.6832725,-8.3742953],[114.6832792,-8.3744081],[114.68326,-8.3745507],[114.6831913,-8.3750683],[114.683089,-8.3757547],[114.6830419,-8.3759896],[114.6829695,-8.3764262],[114.6829681,-8.3764911],[114.6829719,-8.3765405],[114.6829909,-8.3766119],[114.6830243,-8.3766766],[114.6830559,-8.3767113],[114.6831022,-8.3767493],[114.6831881,-8.3767883],[114.6832556,-8.3768186],[114.6836695,-8.3769764],[114.6842237,-8.3771637],[114.6843418,-8.3772059],[114.6845271,-8.3772698],[114.6851121,-8.3774843],[114.6855239,-8.3776137],[114.6860579,-8.3777933],[114.6864,-8.3779134],[114.6866904,-8.3780288],[114.6869766,-8.3781602],[114.6871758,-8.3782305],[114.6874823,-8.3783341],[114.6878189,-8.3784389],[114.6882467,-8.3785437],[114.6885564,-8.3786233],[114.6888918,-8.3786817],[114.689164,-8.3787295],[114.6894429,-8.3787666],[114.6897138,-8.3787878],[114.6897742,-8.3787971],[114.6900693,-8.3787879],[114.6903214,-8.3787746],[114.690485,-8.3787666],[114.690662,-8.3787573],[114.6908497,-8.3787626],[114.6910161,-8.3787692],[114.6911448,-8.3787852],[114.6912547,-8.3788024],[114.6914882,-8.3788302],[114.6917402,-8.3788541],[114.6919119,-8.3788634],[114.69214,-8.3788635],[114.6925074,-8.3788688],[114.692809,-8.378875],[114.6933126,-8.3788559],[114.6933882,-8.3788553],[114.6938753,-8.3788184],[114.694286,-8.3788383],[114.6945244,-8.3788694],[114.6946609,-8.3789019],[114.6948396,-8.3789487],[114.6950894,-8.3790976],[114.6954075,-8.3792824],[114.6958866,-8.3794794],[114.6959657,-8.3795183],[114.6963828,-8.3796473],[114.6966279,-8.3797269],[114.6969344,-8.3798492],[114.6972157,-8.3799973],[114.6974494,-8.3801823],[114.6981596,-8.3806665],[114.6983633,-8.380818],[114.6986267,-8.3809978],[114.6987686,-8.3811027],[114.6990266,-8.3812428],[114.6993417,-8.3814533],[114.699689,-8.3816187],[114.7000605,-8.3817532],[114.7005201,-8.3818939],[114.7008447,-8.382007],[114.7013167,-8.3821909],[114.70158,-8.3823006],[114.702115,-8.3825864],[114.7025228,-8.3827708],[114.7026563,-8.3828258],[114.7027551,-8.3828467],[114.7028186,-8.3828453],[114.7029037,-8.3828332],[114.7029987,-8.3828263],[114.7030494,-8.3828186]],[[114.6450961,-8.3615025],[114.6453053,-8.3615554],[114.6454325,-8.3615882]],[[114.6454325,-8.3615882],[114.6454783,-8.3616005],[114.6456093,-8.3616262],[114.6459382,-8.3616908],[114.6468622,-8.3619171],[114.6478607,-8.3621323],[114.6483797,-8.3622703],[114.648487,-8.3622968],[114.6489872,-8.3624375],[114.6496658,-8.3626604],[114.6502787,-8.3628461],[114.6513328,-8.3631818],[114.65181,-8.363296],[114.6519071,-8.3633192],[114.6521817,-8.3634445],[114.6526404,-8.3635878],[114.6538487,-8.3639414],[114.6543206,-8.3641014],[114.6554281,-8.364452],[114.6554386,-8.3644553],[114.6557889,-8.3645681],[114.6559727,-8.3646193]],[[114.5144558,-8.2989613],[114.5142686,-8.2986566]],[[114.4726494,-8.2442282],[114.4717454,-8.2431299],[114.4708653,-8.242557],[114.4706742,-8.2423998],[114.4704659,-8.2421922],[114.4702248,-8.2418974],[114.4698851,-8.2414349],[114.4690794,-8.2402865],[114.4688838,-8.2400338],[114.468305,-8.2391969],[114.4681684,-8.2390741],[114.4680594,-8.2389968],[114.4679086,-8.2389284],[114.4675022,-8.2387905],[114.4644717,-8.2380967],[114.4641521,-8.2379947],[114.4639569,-8.2379059],[114.4638191,-8.2377598],[114.4637161,-8.2376063],[114.4635755,-8.2373145],[114.4635185,-8.2371685],[114.4633676,-8.2367955],[114.4629828,-8.235808],[114.4628714,-8.2355512],[114.4627896,-8.2353641],[114.4625148,-8.2347167],[114.4621656,-8.2339457],[114.4614938,-8.2326085],[114.4610056,-8.2317774],[114.460825,-8.2315401],[114.4606497,-8.2313501],[114.4590165,-8.2300664],[114.4587686,-8.2299035],[114.4581854,-8.2296008],[114.4574064,-8.2292221]],[[115.1733865,-8.5645632],[115.1728615,-8.5644152],[115.1724827,-8.5642925],[115.1723455,-8.5642463],[115.1715229,-8.5639691],[115.1711894,-8.5638462],[115.1709406,-8.5637765],[115.17091,-8.5637712]],[[114.7036209,-8.3826999],[114.7036729,-8.3826845],[114.7038988,-8.3826474],[114.7040758,-8.3826283],[114.7043038,-8.38267],[114.7043453,-8.3826873],[114.7043869,-8.3827271],[114.7044499,-8.3827761],[114.7045049,-8.382812],[114.704572,-8.3828863],[114.7047391,-8.3830916],[114.7054934,-8.3840621],[114.7058926,-8.3846361],[114.7064207,-8.3853223],[114.7067258,-8.3857123],[114.7069243,-8.385914],[114.7070682,-8.3860191],[114.7081123,-8.3865419],[114.7087677,-8.3868945],[114.7098845,-8.3872668],[114.710536,-8.3874933],[114.7111771,-8.3877113],[114.7116996,-8.3878982],[114.7118714,-8.3879611],[114.7121011,-8.3880273],[114.7128906,-8.3881782],[114.7134123,-8.3882188],[114.7138358,-8.3882246],[114.7151211,-8.3882195],[114.715545,-8.3881818],[114.7157835,-8.388175],[114.7160235,-8.3881715],[114.7162061,-8.3881907],[114.7163963,-8.3882225],[114.7165324,-8.3882727],[114.7167742,-8.3883618],[114.7168981,-8.3883878],[114.7172897,-8.38846],[114.7179911,-8.388537],[114.7186555,-8.3886035],[114.7190788,-8.3886658],[114.7193415,-8.3887007],[114.7198332,-8.3887427],[114.7199581,-8.3887439],[114.7200371,-8.3887568],[114.720189,-8.3887634],[114.7212788,-8.3888711],[114.7223966,-8.389052],[114.7226004,-8.3890716],[114.7242996,-8.3892746],[114.7251646,-8.3893781],[114.7257936,-8.3894458],[114.7282499,-8.3896772],[114.7293395,-8.3897483],[114.73001,-8.3898279],[114.7316462,-8.3899699],[114.7319989,-8.3899924],[114.7324294,-8.3900216],[114.73415,-8.3901795],[114.7345591,-8.390206],[114.7349624,-8.3902394],[114.73553,-8.3901941],[114.7357379,-8.3901874],[114.7359122,-8.3901914],[114.7360772,-8.3901981],[114.7363213,-8.3902166],[114.7365533,-8.3902365],[114.7366981,-8.3902551],[114.7368058,-8.3902659],[114.7368309,-8.3902684],[114.7369315,-8.3902644],[114.7370497,-8.3902491],[114.7370656,-8.3902471],[114.737197,-8.3902153],[114.7379078,-8.3900401]],[[114.7030494,-8.3828186],[114.7036209,-8.3826999]],[[114.7922758,-8.402294],[114.7927199,-8.4024304],[114.7929437,-8.4025137],[114.793104,-8.4026083],[114.7932163,-8.4027038],[114.7932686,-8.4027648],[114.7933451,-8.4028564],[114.7934335,-8.4029851],[114.7935019,-8.4030753],[114.7935355,-8.4031165],[114.7935757,-8.4031602],[114.7936711,-8.4032396],[114.7937892,-8.4033067],[114.7939283,-8.4033404],[114.7940674,-8.4033553],[114.7942571,-8.4033737],[114.794451,-8.4034025],[114.7945458,-8.4034281],[114.7946623,-8.4034763],[114.7949963,-8.403662],[114.7951722,-8.4037755],[114.7952487,-8.4038353],[114.7953531,-8.4039455],[114.7954268,-8.404062],[114.7954804,-8.4042154],[114.7954925,-8.4043794],[114.7954882,-8.4045413],[114.7954798,-8.4048798],[114.7954962,-8.4050441],[114.7955309,-8.4051788],[114.7955607,-8.405287],[114.7955981,-8.4053731],[114.7956862,-8.4055103],[114.7957282,-8.4055615],[114.7957795,-8.4056057],[114.7958425,-8.405665],[114.7961519,-8.4059561],[114.796849,-8.4066093],[114.7972704,-8.4070096],[114.7974569,-8.4071854],[114.7975266,-8.4072451],[114.7976312,-8.4073386],[114.7978203,-8.4074859],[114.7983741,-8.4078607],[114.7986129,-8.4080245],[114.798814,-8.4081406],[114.799034,-8.4082919],[114.7991996,-8.4084013],[114.799323,-8.4084889],[114.7994926,-8.4086076],[114.7996409,-8.4087244],[114.7998507,-8.4088637],[114.7999667,-8.4089625],[114.8001813,-8.4091522],[114.8002852,-8.409265],[114.8010624,-8.4100769],[114.8013273,-8.4103111],[114.8016632,-8.4106288],[114.8018765,-8.4108205],[114.8020454,-8.4109592],[114.8024136,-8.4112729],[114.8024907,-8.4113346],[114.802602,-8.4114321],[114.8027938,-8.4116033],[114.8028924,-8.411722],[114.8029903,-8.4118434],[114.803064,-8.4119462],[114.803121,-8.4120159],[114.8031863,-8.4120883],[114.8032706,-8.4121392],[114.8033296,-8.4121512],[114.803381,-8.4121483],[114.8034409,-8.4121352],[114.8034884,-8.4121071],[114.8038168,-8.4118381],[114.8038942,-8.4118248],[114.8042254,-8.4117253]],[[114.6013687,-8.3518309],[114.6006297,-8.3518],[114.6003856,-8.3517721],[114.6000248,-8.3517111],[114.599601,-8.3516248],[114.5988929,-8.3515001],[114.5978992,-8.3513289],[114.5970798,-8.3511737],[114.5965701,-8.3510794],[114.5960368,-8.3509972],[114.5956689,-8.3509335],[114.5950305,-8.35083],[114.5943798,-8.350751],[114.5940019,-8.3506947],[114.593693,-8.350617],[114.5935325,-8.3505766],[114.5931128,-8.3504559],[114.5928673,-8.3503842],[114.5924134,-8.3502513],[114.5919339,-8.3501109],[114.5914592,-8.3499795],[114.5911132,-8.3498826],[114.5908287,-8.3498271],[114.590448,-8.3497645],[114.5898271,-8.3496863],[114.5886081,-8.349582],[114.588467,-8.3495699],[114.5869364,-8.3494031],[114.5864515,-8.3493503],[114.5862981,-8.3493335],[114.5861409,-8.3493164],[114.5854474,-8.3492408],[114.5850093,-8.3491931],[114.5844794,-8.3491604],[114.5842245,-8.3491446],[114.5835173,-8.3491055],[114.5831564,-8.3490945],[114.5829698,-8.3490819],[114.5819953,-8.3489032],[114.5815235,-8.3488141],[114.581496,-8.3488093],[114.5810086,-8.3487081],[114.5809798,-8.3487038],[114.5802007,-8.3485375],[114.5801567,-8.348532],[114.5800213,-8.3485064],[114.5799479,-8.3484925],[114.5799031,-8.3484841],[114.5797359,-8.3484456],[114.5789798,-8.3482796],[114.5788506,-8.3482496],[114.5785338,-8.3481639],[114.5783311,-8.3481099],[114.5777811,-8.3479631],[114.5764519,-8.3476347],[114.575533,-8.3473709],[114.5754479,-8.3473379],[114.5753789,-8.3473121],[114.5752227,-8.3472343],[114.5750272,-8.3471271],[114.5746297,-8.3468679],[114.57445,-8.3467485],[114.5742253,-8.3465715],[114.5735265,-8.3459125],[114.5734388,-8.3458316],[114.5733368,-8.3457494],[114.5732054,-8.3456565],[114.5730834,-8.3455755],[114.5729707,-8.3455185],[114.5728608,-8.3454757],[114.5727561,-8.3454349],[114.5726408,-8.3453964],[114.5725349,-8.3453672],[114.5724383,-8.34535],[114.5720605,-8.3452711],[114.5718053,-8.3452213],[114.5715921,-8.3451668],[114.5714633,-8.345127],[114.5713279,-8.3450779],[114.5711799,-8.3450156],[114.5710637,-8.3449545],[114.5707378,-8.3447688],[114.5701223,-8.3444062],[114.56976,-8.3441846],[114.5695777,-8.3440748],[114.5694686,-8.3440168],[114.5693403,-8.343962],[114.5692424,-8.3439209],[114.5691178,-8.3438831],[114.5686329,-8.3437269],[114.5685739,-8.3437096],[114.5684192,-8.343667],[114.5682772,-8.343622],[114.5679818,-8.3435321],[114.5676693,-8.3434286],[114.567503,-8.3433543],[114.5673668,-8.3432848],[114.5673059,-8.3432521],[114.5672335,-8.343211],[114.5670678,-8.3431109],[114.5669101,-8.3429962],[114.5667902,-8.3428996],[114.5666474,-8.3427877],[114.5663322,-8.3424865],[114.5662223,-8.3423872],[114.566031,-8.3422106],[114.5659553,-8.3421407],[114.565604,-8.3418164],[114.5649906,-8.3412294],[114.5647927,-8.3410507],[114.5645924,-8.3408618],[114.5642294,-8.3404988],[114.5640886,-8.3403594],[114.5640108,-8.3402918],[114.5639209,-8.3402281],[114.5637788,-8.3401365],[114.5636056,-8.3400343],[114.5634274,-8.3399216],[114.5630678,-8.3397037],[114.563009,-8.3396681],[114.5625517,-8.3393895],[114.5623626,-8.3392608],[114.5621788,-8.3391334],[114.5619909,-8.3390237],[114.5618811,-8.3389648],[114.5617524,-8.3388998],[114.5615847,-8.3388123],[114.5612749,-8.3386517],[114.5609692,-8.3385018],[114.5606299,-8.3383372],[114.5599833,-8.338027],[114.5596294,-8.3378555],[114.5594752,-8.3377826],[114.5593165,-8.3376886],[114.5592163,-8.3376326],[114.5591252,-8.3375716],[114.5590433,-8.3375105],[114.5589481,-8.3374455],[114.5587832,-8.3373274],[114.5586356,-8.3372319],[114.5585042,-8.3371549],[114.5583701,-8.3370833],[114.5581126,-8.3369718],[114.5576298,-8.3367356],[114.557137,-8.3364673],[114.5566937,-8.3362261],[114.5562585,-8.3359958],[114.555995,-8.3358446],[114.5558609,-8.3357769],[114.5554545,-8.3355562],[114.5552064,-8.3354312],[114.5549763,-8.3353154],[114.554905,-8.3352794],[114.554697,-8.3351747],[114.5542288,-8.3349389],[114.5540786,-8.3348713],[114.5538878,-8.3348033],[114.5537527,-8.3347691],[114.5535475,-8.3347452],[114.5533101,-8.3347253],[114.5531264,-8.3347107],[114.5528796,-8.3346815],[114.5526932,-8.3346377],[114.5525296,-8.3345886],[114.5522842,-8.334501],[114.5521742,-8.3344559],[114.5520267,-8.3343896],[114.5517987,-8.3342542],[114.5513038,-8.3339437],[114.5506516,-8.3335394],[114.5505104,-8.3334534],[114.5501384,-8.3332272],[114.5497635,-8.3330262],[114.549154,-8.332719],[114.5489575,-8.3326057],[114.5488617,-8.3325504],[114.5486974,-8.332435],[114.548623,-8.3323746],[114.5485358,-8.332291],[114.5484459,-8.3321842],[114.5483393,-8.3320515],[114.5482426,-8.3318716]],[[114.9954311,-8.5252337],[114.9955302,-8.5253253],[114.9957519,-8.5256058]],[[115.172066,-8.561514],[115.1720797,-8.5615278],[115.1720897,-8.561545],[115.1722238,-8.561789],[115.1728142,-8.562786],[115.1729863,-8.5630827],[115.1731095,-8.5633096],[115.1732679,-8.5636079],[115.1733509,-8.563784],[115.1734791,-8.564079],[115.1736085,-8.5644374]],[[114.8909208,-8.4513664],[114.8910786,-8.4514509]],[[114.8045868,-8.411651],[114.8047598,-8.4116092],[114.8048584,-8.4115893],[114.8049697,-8.4115661],[114.8050629,-8.4115648],[114.8051219,-8.4115688],[114.8051843,-8.4115847],[114.8052172,-8.4115907],[114.8052949,-8.4116318],[114.8053318,-8.411665],[114.8053908,-8.411734],[114.8054371,-8.4118089],[114.805478,-8.4118878],[114.8055585,-8.4121538],[114.8056195,-8.4123741],[114.8056872,-8.4125744],[114.8057958,-8.4128477],[114.8059796,-8.4132948],[114.8060319,-8.4134527],[114.8060728,-8.4135641],[114.8060855,-8.4136132],[114.8061526,-8.4139754],[114.8061922,-8.414187],[114.8062257,-8.4143647],[114.8062297,-8.4148171],[114.8061975,-8.4152297],[114.8061821,-8.4154135],[114.806174,-8.415578],[114.806168,-8.415649],[114.8061667,-8.4157664],[114.8061888,-8.4159919],[114.8062129,-8.4161763],[114.8062491,-8.4163541],[114.8062639,-8.416443],[114.8063336,-8.4166831],[114.8063779,-8.4168589],[114.8065428,-8.4172443],[114.806858,-8.4179295],[114.8070428,-8.4182444]],[[114.8042254,-8.4117253],[114.8045868,-8.411651]],[[114.8527413,-8.4312641],[114.8528559,-8.4313202],[114.8531073,-8.4314383]],[[114.7523032,-8.3914319],[114.7527115,-8.3916102]],[[114.8070428,-8.4182444],[114.8073658,-8.4188097]],[[114.8073658,-8.4188097],[114.8074541,-8.4189278],[114.8075712,-8.4190677],[114.8076493,-8.4191553],[114.8077536,-8.419243],[114.8078013,-8.4192824],[114.8078632,-8.4193335],[114.8081361,-8.4195394],[114.8082884,-8.4196342],[114.8084104,-8.4196926],[114.8085612,-8.419749],[114.8087012,-8.4197895],[114.8087317,-8.4197983],[114.8088037,-8.4198191],[114.8089436,-8.4198575],[114.8090041,-8.4198741],[114.8103762,-8.4202505],[114.8105769,-8.420285],[114.8108129,-8.4203075],[114.8111201,-8.4203066],[114.8113748,-8.4203009],[114.8116109,-8.420277],[114.8118381,-8.4202448],[114.8120588,-8.4201855],[114.812154,-8.4201549],[114.8122593,-8.4201151],[114.8124067,-8.4200435],[114.8125678,-8.4199427],[114.8128353,-8.419749],[114.8133527,-8.4193485],[114.8133835,-8.4193231],[114.8137435,-8.4190265],[114.8139783,-8.4188442],[114.814048,-8.4187952],[114.8144973,-8.4184449],[114.8146031,-8.4183593],[114.8165967,-8.4168023],[114.8176218,-8.4160066],[114.8180522,-8.4156602],[114.8184747,-8.4153063],[114.8185699,-8.4152224],[114.818643,-8.4151703],[114.8187281,-8.4151216],[114.818813,-8.4151026],[114.8188944,-8.4150977],[114.8189646,-8.4151056],[114.8190768,-8.4151389],[114.819197,-8.4151978],[114.8193718,-8.4153034],[114.819518,-8.4153814],[114.8198923,-8.4155863],[114.8199821,-8.4156257],[114.8200799,-8.415668],[114.8201591,-8.4156947],[114.8202476,-8.4157106],[114.820329,-8.4157122],[114.8207717,-8.4157051]],[[114.8531073,-8.4314383],[114.8531898,-8.4314731],[114.8534084,-8.4315752],[114.853564,-8.4316595],[114.853806,-8.4318041],[114.8539635,-8.4318982],[114.8540877,-8.4319944],[114.8544203,-8.4322816],[114.8549414,-8.4326982],[114.8552167,-8.432912],[114.8558875,-8.4334391],[114.8559612,-8.4334955],[114.856051,-8.4335307],[114.8561228,-8.43354],[114.8561962,-8.4335438],[114.8562677,-8.4335306],[114.8563179,-8.4335028],[114.8563709,-8.4334636],[114.8564329,-8.4333964],[114.8565761,-8.4330584],[114.8566612,-8.4328501],[114.8566834,-8.432809],[114.856705,-8.4327803],[114.8567337,-8.43274],[114.8568048,-8.4326816],[114.8568949,-8.432631],[114.8573485,-8.43259],[114.8574264,-8.4325642],[114.8574887,-8.4325403],[114.857561,-8.4324856],[114.8577486,-8.4322526],[114.8578106,-8.43221],[114.8578803,-8.4321888],[114.8579239,-8.4321802],[114.8579957,-8.4321959],[114.8588702,-8.4326984],[114.8589854,-8.432742],[114.8591133,-8.4327757],[114.8595648,-8.4328057],[114.8600254,-8.4328733],[114.8603017,-8.432939],[114.8604492,-8.4329761],[114.8605109,-8.433],[114.8605801,-8.4330321],[114.8606685,-8.4330988],[114.8607409,-8.4331638],[114.8607818,-8.4332076],[114.8608197,-8.4332578],[114.8612331,-8.4342431],[114.8615068,-8.4350606],[114.8616607,-8.4355205],[114.8617301,-8.4356844],[114.8617795,-8.4357667],[114.861835,-8.4358378],[114.8624151,-8.4364409],[114.8627615,-8.4368214],[114.8637074,-8.437718],[114.863863,-8.4378666],[114.8642337,-8.4382694],[114.8644496,-8.4385041],[114.8646516,-8.4387236],[114.8652766,-8.4393524],[114.8658552,-8.4399344],[114.8663869,-8.4404694],[114.8665559,-8.4405729],[114.8667625,-8.4406392],[114.868074,-8.4410053],[114.8683837,-8.4411083],[114.8684818,-8.441138],[114.8709847,-8.4419192],[114.8712128,-8.4419904],[114.8728195,-8.4424919],[114.8729637,-8.4425229],[114.8731166,-8.4425548],[114.8732588,-8.442568],[114.8733934,-8.4425811],[114.8741974,-8.4424663],[114.8745999,-8.4424088],[114.8749781,-8.4423505],[114.8751658,-8.4423292],[114.8753133,-8.442316],[114.8754737,-8.4423108],[114.8759216,-8.4423503]],[[114.7527115,-8.3916102],[114.7527305,-8.3916158],[114.7527542,-8.3916277],[114.7529261,-8.3916984],[114.753484,-8.3918697],[114.753822,-8.3919693],[114.7540265,-8.392027],[114.7541559,-8.3920655],[114.7543966,-8.3921351],[114.7549134,-8.3922968],[114.7558629,-8.3926233],[114.7562273,-8.39276],[114.7564385,-8.3928529],[114.7565941,-8.3929292],[114.7567056,-8.3929857],[114.7571739,-8.3932353],[114.757964,-8.3936542],[114.758803,-8.3941345],[114.7599029,-8.3947772],[114.7606958,-8.3952967],[114.7614871,-8.3958686],[114.7624513,-8.3965571],[114.7633152,-8.3972349],[114.7633802,-8.3972812],[114.7637839,-8.3975831],[114.766013,-8.3993457],[114.7660775,-8.3993967],[114.7661858,-8.3994823],[114.7664773,-8.3996869],[114.7667107,-8.3998381],[114.7668716,-8.399935],[114.7670862,-8.4000371],[114.7675737,-8.400239],[114.7681976,-8.4004892],[114.7691308,-8.4008595],[114.7694342,-8.4009818],[114.7703706,-8.4013453],[114.7707823,-8.4014899],[114.7712965,-8.4016466],[114.771587,-8.4017154],[114.7718605,-8.4017565],[114.7721408,-8.4017831],[114.7724118,-8.4017849],[114.7733143,-8.4017313],[114.7739848,-8.4016902],[114.7742075,-8.401661],[114.7744435,-8.4016239],[114.7747198,-8.4015615],[114.7751927,-8.4014113],[114.7758193,-8.4012754],[114.7759268,-8.401259],[114.7767676,-8.4012259],[114.7776806,-8.4011833],[114.7782786,-8.4011643],[114.7783164,-8.4011609],[114.7787091,-8.4011537],[114.7790104,-8.4011518],[114.7792324,-8.4011551],[114.7794639,-8.4011451],[114.7815565,-8.4010797],[114.7819,-8.4010441],[114.7822147,-8.4009936],[114.7823748,-8.4009486],[114.7824978,-8.4009028],[114.7826993,-8.4007549],[114.7828724,-8.4006112],[114.783671,-8.3998513],[114.784046,-8.3995435],[114.7841356,-8.3994892],[114.7842282,-8.39946],[114.7843127,-8.3994454],[114.7844063,-8.3994351],[114.7845689,-8.3994534],[114.7847123,-8.3994986],[114.7848371,-8.3995582],[114.7849567,-8.3996288],[114.7851831,-8.3999217],[114.785384,-8.4002213],[114.7855425,-8.4003904],[114.7856599,-8.4005437],[114.7858375,-8.4007097],[114.7860894,-8.4008594],[114.7863686,-8.4009513],[114.7868286,-8.4011211],[114.7872221,-8.4011753]],[[114.9681854,-8.4992607],[114.968919,-8.4997265],[114.9690069,-8.4997974],[114.9690569,-8.4998513],[114.9692647,-8.5000507],[114.9696228,-8.5003825],[114.9696873,-8.5004265],[114.9697537,-8.5004777],[114.9697832,-8.5004918],[114.9698679,-8.5005322],[114.9699967,-8.5005748],[114.9702773,-8.5006117],[114.9703941,-8.5006233],[114.9704532,-8.5006298],[114.9709757,-8.5006688],[114.9710467,-8.50069],[114.9711144,-8.5007266],[114.9713038,-8.5009112],[114.9713472,-8.5009659],[114.9715956,-8.5014027],[114.9716449,-8.5015057],[114.9717544,-8.5018206],[114.9718541,-8.5021703],[114.9719372,-8.5023162],[114.9720472,-8.5024965],[114.972235,-8.5027605],[114.9724898,-8.5031305],[114.9727526,-8.5035643],[114.9728609,-8.5037049],[114.9729517,-8.5038228],[114.9730517,-8.5039144],[114.973269,-8.5040245],[114.973604,-8.5041284],[114.9738859,-8.504246],[114.9740441,-8.5043163],[114.9741621,-8.5043972],[114.9742627,-8.5045285],[114.974547,-8.5050418],[114.9747482,-8.5053708],[114.9749292,-8.5057488],[114.9751653,-8.5061573],[114.975349,-8.5063682],[114.9754379,-8.5064491],[114.9754751,-8.5064829],[114.9756961,-8.5066078],[114.9758642,-8.5066717],[114.9759038,-8.5066876],[114.975936,-8.5066986],[114.9759475,-8.5067032],[114.9762958,-8.5068281],[114.976446,-8.5068709],[114.9766016,-8.5069385],[114.9766955,-8.5070327],[114.976733,-8.5070818],[114.9767786,-8.5071719],[114.976835,-8.5075699],[114.9768364,-8.507632],[114.9768551,-8.5084399],[114.9768886,-8.5086031],[114.9769986,-8.5088352],[114.9770817,-8.5089725],[114.9771957,-8.5091323],[114.9775196,-8.5096211],[114.9775766,-8.5097411],[114.9776101,-8.5098737],[114.9776396,-8.5099785],[114.9776866,-8.5101098],[114.9777281,-8.510196],[114.9778058,-8.5102963],[114.978193,-8.5106528],[114.9789753,-8.511207],[114.9794134,-8.5115199],[114.9797643,-8.5117656],[114.9802709,-8.5121245]],[[115.0288994,-8.5035493],[115.0289609,-8.5035602],[115.0291783,-8.5035987],[115.0293468,-8.5036282],[115.0296038,-8.5036788],[115.0298327,-8.5037261],[115.0300502,-8.5037749],[115.030349,-8.5038415],[115.0305583,-8.5038879],[115.0306747,-8.503919],[115.0307715,-8.5039476],[115.0309016,-8.503986],[115.0310173,-8.5040184],[115.0311081,-8.5040378],[115.03121,-8.5040616],[115.0313091,-8.5040763],[115.0313924,-8.5040789],[115.0314514,-8.5040762],[115.0315414,-8.5040543],[115.0316251,-8.5039906],[115.031786,-8.5038064],[115.0324098,-8.5031341],[115.0328584,-8.502636],[115.0331908,-8.5022909],[115.033337,-8.5021226],[115.0334953,-8.5019229],[115.0335976,-8.5017589],[115.0336891,-8.5016068],[115.033809,-8.5014043],[115.0338801,-8.5012578],[115.0339903,-8.5010281],[115.0340465,-8.5009051],[115.0341253,-8.5007242],[115.0342153,-8.5004897],[115.0342591,-8.50033],[115.034266,-8.5002659],[115.0342641,-8.5001311],[115.034255,-8.4999981],[115.0342407,-8.4998623],[115.0342089,-8.4997429],[115.0341753,-8.4996324],[115.0341269,-8.4994698],[115.0339945,-8.4990854],[115.0338536,-8.4986883],[115.0337338,-8.4984321],[115.0336248,-8.4982181],[115.0335764,-8.4981173],[115.0335221,-8.4980068],[115.0334825,-8.4978801],[115.0334632,-8.4977754],[115.0334443,-8.4976089],[115.0334318,-8.497381],[115.0334376,-8.497092],[115.0334482,-8.4969399],[115.0334674,-8.4968087],[115.0335,-8.4966814],[115.0335878,-8.4964742],[115.0336776,-8.4962832],[115.0337819,-8.4960988],[115.0338996,-8.4959508],[115.0340983,-8.4957668],[115.0342977,-8.4956018],[115.0346545,-8.4952862],[115.0348233,-8.4951364],[115.0349621,-8.4950231],[115.0350196,-8.4949883],[115.0350916,-8.4949447],[115.0354128,-8.4947973],[115.0356269,-8.4946545],[115.0358041,-8.4945312],[115.0359477,-8.4944314],[115.0360275,-8.4943542],[115.0360748,-8.4942796]],[[115.1880619,-8.582187],[115.1878002,-8.5819478]],[[114.9403127,-8.4777098],[114.940377,-8.4777948],[114.9404183,-8.477893],[114.9404494,-8.4780137],[114.9404794,-8.4782068],[114.9404678,-8.4785026],[114.9402966,-8.4791438],[114.9402282,-8.4794317],[114.9401829,-8.4796972],[114.9401745,-8.4798031],[114.9401762,-8.4798995],[114.9402,-8.4800034],[114.9402584,-8.4801113],[114.9403442,-8.4802159],[114.9409275,-8.4807212],[114.9416592,-8.4813741],[114.9418174,-8.4815275],[114.941977,-8.4816959],[114.9422465,-8.4819997],[114.9423793,-8.4821363],[114.9424901,-8.4822596],[114.9426328,-8.4823711],[114.9428605,-8.4824967],[114.9432778,-8.4826985]],[[114.9262804,-8.4698452],[114.9263732,-8.4698918],[114.9264269,-8.4699236],[114.9264604,-8.4699727],[114.9264953,-8.4700669],[114.926506,-8.4702075],[114.9265301,-8.4704913],[114.9265489,-8.4707248],[114.926565,-8.4708336],[114.9265864,-8.4709158],[114.92662,-8.4710007],[114.9266803,-8.4711387],[114.9268667,-8.4714504],[114.9269839,-8.4716093],[114.9272345,-8.471949],[114.9272506,-8.4719677],[114.9274246,-8.4722078],[114.9275386,-8.4723099],[114.9276392,-8.4723988],[114.9278286,-8.4725237],[114.9280724,-8.4726561],[114.9284036,-8.4728233],[114.9288999,-8.4730673],[114.930706,-8.4740429]],[[114.9340201,-8.4759969],[114.9342053,-8.4761156],[114.93433,-8.4761925],[114.9346358,-8.4764803],[114.934735,-8.4765599],[114.9348262,-8.4766236],[114.9351682,-8.4768305],[114.9359728,-8.4773799],[114.9364932,-8.4777153],[114.936978,-8.4779818],[114.9371262,-8.478019],[114.9373032,-8.4780336],[114.93792,-8.4779831],[114.938834,-8.4779144],[114.9389635,-8.4778864],[114.9390835,-8.4778459],[114.9392183,-8.4777758],[114.9396694,-8.4774332],[114.9397434,-8.4774002],[114.9398146,-8.4773796],[114.9399224,-8.4773969],[114.9400191,-8.4774286]],[[114.7381505,-8.3899553],[114.7382337,-8.3899406],[114.738408,-8.3899088],[114.7385971,-8.3898836],[114.738801,-8.3898279],[114.7391402,-8.3896899],[114.7398522,-8.3894464],[114.7399678,-8.3894033],[114.7401139,-8.3893596],[114.7405015,-8.3892163],[114.7406718,-8.3891804],[114.7408569,-8.3891552],[114.7411318,-8.3891367],[114.7412753,-8.3891486],[114.7417781,-8.3890925],[114.7418292,-8.3890889],[114.7419739,-8.3890805],[114.7421738,-8.389069],[114.7423549,-8.3890716],[114.7427438,-8.3890849],[114.7429678,-8.3890969],[114.7432575,-8.3891114],[114.7434667,-8.38913],[114.7436517,-8.3891499],[114.7438274,-8.3891765],[114.7444698,-8.3893065],[114.7448742,-8.3893893],[114.744962,-8.3894073],[114.7452275,-8.3894538],[114.7458713,-8.3895718],[114.7459532,-8.3895887],[114.7462964,-8.3897006],[114.7464372,-8.3897589],[114.7467738,-8.3898545],[114.7469789,-8.3899277],[114.7476892,-8.3901624],[114.748296,-8.3903759],[114.7484963,-8.3904596],[114.74888,-8.390614],[114.7490423,-8.3906763],[114.7492662,-8.390762],[114.7493162,-8.3907801],[114.7494916,-8.3908501],[114.7495908,-8.3908801],[114.7496633,-8.3909046],[114.749963,-8.3909642],[114.750191,-8.3909895],[114.7504002,-8.3910073],[114.7506336,-8.3910438],[114.7511698,-8.3910712],[114.7513696,-8.3911113],[114.7516024,-8.3911707],[114.7516313,-8.3911825],[114.7517373,-8.3912157],[114.7518727,-8.3912608],[114.7522421,-8.3913974],[114.7523032,-8.3914319]],[[114.9154521,-8.4660634],[114.9155854,-8.4660742],[114.9156578,-8.4660834],[114.9157409,-8.4661153],[114.9158294,-8.466175],[114.9159273,-8.4662439],[114.9160159,-8.4663209],[114.9161004,-8.4664084],[114.9162331,-8.4665968],[114.9163793,-8.4668316],[114.9165295,-8.4671645],[114.9165899,-8.4672733],[114.9166368,-8.4673423],[114.9166931,-8.467394],[114.9167535,-8.4674471],[114.9168876,-8.4675293],[114.9171598,-8.46765],[114.9175219,-8.4678092],[114.9179618,-8.4679962],[114.9181986,-8.4681086],[114.9183306,-8.4681713],[114.9185519,-8.4682668],[114.9186203,-8.4682973],[114.9186471,-8.4683093],[114.9187638,-8.4683411],[114.9188711,-8.4683544],[114.9189998,-8.4683637],[114.9191903,-8.468357],[114.9193056,-8.4683474]],[[114.930706,-8.4740429],[114.9309539,-8.4741867]],[[114.9432778,-8.4826985],[114.943483,-8.482799]],[[114.5481197,-8.3311249],[114.5482082,-8.3307414]],[[114.5480587,-8.3302774],[114.5477228,-8.330257],[114.5470753,-8.3302614],[114.5466328,-8.3302455],[114.5464127,-8.3302026],[114.5463465,-8.3301754],[114.5462559,-8.3301128],[114.5459598,-8.3298185],[114.5457486,-8.3295751],[114.5450926,-8.3288188],[114.5447097,-8.3284082],[114.5446077,-8.3283135],[114.5444615,-8.3282073],[114.5439546,-8.3279114],[114.5438219,-8.3278116],[114.5434235,-8.327443],[114.5430393,-8.3270469],[114.5429985,-8.3270038],[114.5426805,-8.3266684],[114.5418646,-8.3256421],[114.5417364,-8.3255082],[114.5415768,-8.3253822],[114.5413756,-8.3252482],[114.5411668,-8.3251432],[114.5409533,-8.3250462],[114.5407372,-8.3249571],[114.5400358,-8.3247317],[114.5397927,-8.3246495],[114.5386528,-8.3242899],[114.5378056,-8.3239915],[114.537719,-8.3239671],[114.537388,-8.3238248],[114.5365125,-8.3234054],[114.5358875,-8.3231771],[114.535173,-8.3229114],[114.5349808,-8.322817],[114.5347238,-8.3226792],[114.5341877,-8.3223252],[114.5321944,-8.3209727],[114.5318944,-8.3208004],[114.5314153,-8.3205586],[114.5308131,-8.320207],[114.5295823,-8.3194289],[114.529126,-8.3190949],[114.528809,-8.318791],[114.5286164,-8.3185708],[114.5284903,-8.318385],[114.5282085,-8.3178404],[114.5277808,-8.3166179],[114.5274297,-8.3157528],[114.5273306,-8.3155024],[114.5272148,-8.3151901],[114.5270694,-8.3148614],[114.5269444,-8.3144237],[114.5268522,-8.314046],[114.5266963,-8.3135846],[114.5266207,-8.3133455],[114.5265419,-8.3131608],[114.5263729,-8.3129592],[114.5261161,-8.3126568],[114.5258739,-8.3124559],[114.5256667,-8.3123067],[114.5251034,-8.3119492],[114.5240134,-8.3113119],[114.5238283,-8.3112099],[114.5234375,-8.3109832],[114.5231859,-8.3108246],[114.5226321,-8.3103741],[114.5224851,-8.3102365],[114.5222899,-8.3100538],[114.5221255,-8.3099067],[114.5216427,-8.3094659],[114.521313,-8.3092103],[114.5210887,-8.3090588],[114.5209368,-8.3089239],[114.5206193,-8.3085835],[114.5200258,-8.3078305],[114.5192356,-8.3067717],[114.518427,-8.3056062],[114.5177194,-8.3047074],[114.5174841,-8.3043598],[114.5168254,-8.3034443],[114.5165145,-8.3030405],[114.5161585,-8.302542],[114.5160331,-8.3023672],[114.5154255,-8.301519],[114.5152966,-8.3013364],[114.5152725,-8.3012607],[114.5151961,-8.3010709],[114.5150292,-8.3004997],[114.5147879,-8.299778],[114.5147357,-8.2995535],[114.5145597,-8.2991403],[114.5144558,-8.2989613]],[[114.943483,-8.482799],[114.9439379,-8.4829894],[114.944112,-8.4830887],[114.9442007,-8.4831702],[114.9442635,-8.4832492],[114.9443628,-8.4833831],[114.9444076,-8.4834728],[114.9444151,-8.4835702],[114.9444151,-8.4837307],[114.9443467,-8.4839389],[114.9443078,-8.4843103],[114.9442931,-8.4845225],[114.9442832,-8.4847188],[114.9442971,-8.4848276],[114.9443365,-8.4849394],[114.944458,-8.4850982],[114.9445505,-8.4851778],[114.9446426,-8.4852585],[114.9447893,-8.4853754],[114.9449357,-8.4854551],[114.9451366,-8.4855399],[114.9452654,-8.4855664],[114.9453744,-8.4855761],[114.945555,-8.4855638],[114.94561,-8.4855585],[114.945673,-8.485532],[114.9457477,-8.4854909],[114.9462698,-8.485195],[114.9465474,-8.4850107],[114.9467808,-8.4848528],[114.9468795,-8.484776],[114.947108,-8.4846393],[114.947247,-8.484591],[114.9473597,-8.4845459]],[[114.6559727,-8.3646193],[114.656141,-8.3646665]],[[114.656141,-8.3646665],[114.6569331,-8.364913],[114.6572533,-8.3650058],[114.6573117,-8.3650323],[114.6579991,-8.3651891],[114.6581014,-8.3652249],[114.6594052,-8.3656525],[114.659947,-8.3658302],[114.6601785,-8.3659003],[114.6608198,-8.3660944],[114.6609164,-8.3661155],[114.6609603,-8.3661251],[114.6612944,-8.3662177],[114.6613539,-8.3662387],[114.6619787,-8.3664081],[114.6623283,-8.3665076],[114.6624261,-8.3665354],[114.664341,-8.3670805],[114.6648318,-8.3671785],[114.6652753,-8.3673002],[114.6655521,-8.3673741],[114.6658219,-8.3674498],[114.6663155,-8.3675965],[114.6664119,-8.3676241],[114.6667386,-8.3677073],[114.6669762,-8.3677758],[114.6672171,-8.367841],[114.6673643,-8.3678799],[114.6684237,-8.3681508],[114.6685432,-8.3681906],[114.6690966,-8.3683181],[114.6691012,-8.3683193]],[[114.6692673,-8.3683696],[114.6702129,-8.3686562],[114.6702583,-8.3686681],[114.6703381,-8.3686891],[114.6707815,-8.3688195],[114.6718587,-8.3690695],[114.6725217,-8.3692823],[114.6729461,-8.3693807],[114.6734686,-8.3695287],[114.673577,-8.3695616],[114.6737218,-8.3696242],[114.6741684,-8.3697872],[114.6744753,-8.3698925],[114.6751767,-8.3701533],[114.676375,-8.3706319],[114.6765579,-8.3707413],[114.6766685,-8.3707829],[114.6774346,-8.3711099],[114.6776508,-8.3711986],[114.6778142,-8.3712635],[114.678084,-8.371333],[114.6795709,-8.3718653],[114.6796176,-8.3718784],[114.6800445,-8.3720596],[114.6804579,-8.372205],[114.6810987,-8.372457],[114.6812108,-8.3725047],[114.681254,-8.3725325],[114.6814144,-8.3726005],[114.681623,-8.3727031],[114.6817598,-8.3727814],[114.6819352,-8.3729247]],[[114.9194867,-8.4683343],[114.9196623,-8.4683371],[114.9197844,-8.4683531],[114.9199493,-8.4684154],[114.9204563,-8.4686674],[114.9205944,-8.468751],[114.9208015,-8.468851],[114.9209847,-8.4689394],[114.9215506,-8.4692139],[114.9225591,-8.4696809],[114.922944,-8.4698486],[114.9229863,-8.4698667],[114.9235891,-8.4701252],[114.9240987,-8.4703361],[114.9243961,-8.4704517],[114.9244957,-8.4704714],[114.9245292,-8.4704714],[114.9245949,-8.4704555],[114.9246848,-8.4704317],[114.9247934,-8.4703706],[114.925063,-8.4700921],[114.9254425,-8.4696464],[114.9254894,-8.4696265],[114.9255237,-8.4696191],[114.9255632,-8.4696145],[114.9256061,-8.4696159],[114.925653,-8.4696278]],[[114.9045484,-8.4591779],[114.9054332,-8.4595915],[114.905511,-8.4596366],[114.9056116,-8.4597003],[114.9057873,-8.4598197],[114.9070166,-8.4607742],[114.9074801,-8.4611817],[114.9075803,-8.4612576],[114.9077316,-8.461335],[114.9078499,-8.461377],[114.9079963,-8.4614167],[114.9080966,-8.4614659],[114.9082173,-8.4615428],[114.9085231,-8.4618599],[114.9086639,-8.4619992],[114.9088973,-8.4621941],[114.909541,-8.4627645],[114.9096631,-8.4628521],[114.9098186,-8.4629277],[114.9099527,-8.4629662],[114.9103336,-8.4630219],[114.9106246,-8.4630617],[114.9107467,-8.4630895],[114.9109237,-8.4631559],[114.911027,-8.4631996],[114.9111637,-8.4632806],[114.9130159,-8.4646313],[114.9132599,-8.4648113],[114.9134476,-8.4649798],[114.9135536,-8.4650793],[114.9136797,-8.4652066],[114.9140699,-8.4655648],[114.9143046,-8.465773],[114.914542,-8.4659694],[114.9146841,-8.4660529],[114.9147499,-8.4660848],[114.9148183,-8.4661179],[114.9148867,-8.4661365],[114.9149376,-8.4661405],[114.9149872,-8.4661365],[114.9150618,-8.4661345]],[[115.0396529,-8.4917329],[115.03938,-8.4916112]],[[114.9880157,-8.5184345],[114.9880124,-8.5188622]],[[114.9473597,-8.4845459],[114.9476186,-8.4844663]],[[114.9042651,-8.4590583],[114.9044059,-8.459118],[114.9045484,-8.4591779]],[[115.074632,-8.5079903],[115.0749622,-8.5080659]],[[114.9880124,-8.5188622],[114.988005,-8.5192707],[114.9879976,-8.5196845],[114.9879969,-8.5198331],[114.988003,-8.5199418],[114.9880198,-8.5200121],[114.9880409,-8.5200824],[114.9880686,-8.5201753],[114.9881072,-8.5202979],[114.9882337,-8.520599],[114.9883316,-8.5208066],[114.9883829,-8.5208955],[114.9884254,-8.5209485],[114.9884794,-8.5209952],[114.9885361,-8.5210357],[114.9885944,-8.5210645],[114.9887483,-8.5211286],[114.9889331,-8.5212092],[114.9891421,-8.5213238],[114.9892082,-8.5213774],[114.9892752,-8.5214227],[114.9893493,-8.5214879],[114.9895035,-8.5216315],[114.9896539,-8.5217731],[114.9898329,-8.5219605],[114.9899447,-8.5220691],[114.990029,-8.5221211],[114.9901271,-8.5221634],[114.9901907,-8.5221908],[114.990257,-8.5222058],[114.9903772,-8.522229],[114.9905555,-8.5222673],[114.990666,-8.522296],[114.9907586,-8.5223343],[114.990807,-8.5223739],[114.9908733,-8.5224163],[114.9909659,-8.5224887],[114.9911041,-8.5226267],[114.991205,-8.5227224],[114.9912976,-8.5228261],[114.9913832,-8.5229192],[114.9914648,-8.5229902],[114.991556,-8.5230613],[114.9916278,-8.5231064],[114.9917066,-8.5231556],[114.9917992,-8.5232034],[114.9919291,-8.5232417],[114.9920797,-8.5232964],[114.9923506,-8.5234016],[114.9926118,-8.5235014],[114.9929172,-8.5236558],[114.9933497,-8.5239127],[114.9936731,-8.5240904],[114.9938133,-8.5241649],[114.9943013,-8.5244081],[114.994805,-8.5246622],[114.9949543,-8.5247787],[114.9951232,-8.524928]],[[115.074632,-8.5079903],[115.0744081,-8.5079956],[115.0739202,-8.507995],[115.0736311,-8.5079969],[115.0730843,-8.5079725],[115.0724665,-8.5079189],[115.0721232,-8.507834],[115.0720011,-8.5077555],[115.0718992,-8.5076356],[115.0718209,-8.5074875],[115.0717771,-8.507343],[115.071765,-8.5072806],[115.0717556,-8.5072316],[115.0717394,-8.5071161],[115.0717451,-8.5070089]],[[115.0400251,-8.4918841],[115.0405023,-8.4921435],[115.0406045,-8.4922051],[115.0407151,-8.492295],[115.0408164,-8.4923908],[115.0409625,-8.4925947],[115.0411393,-8.4928488],[115.0412558,-8.4930351],[115.0413056,-8.4931527],[115.0413306,-8.4932605],[115.0413482,-8.4933868],[115.0413455,-8.4934886],[115.0413344,-8.4935897],[115.0413173,-8.4936714],[115.0412634,-8.4938747],[115.0411842,-8.4941422],[115.0410973,-8.49443],[115.0410177,-8.4947082],[115.0409486,-8.4949683],[115.0408933,-8.4952666],[115.0408954,-8.4954154],[115.0409278,-8.4955092],[115.0409677,-8.4955678],[115.041018,-8.4956198],[115.0410971,-8.495681],[115.0411941,-8.4957335],[115.0413399,-8.4957995],[115.041788,-8.4959582],[115.0424156,-8.4961767],[115.0428223,-8.4963268],[115.0431255,-8.4964348],[115.0434265,-8.4965485],[115.0435266,-8.4965815],[115.0435979,-8.4965947],[115.0436927,-8.4965945],[115.0437849,-8.4965729],[115.0439,-8.4965261],[115.0440303,-8.4964587],[115.0442029,-8.4963395],[115.0448476,-8.4958147],[115.0451059,-8.4955605],[115.0452012,-8.4954205],[115.0452752,-8.4952823],[115.0453448,-8.4951291],[115.0454344,-8.4949738],[115.0455498,-8.4948292],[115.0456771,-8.4946913],[115.0457966,-8.4945221],[115.0459522,-8.4941855],[115.0460539,-8.4939417],[115.0461738,-8.4937488],[115.0465162,-8.4933084],[115.0467034,-8.4930017],[115.0470204,-8.4924224],[115.0471572,-8.4922822],[115.0472805,-8.4922449],[115.0473797,-8.4922423],[115.0475085,-8.4922715],[115.0475876,-8.4923166],[115.0476654,-8.4924121],[115.0477324,-8.4925473],[115.047787,-8.4927712],[115.0478692,-8.4935408],[115.0478805,-8.4937792],[115.04788,-8.4939228],[115.0478483,-8.494125],[115.0477973,-8.4942546],[115.0476793,-8.4943961],[115.0475793,-8.4944993],[115.047536,-8.4945537],[115.0475029,-8.4946424],[115.0475106,-8.4947278],[115.0475504,-8.4948104],[115.0476255,-8.4948736],[115.0477563,-8.4949178],[115.0479202,-8.4949335],[115.0481093,-8.4949494],[115.0484312,-8.4950284],[115.048642,-8.4951013],[115.0487477,-8.4951706],[115.0492426,-8.4954873],[115.0494062,-8.4955741],[115.0504615,-8.4961528],[115.0511064,-8.4964675],[115.0519878,-8.4969104],[115.0526905,-8.4972189],[115.0534298,-8.4975523],[115.0538063,-8.4976964],[115.0542187,-8.497819],[115.0546727,-8.4979537],[115.0549402,-8.4980412],[115.0551318,-8.4980789],[115.0554854,-8.4981155],[115.0558467,-8.4981622],[115.0558976,-8.4981701],[115.0559835,-8.4981919],[115.0560527,-8.498219],[115.0561425,-8.4982866],[115.0562109,-8.4983835],[115.0562055,-8.4985347],[115.0561734,-8.4987562],[115.0561653,-8.498914],[115.0561733,-8.4989929],[115.0562156,-8.499041],[115.0562806,-8.4990825],[115.0563987,-8.4991249],[115.0572719,-8.499365]],[[114.4365672,-8.1635294],[114.4368414,-8.1632498],[114.4368946,-8.1631996],[114.4370082,-8.1630973],[114.4372447,-8.1628656],[114.4374811,-8.1626338],[114.4374957,-8.1626188]],[[115.1105673,-8.5366576],[115.1106276,-8.5367265],[115.1106953,-8.53682],[115.1107697,-8.5368863],[115.1108173,-8.5369221],[115.1108746,-8.5369623]],[[115.109199,-8.533523],[115.1097941,-8.5339709],[115.1099275,-8.5340521],[115.1100388,-8.534084],[115.1100931,-8.5341006],[115.1101638,-8.5341088],[115.1103124,-8.5341105],[115.1105002,-8.5340667],[115.1112498,-8.5338094],[115.1114376,-8.5337544],[115.1115402,-8.5337392],[115.1115911,-8.5337358],[115.1116414,-8.5337431],[115.1116683,-8.5337498],[115.1117192,-8.5337796],[115.1117776,-8.5338327],[115.1118364,-8.5339272],[115.1119018,-8.5340476],[115.1119599,-8.5342292],[115.1119673,-8.5342789],[115.1119707,-8.5343214],[115.1119673,-8.5343731],[115.1119217,-8.5344686],[115.1118547,-8.5345349],[115.1117943,-8.5345694],[115.1116361,-8.5346211],[115.1114067,-8.5346967],[115.111337,-8.5347219],[115.1112713,-8.5347551],[115.1112083,-8.5348108],[115.1111469,-8.5348852],[115.1110393,-8.5350349],[115.1109731,-8.5351645],[115.1107684,-8.5356994],[115.1106691,-8.535956],[115.1106054,-8.5361847],[115.1105585,-8.536389],[115.1105444,-8.5364758],[115.1105404,-8.5365262],[115.1105417,-8.5365965],[115.1105673,-8.5366576]],[[115.1049145,-8.5304501],[115.1049922,-8.5304827],[115.1053195,-8.5306437],[115.1054372,-8.5307347]],[[115.1076476,-8.5322605],[115.1082274,-8.5326584]],[[115.1054372,-8.5307347],[115.1058547,-8.531036],[115.1065479,-8.5315203],[115.1076476,-8.5322605]],[[115.0777344,-8.5085573],[115.077279,-8.5084665],[115.0768941,-8.5083849],[115.0762785,-8.5082708],[115.0758355,-8.5082003]],[[115.0758355,-8.5082003],[115.0753324,-8.5081372],[115.0752057,-8.5081214],[115.0751257,-8.5081032],[115.0749622,-8.5080659]],[[115.0777344,-8.5085573],[115.0779526,-8.508608],[115.0781203,-8.5086448],[115.0782716,-8.5086826],[115.0785568,-8.5087725],[115.0789705,-8.5089146],[115.0794378,-8.5090756],[115.0801106,-8.5092925],[115.0805754,-8.5094514],[115.0807723,-8.5095226],[115.0810248,-8.5096207],[115.0812611,-8.509719],[115.0813178,-8.5097454],[115.0814424,-8.5098053],[115.0815746,-8.5098788],[115.0816873,-8.5099386],[115.0817907,-8.5099944],[115.0819532,-8.5100839],[115.082227,-8.5101989],[115.0824967,-8.5102668],[115.082716,-8.5103067],[115.0828196,-8.5103256],[115.0833802,-8.5104134],[115.0837616,-8.5104788],[115.0842641,-8.5105626],[115.084719,-8.5106486],[115.0851469,-8.5107517],[115.0856116,-8.5109017],[115.0858833,-8.5109897],[115.0864254,-8.5111692],[115.0865771,-8.5112172],[115.0867225,-8.5112627],[115.0870111,-8.5113472],[115.087299,-8.5114318],[115.087547,-8.5114956],[115.0878401,-8.5115744],[115.0881007,-8.5116598],[115.0883163,-8.5117361],[115.0884761,-8.5117968],[115.0892562,-8.5121331],[115.0900316,-8.5124741],[115.0902606,-8.5125837],[115.0904598,-8.5126682],[115.0905749,-8.5127332],[115.0906237,-8.5127749],[115.09069,-8.5128997],[115.0907304,-8.5130444],[115.0909894,-8.5151366],[115.0911353,-8.5162489],[115.0913184,-8.5176447],[115.0913653,-8.5178927],[115.0914203,-8.5180572],[115.091474,-8.5181527],[115.0915383,-8.5182296],[115.0915649,-8.5182518],[115.0916255,-8.5183025],[115.0917207,-8.5183503],[115.0919144,-8.5184297],[115.0919688,-8.5184511],[115.0922692,-8.5185426],[115.0923698,-8.5185824],[115.0927078,-8.5186898],[115.0932442,-8.5188728],[115.0935755,-8.5189869],[115.0938437,-8.5190665],[115.0941159,-8.5191527],[115.0943734,-8.5192363],[115.0948106,-8.5193768],[115.095223,-8.5195214],[115.0954262,-8.5196182],[115.0955214,-8.5196633],[115.0956193,-8.519715],[115.0957668,-8.5197946],[115.0958916,-8.5198888],[115.0959868,-8.5199578],[115.0960632,-8.520032],[115.0961209,-8.520093],[115.0962456,-8.5202416],[115.096369,-8.5203994],[115.0964575,-8.5205453],[115.0965299,-8.5206594],[115.0965916,-8.5207602],[115.0966614,-8.5208848],[115.0967539,-8.5210506],[115.0968464,-8.5211925],[115.0969282,-8.5213199],[115.097006,-8.5214273],[115.0971173,-8.5215135],[115.0972622,-8.5215878],[115.0978228,-8.5218053],[115.0980112,-8.5218875],[115.0982412,-8.5219817],[115.0983807,-8.5220573],[115.0984745,-8.5221236],[115.0985604,-8.5221939],[115.0986784,-8.5223677],[115.0987245,-8.5224567],[115.0988232,-8.5226475],[115.0989189,-8.5228557],[115.0991125,-8.5232787],[115.0991357,-8.5233239],[115.0992296,-8.5235308],[115.0993342,-8.5237496],[115.0994348,-8.5239778],[115.0995004,-8.5241329],[115.0995577,-8.5242561],[115.0996653,-8.5244977],[115.0997915,-8.5248014],[115.0999061,-8.5251814],[115.0999396,-8.5252682],[115.0999791,-8.5253505],[115.1000261,-8.5254805],[115.1000703,-8.5256448],[115.100167,-8.5260004],[115.1001939,-8.5261299],[115.1003091,-8.5267788]],[[115.0582758,-8.4996069],[115.0572719,-8.499365]],[[115.0611246,-8.5011268],[115.0611664,-8.5011466],[115.0612199,-8.5011719],[115.0613034,-8.5012013],[115.0614788,-8.501263],[115.0620812,-8.5014779],[115.0625699,-8.5016554],[115.0627035,-8.501703],[115.0638919,-8.5021261],[115.0642887,-8.5022408],[115.064808,-8.5023547],[115.0649449,-8.5023848],[115.065353,-8.5024351],[115.0658157,-8.5024832],[115.066135,-8.502514],[115.0669543,-8.5025678],[115.0675118,-8.5025817],[115.068536,-8.5026108],[115.0686117,-8.502613],[115.0687116,-8.5026547],[115.0688045,-8.5027049],[115.068872,-8.5027519],[115.0689434,-8.5028056],[115.0690882,-8.5029236],[115.0691592,-8.5029913],[115.0692561,-8.503086],[115.0693162,-8.5031544],[115.0693913,-8.5032446],[115.0694564,-8.5033376],[115.0694972,-8.5034064],[115.06952,-8.5034555],[115.0695367,-8.5035047],[115.0695553,-8.5035727],[115.0695665,-8.5036341],[115.069572,-8.5037008],[115.0695734,-8.5040909],[115.0695784,-8.5043263],[115.0695974,-8.5044027],[115.0696363,-8.5044757],[115.0696766,-8.5045332],[115.0697231,-8.5045893],[115.0697556,-8.5046166],[115.0698263,-8.504654],[115.0698954,-8.504683],[115.0699877,-8.5047066],[115.0702962,-8.5047559],[115.0705864,-8.5048035],[115.0714477,-8.5049412],[115.0716162,-8.5049821],[115.0716802,-8.5050065],[115.071749,-8.5050407],[115.0717728,-8.5050642],[115.0718019,-8.5050998],[115.0718258,-8.5051358],[115.0718426,-8.5051802],[115.0718454,-8.5052622],[115.0718464,-8.5053911],[115.0718437,-8.5054765],[115.0718254,-8.5057663],[115.071812,-8.5060168],[115.0717661,-8.5065295],[115.0717486,-8.5068207],[115.0717436,-8.5069626],[115.0717451,-8.5070089]],[[115.0611246,-8.5011268],[115.0610848,-8.5010955],[115.0602796,-8.5004399]],[[115.0602796,-8.5004399],[115.0599512,-8.5001581],[115.0598386,-8.5000839],[115.0597343,-8.5000249],[115.0596079,-8.4999682],[115.059459,-8.499911],[115.0592838,-8.4998565],[115.0591346,-8.4998146],[115.0588958,-8.4997574],[115.0586343,-8.4996913],[115.0582758,-8.4996069]],[[115.1591185,-8.5616213],[115.1590747,-8.5616216],[115.1590541,-8.5616214],[115.1584031,-8.5616107],[115.1581174,-8.561563],[115.1577942,-8.5614966],[115.1575819,-8.5614454],[115.1574052,-8.5614002],[115.1571156,-8.5613455],[115.1570148,-8.5613252],[115.1569178,-8.5612991],[115.156197,-8.5611095],[115.155295,-8.5608894],[115.1549739,-8.560811],[115.1539506,-8.5605644],[115.1536717,-8.5604941],[115.1528402,-8.5602766],[115.152407,-8.5601479],[115.1522092,-8.560084],[115.1519757,-8.5600086],[115.1510496,-8.5597095],[115.1506037,-8.5595655],[115.1501395,-8.5594156],[115.15004,-8.5593841],[115.1492608,-8.5591162],[115.1491243,-8.559066],[115.1490113,-8.5590074],[115.1487994,-8.5588921],[115.1486217,-8.5587886],[115.148322,-8.5585831],[115.1480779,-8.5584147],[115.1477547,-8.5581879],[115.1476715,-8.5581295],[115.1475301,-8.5580327],[115.1469326,-8.5576282]],[[115.1108173,-8.5370648],[115.110647,-8.5368292],[115.1105913,-8.5367298],[115.1105673,-8.5366576]],[[115.0717451,-8.5070089],[115.0718175,-8.5071765],[115.0718696,-8.5072262],[115.072016,-8.5073065],[115.0722212,-8.5073993],[115.0725181,-8.507523],[115.0727223,-8.5076139],[115.0729554,-8.5076869],[115.0732039,-8.5077387],[115.0734847,-8.5077938],[115.0738632,-8.5078489],[115.0744065,-8.5079382],[115.074632,-8.5079903]],[[115.1759484,-8.5673406],[115.1759037,-8.5673338],[115.175858,-8.5673271],[115.1753592,-8.5672135],[115.1749727,-8.5670973],[115.1747961,-8.5670452],[115.1745768,-8.5669752],[115.1744392,-8.5669277],[115.174068,-8.5667549],[115.1738294,-8.5666229],[115.1737661,-8.5665709],[115.173704,-8.5665043],[115.1736671,-8.566451],[115.1736388,-8.5663978],[115.1736051,-8.566302],[115.1735924,-8.5662503],[115.1735901,-8.5661988],[115.1735922,-8.5661723],[115.1735941,-8.5661482],[115.1736272,-8.5659095],[115.1736505,-8.565741],[115.1737049,-8.5653486],[115.1737428,-8.5650758],[115.173749,-8.5650213],[115.1737505,-8.5649911],[115.1737491,-8.564933],[115.1737437,-8.5648834],[115.1737348,-8.564836],[115.1736969,-8.5646992]],[[115.1764098,-8.5674084],[115.1759484,-8.5673406]],[[115.1857942,-8.6049316],[115.1858111,-8.6047369]],[[115.185816,-8.6052473],[115.1857853,-8.6051738],[115.1857739,-8.6050775],[115.1857942,-8.6049316]],[[115.1004164,-8.5272222],[115.1004398,-8.5273108],[115.1004766,-8.5274583],[115.1005545,-8.5277802],[115.1007289,-8.5283293],[115.1007932,-8.528507],[115.1009166,-8.5286184],[115.1010239,-8.5287099],[115.1012237,-8.5288346],[115.1013257,-8.528889],[115.1014781,-8.5289577],[115.1019017,-8.5291265],[115.1023046,-8.5292868],[115.1023274,-8.5292959],[115.1023951,-8.5293253],[115.1026354,-8.5294269],[115.1029219,-8.5295482],[115.1031996,-8.5296715],[115.1034836,-8.529789],[115.1037879,-8.529917],[115.1038193,-8.5299285],[115.1039979,-8.5300048],[115.1042331,-8.5301134],[115.1044698,-8.5302334],[115.104798,-8.5303926],[115.1049145,-8.5304501]],[[115.1003091,-8.5267788],[115.1004164,-8.5272222]],[[115.1606092,-8.5618395],[115.1608171,-8.5618913],[115.1609528,-8.5619263],[115.1615285,-8.5620861],[115.1623476,-8.5622929],[115.162901,-8.5624326],[115.1635952,-8.5626079],[115.1638532,-8.5626736],[115.1641193,-8.5627414],[115.1645531,-8.562852],[115.165423,-8.5630737],[115.1658548,-8.5631837],[115.165942,-8.5632009],[115.1659811,-8.5632095],[115.1665575,-8.5633218],[115.1666038,-8.563331],[115.1680681,-8.5634665],[115.1684169,-8.5634988],[115.1686188,-8.5635175],[115.169231,-8.5635868],[115.1697491,-8.5636413],[115.1705106,-8.5637217]],[[115.1591185,-8.5616213],[115.1592365,-8.5616167]],[[114.6437421,-8.361104],[114.6438662,-8.3611455],[114.6444787,-8.3613165],[114.6450961,-8.3615025]],[[114.6435841,-8.3610547],[114.6437421,-8.361104]],[[114.4370404,-8.175461],[114.4369401,-8.175233],[114.436917,-8.1751902],[114.4365797,-8.1739748],[114.4361033,-8.1720951],[114.4360707,-8.171959],[114.4359763,-8.1716282],[114.4356963,-8.1707001],[114.4355444,-8.1702108],[114.435276,-8.1693078],[114.435169,-8.1689476],[114.435116,-8.1687689],[114.4347082,-8.167417],[114.4346556,-8.1672409],[114.4344935,-8.1666986],[114.4344753,-8.1665781],[114.4344653,-8.1664428],[114.4344853,-8.1662446],[114.4345607,-8.1658845],[114.4345971,-8.1657595],[114.4346546,-8.16558],[114.4347314,-8.1654351],[114.4347556,-8.1653894],[114.4348289,-8.1653123]],[[114.4348289,-8.1653123],[114.4350365,-8.1650346],[114.4354348,-8.1646337],[114.4358358,-8.1642337],[114.4360928,-8.1640052],[114.4361267,-8.1639725],[114.4365672,-8.1635294]],[[114.792129,-8.4022479],[114.7922758,-8.402294]],[[114.78824,-8.4012293],[114.7884676,-8.4012446],[114.7885975,-8.401257],[114.7886922,-8.4012691],[114.7888207,-8.4012869],[114.7889066,-8.4013016],[114.7889705,-8.4013126],[114.7891558,-8.4013598],[114.7894117,-8.4014456],[114.7897166,-8.4015264],[114.7899864,-8.401645],[114.7903049,-8.4017354],[114.7907041,-8.4018354],[114.7911416,-8.4019459],[114.792129,-8.4022479]],[[115.0391046,-8.491533],[115.0392888,-8.4914703],[115.0393666,-8.491465],[115.0394659,-8.4914769],[115.0396147,-8.4915379]],[[115.0397529,-8.4916321],[115.0400251,-8.4918841]],[[115.0396147,-8.4915379],[115.0397529,-8.4916321]],[[115.0400251,-8.4918841],[115.0399043,-8.4918414],[115.0396529,-8.4917329]],[[115.0391046,-8.491533],[115.0384497,-8.4915626],[115.0380075,-8.4915856],[115.0374515,-8.4915976],[115.0372951,-8.4916006],[115.0371765,-8.4916165],[115.0370954,-8.4916604],[115.0370022,-8.491726],[115.0369656,-8.4917592],[115.0369296,-8.4918045],[115.0368873,-8.4918832],[115.0368253,-8.4920422],[115.036604,-8.4927687],[115.0364231,-8.4933471],[115.0361763,-8.4940054],[115.0361179,-8.494158],[115.0360748,-8.4942796]],[[114.9337697,-8.475841],[114.9340201,-8.4759969]],[[114.9309539,-8.4741867],[114.9311623,-8.4743036],[114.9317244,-8.4746264],[114.9322848,-8.4749466],[114.9324156,-8.4750226],[114.9325372,-8.4750908],[114.9326147,-8.4751351],[114.932757,-8.4752164],[114.9333761,-8.4755876],[114.9337697,-8.475841]],[[115.1410096,-8.5548545],[115.1408466,-8.554818],[115.1406991,-8.5547743],[115.1405335,-8.5547186],[115.1404885,-8.5547052],[115.1404027,-8.5546795]],[[115.1404456,-8.5545818],[115.1405245,-8.5546134],[115.1405784,-8.554635],[115.1408588,-8.5547604],[115.1410096,-8.5548545]],[[114.9805632,-8.5123195],[114.9809111,-8.512591],[114.98116,-8.5127638],[114.9814872,-8.5129521],[114.9817809,-8.5130622],[114.9821618,-8.5131869],[114.9822946,-8.5132373],[114.9824448,-8.5133155],[114.9826594,-8.5134548],[114.9829759,-8.5136975],[114.9831395,-8.5137811],[114.983397,-8.5138991],[114.9835518,-8.5139413],[114.9837309,-8.5139721],[114.9839213,-8.5139363],[114.9840796,-8.5138925],[114.9842311,-8.5138686],[114.9843465,-8.5138739],[114.9845409,-8.5139217],[114.9849245,-8.5140676],[114.9852651,-8.5142347],[114.985528,-8.514362],[114.9856836,-8.5144721],[114.9858043,-8.51461],[114.9859062,-8.5147772],[114.9860349,-8.5150451],[114.9861798,-8.5155358],[114.9862576,-8.5157984],[114.9864748,-8.516443],[114.986558,-8.5166817],[114.9866294,-8.5167978],[114.9868279,-8.517012],[114.9870238,-8.5171092],[114.9872042,-8.5171936],[114.9874674,-8.5173367],[114.9876919,-8.5174763],[114.9877583,-8.5175285],[114.9878686,-8.5176489],[114.9879152,-8.5177235],[114.9879578,-8.5178943],[114.9879769,-8.5180647],[114.9880001,-8.5182786],[114.9880157,-8.5184345]],[[114.9802709,-8.5121245],[114.9805632,-8.5123195]],[[114.4963057,-8.2737262],[114.4959123,-8.2736482]],[[114.5035259,-8.2820978],[114.5034753,-8.281499],[114.5033563,-8.2810829],[114.5032688,-8.2809196],[114.5032126,-8.2808546],[114.5029359,-8.2806062],[114.5028039,-8.2804933],[114.5027014,-8.280405],[114.5023594,-8.2800349],[114.5022028,-8.2799336],[114.50202,-8.2797702],[114.5017698,-8.2795999],[114.5015218,-8.2793784],[114.5013281,-8.279197],[114.5012287,-8.2790593],[114.5010948,-8.2788659],[114.5008757,-8.2784183],[114.5003856,-8.2773563],[114.5003052,-8.2771898],[114.5002471,-8.2769796],[114.4999487,-8.2762744],[114.4995743,-8.2753727],[114.4994391,-8.2750381],[114.4993126,-8.2747907],[114.4991377,-8.2745108],[114.4990792,-8.2744276],[114.4989619,-8.2743223],[114.4987875,-8.2742082],[114.498367,-8.274091],[114.4979711,-8.2740392],[114.4977314,-8.2739902],[114.4975415,-8.2739718],[114.497275,-8.2739287],[114.4965664,-8.2737931],[114.4964245,-8.2737463],[114.4963057,-8.2737262]],[[115.03938,-8.4916112],[115.0392565,-8.491563],[115.0391046,-8.491533]],[[114.5480587,-8.3302774],[114.5481472,-8.3302891],[114.5481976,-8.3303022],[114.5482467,-8.3303385],[114.5482925,-8.3304006],[114.5483283,-8.3304646],[114.5483453,-8.3305311],[114.5483442,-8.3305982],[114.548342,-8.3306568],[114.5483136,-8.3307849]],[[114.5483136,-8.3307849],[114.5482201,-8.3311448]],[[114.5482201,-8.3311448],[114.5481897,-8.3312448],[114.5481739,-8.3313873],[114.5481719,-8.3314632],[114.5481763,-8.3315318],[114.5481912,-8.3316225],[114.548219,-8.3317576],[114.5482426,-8.3318716]],[[114.5482426,-8.3318716],[114.5481831,-8.3317841],[114.5481227,-8.3316468],[114.5480926,-8.3315426],[114.5480791,-8.3314657],[114.5480778,-8.3313774],[114.5480946,-8.3312315],[114.5481197,-8.3311249]],[[114.5482082,-8.3307414],[114.5482263,-8.330642],[114.5482319,-8.3305875],[114.5482333,-8.3305047],[114.5482166,-8.3304564],[114.5481845,-8.3303994],[114.5481486,-8.3303554],[114.5481205,-8.3303285],[114.5480587,-8.3302774]],[[114.9476186,-8.4844663],[114.947851,-8.4844085],[114.9481117,-8.4844098],[114.9485415,-8.4844426],[114.9488193,-8.4844668],[114.9489958,-8.4845077],[114.9491465,-8.4845703],[114.9492195,-8.4846464],[114.9492753,-8.4847295],[114.9492974,-8.4848183],[114.949286,-8.4849125],[114.9492511,-8.4850213],[114.9492184,-8.4851183],[114.9492139,-8.4851555],[114.9492256,-8.4851911],[114.9492511,-8.4852428],[114.9493235,-8.4853277],[114.9494509,-8.4854113],[114.9495408,-8.4855211],[114.9498251,-8.485979],[114.9500807,-8.4864378],[114.95021,-8.4867748],[114.9503353,-8.4871846],[114.9504501,-8.4878227],[114.9505278,-8.488149],[114.9505761,-8.4883188],[114.9506192,-8.4884145],[114.9506614,-8.4884858],[114.950729,-8.4886],[114.9508148,-8.488722],[114.9509169,-8.4888283],[114.9510509,-8.4889103],[114.9514317,-8.4891093],[114.9515607,-8.4891654],[114.951904,-8.4893148],[114.9522081,-8.4894659],[114.9524642,-8.4896077],[114.9528087,-8.4898032],[114.9530813,-8.4899688],[114.9531615,-8.4900189],[114.9532986,-8.4901046],[114.9534166,-8.4901784],[114.9537125,-8.4903462],[114.9539208,-8.4904278],[114.9549119,-8.4906994],[114.9549359,-8.4907058],[114.9551175,-8.4908036],[114.9552442,-8.4908522],[114.9559254,-8.491219],[114.9563874,-8.4914874],[114.9564732,-8.4915343],[114.9565713,-8.4915823],[114.9574753,-8.4920702],[114.957607,-8.4921413],[114.957636,-8.4921585],[114.957748,-8.4922249],[114.9578886,-8.4923081],[114.9579229,-8.4923285],[114.9581415,-8.4924374],[114.9583593,-8.4925138],[114.9584826,-8.49253],[114.9585793,-8.4925427],[114.9589247,-8.4925612],[114.959117,-8.4925416],[114.95914,-8.4925393],[114.959403,-8.4924926],[114.959468,-8.4924786],[114.9595559,-8.4924642],[114.9596593,-8.4924454],[114.9597233,-8.4924338],[114.9598307,-8.4924252],[114.9599042,-8.4924206],[114.9599895,-8.4924248],[114.9600788,-8.4924432],[114.9601615,-8.4924681],[114.9603102,-8.4925129],[114.9607676,-8.4926613],[114.9611625,-8.4928019],[114.9612085,-8.492819],[114.9616426,-8.4929848],[114.9616888,-8.4930138],[114.9617396,-8.4930483],[114.9617868,-8.4930888],[114.9618202,-8.4931174],[114.9620434,-8.4933933],[114.9621949,-8.4936177],[114.9622321,-8.4936728],[114.9623089,-8.4937631],[114.9623361,-8.4937951],[114.9623899,-8.4938466],[114.9624663,-8.4939197],[114.9625109,-8.4939545],[114.9625936,-8.4940136],[114.9626568,-8.4940511],[114.962839,-8.4941594],[114.9628876,-8.4941864],[114.9629932,-8.4942315],[114.9631641,-8.4943045],[114.9633656,-8.4943708],[114.9634661,-8.4943975],[114.9635836,-8.494426],[114.9636909,-8.4944521],[114.9637529,-8.4944672],[114.963805,-8.4944794],[114.9640932,-8.4945467],[114.9646247,-8.4946652],[114.9647569,-8.4946983],[114.965014,-8.4947551],[114.9655728,-8.4949974],[114.9655875,-8.495003],[114.9657082,-8.4950669],[114.9658022,-8.4951167],[114.966032,-8.4952619],[114.9660591,-8.4952809],[114.9660922,-8.4953132],[114.9661318,-8.4953551],[114.9663706,-8.4957497],[114.9663927,-8.4957894],[114.9664737,-8.4959865],[114.9664867,-8.4960524],[114.9664839,-8.4961178],[114.9664387,-8.4963422],[114.9664254,-8.4964266],[114.9664217,-8.4964876],[114.9664299,-8.4965377],[114.9664443,-8.4965904],[114.9664652,-8.4966432],[114.9665728,-8.4967651],[114.9666621,-8.496855],[114.9667343,-8.4969512],[114.9667758,-8.497051],[114.9667913,-8.4971128],[114.9668103,-8.4972541],[114.966849,-8.4975661],[114.9668734,-8.4976351],[114.9669174,-8.4977551],[114.9671502,-8.4984293],[114.9672209,-8.4985885],[114.9672834,-8.4986764],[114.9673661,-8.4987404]],[[115.1736085,-8.5644374],[115.1736969,-8.5646992]],[[114.6691012,-8.3683193],[114.6692673,-8.3683696]],[[115.0195241,-8.4980781],[115.0196068,-8.4980148],[115.0196492,-8.497998],[115.0196925,-8.4979907],[115.0197417,-8.4979882]],[[115.0197417,-8.4979882],[115.0198388,-8.4980167],[115.0199271,-8.4980539],[115.0201076,-8.4981342],[115.0202646,-8.4981998],[115.0202904,-8.498209],[115.0204403,-8.4982624]],[[115.0265561,-8.5030526],[115.0267348,-8.5031053],[115.0269965,-8.5031624],[115.027112,-8.5031864],[115.0271922,-8.5032031],[115.0273962,-8.5032456],[115.0277208,-8.5033132],[115.0279496,-8.5033608],[115.0281419,-8.5034008],[115.0286155,-8.5034946],[115.0288994,-8.5035493]],[[115.02458,-8.4994369],[115.0244432,-8.4993232],[115.024392,-8.4992898],[115.0242551,-8.4992003],[115.0240577,-8.4991259],[115.0237922,-8.4990644],[115.0231728,-8.498914]],[[114.4521241,-8.2216724],[114.4517922,-8.2211817],[114.4510562,-8.2200683],[114.4509858,-8.2199574],[114.4509149,-8.2198453],[114.4508472,-8.2197265],[114.450756,-8.2195594],[114.450662,-8.2193543],[114.4505928,-8.2191902],[114.4504561,-8.2188043],[114.4503608,-8.2184999],[114.4502896,-8.2182447],[114.4501179,-8.2176041],[114.4500632,-8.2174002],[114.4499143,-8.2168445],[114.4496353,-8.2157157],[114.4492626,-8.2142696],[114.4490412,-8.2134108],[114.4487247,-8.2121698],[114.4486685,-8.2119096],[114.4485762,-8.2115607],[114.4485198,-8.2113077],[114.4484505,-8.211047],[114.4483674,-8.2107284],[114.4481716,-8.2099452],[114.4480683,-8.2095696],[114.4480106,-8.2093439],[114.447945,-8.2091011],[114.4478497,-8.2087321],[114.4476941,-8.2081188],[114.4473297,-8.2068849],[114.4471427,-8.2063068],[114.4469552,-8.2054946],[114.446868,-8.2051734],[114.446746,-8.2047685],[114.4466548,-8.2044433],[114.4463715,-8.2033349],[114.446132,-8.2023941],[114.4459689,-8.2017533],[114.4457673,-8.2009612],[114.4456019,-8.2003117],[114.4452896,-8.1990119],[114.4450393,-8.1981381],[114.4444513,-8.1958677],[114.444009,-8.1941087],[114.4438989,-8.1936835],[114.4435696,-8.1924094],[114.4433945,-8.1917892],[114.4433335,-8.19162],[114.443239,-8.1914501],[114.4430673,-8.1911653],[114.4425369,-8.1903925],[114.441392,-8.1887722],[114.4412925,-8.1886219],[114.4410261,-8.1882185]],[[115.1592365,-8.5616167],[115.1593948,-8.56162],[115.159475,-8.5616243],[115.1595665,-8.5616293],[115.1597844,-8.5616651],[115.1602732,-8.5617674],[115.1603759,-8.5617898],[115.160463,-8.5618057]],[[115.160463,-8.5618057],[115.1606092,-8.5618395]],[[115.170726,-8.5635372],[115.1707336,-8.5634493],[115.1707486,-8.5632404],[115.1707517,-8.5632006],[115.1707655,-8.5630062],[115.1707809,-8.562792],[115.1707975,-8.5625933],[115.1708268,-8.5623229],[115.1708432,-8.5622181],[115.170863,-8.5621666],[115.170895,-8.562105],[115.1709912,-8.5620129],[115.1711368,-8.5619164]],[[115.17091,-8.5637712],[115.1706928,-8.5637339],[115.1705106,-8.5637217]],[[115.1705106,-8.5637217],[115.1705956,-8.5636764],[115.1706685,-8.5636139],[115.170726,-8.5635372]],[[115.1711368,-8.5619164],[115.1711796,-8.5618931],[115.1713593,-8.5617955],[115.1715057,-8.5617159],[115.1716215,-8.561653]],[[114.5086809,-8.2911511],[114.5084954,-8.2910479]],[[114.5142686,-8.2986566],[114.5141905,-8.2985403],[114.5140777,-8.298374],[114.5124253,-8.2955217],[114.51226,-8.2952377],[114.5119178,-8.2946493],[114.5117333,-8.2943126],[114.5109651,-8.2930065],[114.5107045,-8.2925452],[114.5103671,-8.2921054],[114.5101618,-8.2919541],[114.5086809,-8.2911511]],[[115.02458,-8.4994369],[115.0246096,-8.4994649],[115.0246592,-8.4995275],[115.0247128,-8.4996076],[115.0248178,-8.4999023],[115.0249219,-8.5002236],[115.0249648,-8.5003352],[115.0250195,-8.5004274],[115.025119,-8.5005342],[115.025174,-8.5006243],[115.0252005,-8.5006978],[115.0252008,-8.5007799],[115.0251762,-8.5008608],[115.0251295,-8.50094],[115.0248914,-8.5013262],[115.0247704,-8.5015444],[115.02474,-8.5016104],[115.0247232,-8.5016467],[115.0247157,-8.5017198],[115.0247276,-8.5017961],[115.0247625,-8.501901],[115.0248308,-8.5020165],[115.024966,-8.5022199],[115.0251654,-8.5025321],[115.0252382,-8.5026227],[115.0253093,-8.5026684],[115.0253982,-8.5027003],[115.0254932,-8.5027339],[115.0256793,-8.5027883],[115.0265561,-8.5030526]],[[115.0231728,-8.498914],[115.0227774,-8.4987933],[115.0223006,-8.4986271],[115.022135,-8.4985813],[115.0219601,-8.4985415],[115.0213507,-8.4984419],[115.0207133,-8.498347]],[[115.0207133,-8.498347],[115.0206569,-8.498339],[115.0205485,-8.4983058],[115.0204711,-8.4982748],[115.0204403,-8.4982624]],[[114.8910786,-8.4514509],[114.8910981,-8.4514613],[114.891247,-8.4515621],[114.8913677,-8.4516562],[114.8914937,-8.4517623],[114.8916346,-8.4519415],[114.8917365,-8.4520463],[114.8918612,-8.4521683],[114.8920315,-8.452297],[114.8921187,-8.4523726],[114.8926807,-8.4527958],[114.8929693,-8.4530058],[114.893146,-8.4531592],[114.8935657,-8.453459],[114.8942055,-8.4539445],[114.8948184,-8.4544234],[114.8954889,-8.4549408],[114.896016,-8.4553626],[114.896252,-8.4555377],[114.8963258,-8.4555868],[114.8964116,-8.4556266],[114.8965135,-8.455669],[114.8965886,-8.4556929],[114.8966543,-8.4557101],[114.8974054,-8.4558415],[114.8977929,-8.4559171],[114.8979311,-8.4559502],[114.8980477,-8.4559847],[114.8981899,-8.4560338],[114.8984393,-8.4561492],[114.8990187,-8.4564265],[114.9007232,-8.4572131],[114.9018149,-8.4577185],[114.9020161,-8.4578233],[114.9021797,-8.4579108],[114.9022669,-8.4579626],[114.9023366,-8.4580117],[114.9026343,-8.4582743],[114.9027,-8.4583314],[114.9027671,-8.4583791],[114.9028663,-8.4584428],[114.9029763,-8.4585078],[114.9034296,-8.4587107],[114.9035422,-8.4587519],[114.9042651,-8.4590583]],[[114.8764423,-8.4423862],[114.8769357,-8.4424123],[114.8775817,-8.4424452],[114.877875,-8.4424602],[114.8779929,-8.4424645],[114.8781535,-8.4424806],[114.8782645,-8.4425096],[114.8783255,-8.4425256],[114.8784247,-8.4425786],[114.8785225,-8.4426336],[114.8787363,-8.442796],[114.8789305,-8.4429501],[114.8792371,-8.4431399],[114.879347,-8.4432359],[114.8794822,-8.4433507],[114.8795923,-8.4434385],[114.8806245,-8.4442379],[114.8809835,-8.4445698],[114.8811853,-8.4447092],[114.8813027,-8.4447887],[114.8813966,-8.4448444],[114.8814902,-8.4448699],[114.8815289,-8.4448723],[114.8815709,-8.4448749],[114.8817158,-8.4448643],[114.8819114,-8.4448452],[114.8822205,-8.4447821],[114.8823113,-8.4447767],[114.8823823,-8.4447887],[114.8824789,-8.4448086],[114.8825552,-8.4448595],[114.8826382,-8.4449097],[114.8827203,-8.4449837],[114.8828017,-8.4450579],[114.8829376,-8.4452167],[114.8832447,-8.4456696],[114.8834727,-8.4459998],[114.883691,-8.4462945],[114.8838093,-8.4464841],[114.883894,-8.4466474],[114.8839327,-8.446752],[114.8839836,-8.446882],[114.8840181,-8.4469949],[114.8841043,-8.4472587],[114.8841555,-8.4473821],[114.8842076,-8.4474803],[114.8842478,-8.4475798],[114.8843317,-8.4477347],[114.8850175,-8.4487114],[114.8853328,-8.4492008],[114.8855178,-8.449478],[114.8856184,-8.4496001],[114.8857024,-8.4497051],[114.8857794,-8.4497911],[114.885863,-8.4498588],[114.885955,-8.4499158],[114.8861277,-8.4499768],[114.8863907,-8.4500476],[114.8879414,-8.4504868],[114.888137,-8.4505422],[114.8886591,-8.4506786],[114.8887805,-8.4507103],[114.8890581,-8.4507829],[114.8890898,-8.4507901],[114.8891106,-8.4507953],[114.8900292,-8.4510076],[114.890378,-8.4511058],[114.8905402,-8.4511695],[114.8907856,-8.4512941],[114.8909208,-8.4513664]],[[114.4410261,-8.1882185],[114.440884,-8.188026],[114.4406091,-8.1876264],[114.4401745,-8.1870211],[114.4401062,-8.1868738],[114.4400673,-8.1867901],[114.4400485,-8.1867291],[114.439858,-8.1860078],[114.4397417,-8.185487],[114.4390481,-8.1827541],[114.4390393,-8.1827195],[114.438861,-8.1822031],[114.4384991,-8.1807811],[114.4384338,-8.1805286],[114.4380281,-8.1791069],[114.4376403,-8.1776544],[114.4373848,-8.1767285],[114.4373705,-8.1766811],[114.4370489,-8.1755114],[114.4370404,-8.175461]],[[114.4375755,-8.1625424],[114.438079,-8.1620799]],[[114.4374957,-8.1626188],[114.4375755,-8.1625424]],[[114.4820961,-8.2541466],[114.4820002,-8.2541486]],[[114.4900929,-8.265825],[114.4900273,-8.2656972],[114.4899985,-8.2656464],[114.4898602,-8.2654027],[114.4897053,-8.2651435],[114.4896785,-8.2650958],[114.4896393,-8.2650308],[114.4894918,-8.2647864],[114.4894017,-8.2646263],[114.4893597,-8.2645564],[114.4892747,-8.2643962],[114.4892606,-8.2643696],[114.4892472,-8.2643403],[114.4891962,-8.2642281],[114.4891604,-8.2641408],[114.4890896,-8.2639694],[114.4890665,-8.2639135],[114.4889721,-8.263683],[114.4886446,-8.2629203],[114.4886323,-8.262889],[114.4884692,-8.2624754],[114.4884525,-8.262432],[114.4882738,-8.2619808],[114.4882288,-8.261874],[114.4881752,-8.2617372],[114.4881495,-8.2616715],[114.488074,-8.2614938],[114.4878313,-8.2608906],[114.4878003,-8.2608165],[114.4877341,-8.2606568],[114.4876501,-8.2604546],[114.4874727,-8.2600141],[114.4874574,-8.259975],[114.4874346,-8.2599167],[114.4873209,-8.259626],[114.4872575,-8.2594727],[114.4872034,-8.2593465],[114.4870638,-8.2590145],[114.486971,-8.2587619],[114.4868407,-8.2584437],[114.4867112,-8.2581419],[114.4866575,-8.2580231],[114.4866205,-8.2579195],[114.486602,-8.2578452],[114.4865915,-8.2577652],[114.4865854,-8.2577121],[114.4865879,-8.2576518],[114.4865929,-8.2575405],[114.4865992,-8.2574596],[114.4866279,-8.257218],[114.4866322,-8.2571672],[114.4866358,-8.2570636],[114.4866311,-8.256999],[114.4866257,-8.2569262],[114.4866015,-8.2568138],[114.4865524,-8.2567075],[114.4864962,-8.2566222],[114.4862905,-8.2563624],[114.4860706,-8.2560703],[114.486008,-8.2559893],[114.4859626,-8.2559305],[114.4857029,-8.2555942],[114.4856682,-8.2555493],[114.4855107,-8.2553616],[114.4853568,-8.2551709],[114.4853016,-8.2551046],[114.4851631,-8.2549379],[114.4851219,-8.2548919],[114.4848976,-8.2546208],[114.4848286,-8.2545394],[114.4847405,-8.2544459],[114.4846244,-8.2543262],[114.4845231,-8.2542171],[114.4844,-8.2541438],[114.4842818,-8.254105],[114.4841842,-8.2540868],[114.4840431,-8.2540724],[114.483691,-8.2540816],[114.4833193,-8.25409],[114.4824864,-8.2541306],[114.4820961,-8.2541466]],[[114.4901977,-8.2660209],[114.4900929,-8.265825]],[[114.4959123,-8.2736482],[114.4957699,-8.2736164],[114.495491,-8.2735045],[114.4953751,-8.2735058],[114.4951905,-8.2734361],[114.4950944,-8.273418],[114.4950062,-8.27335],[114.4948411,-8.273163],[114.4944805,-8.2726882],[114.4944606,-8.2726652],[114.4942734,-8.272414],[114.4942107,-8.2723301],[114.4940537,-8.2721199],[114.493729,-8.2716619],[114.4933505,-8.2711838],[114.4931545,-8.2709303],[114.4926682,-8.2703115],[114.4925533,-8.2701807],[114.4919526,-8.2693972],[114.4918447,-8.2692654],[114.4913991,-8.268714],[114.491163,-8.26839],[114.4910057,-8.2681725],[114.4909147,-8.2679703],[114.4907982,-8.2676386],[114.4907607,-8.2674786],[114.4906986,-8.2672138],[114.4906097,-8.2669175],[114.4905527,-8.2667376],[114.4904497,-8.2665328],[114.4903083,-8.2662168],[114.4901977,-8.2660209]],[[114.4572347,-8.2291345],[114.4560818,-8.2285826],[114.455986,-8.2285262],[114.4557768,-8.2283343],[114.4555742,-8.2280556],[114.455415,-8.2277416],[114.4552449,-8.227291],[114.4549005,-8.2264747],[114.4548163,-8.2262351],[114.4546965,-8.2260086],[114.454352,-8.2251645],[114.4540301,-8.224494],[114.4537322,-8.2240215],[114.4521241,-8.2216724]],[[114.4574064,-8.2292221],[114.4572347,-8.2291345]],[[114.4727366,-8.244345],[114.4726494,-8.2442282]],[[114.4798873,-8.2528618],[114.4793684,-8.2522404],[114.4793177,-8.2521845],[114.479232,-8.2520839],[114.4786156,-8.2513508],[114.4784458,-8.2511433],[114.4774592,-8.2499619],[114.4772202,-8.2496562],[114.4763505,-8.2486572],[114.4758382,-8.2480185],[114.4735946,-8.2453557],[114.4730403,-8.244699],[114.4727366,-8.244345]],[[114.4799363,-8.2529162],[114.4798873,-8.2528618]],[[114.4820002,-8.2541486],[114.481624,-8.2541631],[114.4814734,-8.2541704],[114.4812432,-8.2541652],[114.4811603,-8.2541507],[114.4809858,-8.2540775],[114.480864,-8.2539766],[114.4805381,-8.2536194],[114.4801735,-8.2532091],[114.4799701,-8.2529615],[114.4799363,-8.2529162]],[[114.5035484,-8.2822931],[114.5035259,-8.2820978]],[[114.5084954,-8.2910479],[114.508019,-8.2907883],[114.5072304,-8.2903461],[114.5068073,-8.2900859],[114.5067141,-8.2900122],[114.5064848,-8.2898029],[114.5063947,-8.2896848],[114.5056167,-8.2884003],[114.5054375,-8.2881415],[114.5049797,-8.2873563],[114.5047805,-8.2870322],[114.5042456,-8.2861328],[114.5040903,-8.2857793],[114.5039025,-8.2852432],[114.5038396,-8.2844755],[114.5038314,-8.2842237],[114.5037456,-8.283717],[114.5036594,-8.2829355],[114.5036156,-8.2827246],[114.5035484,-8.2822931]],[[115.1716215,-8.561653],[115.1718856,-8.5615226],[115.1719576,-8.5615013],[115.1719891,-8.5614973],[115.1720234,-8.5614981],[115.1720461,-8.5615046],[115.172066,-8.561514]],[[115.1736969,-8.5646992],[115.1736024,-8.5646462],[115.1735378,-8.5646158],[115.1733865,-8.5645632]],[[115.1467153,-8.557477],[115.1462406,-8.5571608],[115.145967,-8.5569996],[115.1457397,-8.5568743],[115.1454675,-8.5567398],[115.1451355,-8.5565991],[115.1441245,-8.5561734],[115.1438995,-8.5560755],[115.1433653,-8.5558432],[115.1427239,-8.5555737],[115.1420311,-8.5552855],[115.1419103,-8.5552353],[115.1417559,-8.5551735],[115.141292,-8.5549785],[115.1410096,-8.5548545]],[[115.1469326,-8.5576282],[115.1467153,-8.557477]],[[115.1086396,-8.5330683],[115.1087665,-8.5331768]],[[115.1087665,-8.5331768],[115.1090495,-8.5334044],[115.109199,-8.533523]],[[115.1082274,-8.5326584],[115.1084039,-8.5328606]],[[115.1084039,-8.5328606],[115.1086396,-8.5330683]]]},"properties":{"segmentId":305,"segmentKey":"osm-denpasar-gilimanuk","roadName":"Jalan Raya Denpasar–Gilimanuk","functionalClass":1,"osmWayIds":[25200422,25201105,25201243,26602727,26602728,26603205,26603206,26603211,26603212,26603265,26603266,37621426,55789380,55789382,93488629,120113940,153352311,185683862,192616707,192616709,192616720,192616722,192616725,192616734,192616745,192616748,192616751,192616758,192647449,192647456,192989182,192989190,192989198,192989262,192989276,192989355,192989387,192989403,192989621,192989663,200945641,200945677,200945713,201167773,201167785,201167791,201167792,201167805,201167813,201167847,201167884,201167942,201167956,240380232,282438064,376698513,376698518,376698521,376698523,376698937,376698938,376698939,376699270,376699271,376699273,376699274,443501457,444483325,449234702,496563921,496563922,560666186,560666187,578398494,578398495,588327094,588327095,717152271,717152272,717277884,717277885,723801254,723801255,727375609,727681618,727681619,727687414,727687415,727842678,727842679,733598536,733598537,735473336,735473337,782610932,782610933,797290003,839164655,839164656,839164657,839164658,839164659,883999315,924741823,1117424128,1120421775,1120421776,1120422738,1120432422,1128242034,1136632517,1136632518,1136632523,1136646770,1136646771,1136646772,1154903689,1154903690,1159097198,1159097199,1159097200,1333744684,1333744685,1373670733,1443856496,1443856497,1449412997,1449412998,1449431710,1449431711,1449434711,1449434712,1449434713,1449434714,1449434715,1449434716,1449616379,1449616380,1489603637,1489603638,1490971611,1490971612,1534396827,1534396829,1534396830,1536624311],"source":"OpenStreetMap","importedAt":"2026-07-16T04:31:03.885Z"}},{"type":"Feature","id":"osm-raya-ubud","geometry":{"type":"MultiLineString","coordinates":[[[115.2624757,-8.5068724],[115.2632096,-8.5071932],[115.2635021,-8.5073256],[115.263598,-8.5073689]],[[115.2710786,-8.5091152],[115.2705328,-8.5090973],[115.2703995,-8.5090948],[115.2701628,-8.5090905],[115.2692139,-8.5090617],[115.2691076,-8.50906],[115.2683028,-8.5089515],[115.2677805,-8.5088685],[115.2676693,-8.508849],[115.267546,-8.5088273],[115.2674809,-8.5088161],[115.26708,-8.5087469],[115.2664925,-8.5086154],[115.2660894,-8.5084988],[115.2653402,-8.5081769]],[[115.2542475,-8.5048344],[115.2547529,-8.5049629]],[[115.2649462,-8.5079899],[115.2653402,-8.5081769]],[[115.2624757,-8.5068724],[115.2624086,-8.5068441]],[[115.2592263,-8.5055326],[115.258401,-8.5052413],[115.2582153,-8.5051798],[115.2579762,-8.5051181]],[[115.2615471,-8.5064813],[115.2613279,-8.5063861],[115.2610436,-8.506276],[115.2606607,-8.5061072],[115.2606297,-8.5060949],[115.2606025,-8.5060841]],[[115.2579762,-8.5051181],[115.2578326,-8.5050867],[115.2558767,-8.5046466],[115.2557269,-8.5046719],[115.2555093,-8.5048098],[115.2551537,-8.5050014],[115.2550947,-8.5050137],[115.2549285,-8.5049916],[115.254796,-8.5049739]],[[115.2606025,-8.5060841],[115.2603301,-8.5059759],[115.2601933,-8.5059216],[115.2601221,-8.5058934],[115.2601007,-8.5058787],[115.2592263,-8.5055326]],[[115.263598,-8.5073689],[115.2644858,-8.5077945],[115.2649462,-8.5079899]],[[115.2547529,-8.5049629],[115.254796,-8.5049739]],[[115.2542475,-8.5048344],[115.2541437,-8.5048061],[115.2540864,-8.5047758],[115.2540458,-8.5047523],[115.2537441,-8.5044929]],[[115.2624086,-8.5068441],[115.2615471,-8.5064813]]]},"properties":{"segmentId":306,"segmentKey":"osm-raya-ubud","roadName":"Jalan Raya Ubud","functionalClass":3,"osmWayIds":[27727764,128163153,192600518,554800471,664570731,665009074,665009075,665009077,700438672,704262775,1144805558,1223363627,1366117771],"source":"OpenStreetMap","importedAt":"2026-07-16T04:31:03.885Z"}},{"type":"Feature","id":"osm-ida-bagus-mantra","geometry":{"type":"MultiLineString","coordinates":[[[115.4157042,-8.5657897],[115.415545,-8.5658638],[115.415231,-8.5660098],[115.4137457,-8.5666592],[115.4127857,-8.5670827],[115.4118778,-8.5674676],[115.4109371,-8.5678555],[115.4103792,-8.5681049],[115.4099259,-8.5683177],[115.4090863,-8.5687096],[115.408501,-8.5689371],[115.4079026,-8.5691492],[115.4076519,-8.5692254],[115.4072871,-8.5693174],[115.406737,-8.5694236],[115.4066214,-8.5694443],[115.4064873,-8.5694655],[115.406386,-8.5694794],[115.4062787,-8.5694942],[115.4057454,-8.5695275],[115.405468,-8.5695358],[115.40521,-8.5695314],[115.4048322,-8.5695087],[115.404524,-8.5694818],[115.4026831,-8.5692677],[115.4021273,-8.5692149],[115.4012646,-8.5691155],[115.4003864,-8.5690152],[115.3997556,-8.5689309],[115.3995322,-8.5688659],[115.3992488,-8.5687842],[115.3981236,-8.568428],[115.3969338,-8.5680664],[115.396473,-8.567933],[115.3963619,-8.5678993],[115.3962412,-8.5678688],[115.3960573,-8.5678314],[115.3956698,-8.5677772],[115.3949884,-8.5677543]],[[115.2575009,-8.648419],[115.2574892,-8.6484827],[115.2574893,-8.6485544],[115.257493,-8.6486267],[115.2574919,-8.6487069],[115.257479,-8.6487856],[115.2574232,-8.6489263],[115.2573699,-8.649032],[115.257339,-8.6490887],[115.2572913,-8.6491381],[115.2571422,-8.6492673],[115.2570852,-8.6493012],[115.256976,-8.649341],[115.2567922,-8.6493811],[115.2563526,-8.6494024]],[[115.2575009,-8.648419],[115.2575174,-8.6484559],[115.2575275,-8.648496],[115.2575522,-8.6486168],[115.2575836,-8.6487868],[115.2576329,-8.6489642],[115.2576677,-8.6490477],[115.2577137,-8.6491228],[115.2578313,-8.6492256],[115.2579352,-8.6492813],[115.2580685,-8.649343],[115.2583007,-8.6493976],[115.2583864,-8.6494089],[115.2585655,-8.6494288],[115.2589498,-8.649435]],[[115.2767979,-8.6446087],[115.2769103,-8.6442868]],[[115.271832,-8.6479848],[115.2720188,-8.6479458],[115.2725393,-8.6477997],[115.2733663,-8.6475361],[115.2733827,-8.64753],[115.2737325,-8.6474005],[115.2740333,-8.6472643],[115.2740883,-8.6472397],[115.2746302,-8.6469733],[115.274757,-8.646911],[115.2753345,-8.6466186],[115.2755311,-8.6464807],[115.2756293,-8.6464067],[115.275904,-8.646164],[115.2761077,-8.6459238],[115.2763095,-8.6456366],[115.2763883,-8.6455095],[115.2764797,-8.6453623],[115.2766237,-8.6450733],[115.2766953,-8.6448823],[115.2767979,-8.6446087]],[[115.2778541,-8.6415617],[115.2778995,-8.6414424],[115.2780524,-8.6410195],[115.2781933,-8.6406327],[115.2782592,-8.6404503],[115.2783045,-8.6403225],[115.2783608,-8.6401742],[115.2785562,-8.6396837],[115.2786721,-8.6394443],[115.2787333,-8.6393396],[115.2788379,-8.6391666],[115.2789043,-8.6390463],[115.2789962,-8.6389023],[115.2791235,-8.6387242],[115.2793648,-8.638446],[115.2794956,-8.6383137],[115.2797359,-8.6380841],[115.2799292,-8.6379183],[115.2800885,-8.6378007],[115.2802434,-8.6376961],[115.2804827,-8.6375345],[115.2806841,-8.6374089],[115.2808473,-8.6373282],[115.2810733,-8.637244],[115.281385,-8.6371386],[115.2815808,-8.6370776],[115.2817525,-8.6370193],[115.2820061,-8.6369923],[115.2824937,-8.6368992],[115.2825263,-8.636892],[115.2827249,-8.6368551],[115.2827959,-8.6368419],[115.2830178,-8.6367985],[115.2833411,-8.6367353],[115.2835653,-8.6366969],[115.2838603,-8.6366425],[115.2854701,-8.6363707],[115.2858098,-8.6363179],[115.2858548,-8.6363109],[115.2858842,-8.636306],[115.2863953,-8.6361972],[115.2865906,-8.636139],[115.2868512,-8.6360612],[115.287209,-8.6359285],[115.2874627,-8.6358345],[115.2878844,-8.6356251],[115.2879357,-8.6355996],[115.2879965,-8.6355587],[115.2884601,-8.635247],[115.2885835,-8.6351504],[115.2888249,-8.6349614],[115.2888954,-8.6348928],[115.2890911,-8.6347024]],[[115.3125729,-8.6099899],[115.3117095,-8.6104837]],[[115.3116452,-8.6103826],[115.3125061,-8.6098911]],[[115.2770259,-8.6443498],[115.2769258,-8.6446334]],[[115.2769258,-8.6446334],[115.2767434,-8.6451361],[115.2765912,-8.6454348],[115.2764177,-8.6457041],[115.276401,-8.6457276],[115.2761238,-8.6461186],[115.2759296,-8.6463198],[115.2756634,-8.6465469],[115.2753652,-8.646747],[115.2748322,-8.6470145],[115.2746735,-8.6470919],[115.2742225,-8.6473118],[115.273832,-8.6474939],[115.2734711,-8.6476341],[115.2730137,-8.647796],[115.2725579,-8.6479418],[115.2719502,-8.6480991],[115.269884,-8.6483933],[115.2695618,-8.6484406],[115.2693498,-8.6484712],[115.2691244,-8.6484911],[115.2683279,-8.6485636],[115.2682708,-8.6485707],[115.2673024,-8.6486977]],[[115.3072964,-8.6130875],[115.3072168,-8.6131361],[115.3067744,-8.6133879],[115.3062009,-8.6137678],[115.3056492,-8.6142079],[115.3053736,-8.6144563],[115.3051142,-8.61469],[115.3046894,-8.6151436],[115.3045674,-8.6152875],[115.3043794,-8.6155093],[115.3041338,-8.615818]],[[115.3125061,-8.6098911],[115.3132764,-8.6094262],[115.3133695,-8.609371],[115.3134897,-8.6092999],[115.3142293,-8.6088634],[115.3147622,-8.6085593]],[[115.3013933,-8.6191138],[115.3017262,-8.6186942]],[[115.3018139,-8.6187757],[115.3012706,-8.6194632]],[[115.2826881,-8.6369877],[115.2824884,-8.6370224],[115.2820033,-8.6371068],[115.2818146,-8.6371409],[115.2817331,-8.6371565],[115.2810672,-8.6373812],[115.280858,-8.6374555],[115.2806488,-8.6375616],[115.2803484,-8.6377525],[115.2802361,-8.6378321],[115.2800681,-8.6379514],[115.2797998,-8.6381927],[115.2795544,-8.6384075],[115.2792791,-8.6387043],[115.2790739,-8.6389825],[115.2789728,-8.6391254],[115.2787574,-8.6395194],[115.2786183,-8.6398123],[115.2784587,-8.6402116],[115.2783058,-8.6406485],[115.2780251,-8.6414641],[115.2779678,-8.6416225],[115.2779556,-8.6416586]],[[115.3040344,-8.6157289],[115.3046193,-8.6150302],[115.3048312,-8.6147995],[115.3049558,-8.6146639],[115.3050963,-8.6145279],[115.3052403,-8.6143884],[115.3055917,-8.614074],[115.3060161,-8.613733]],[[115.3796896,-8.5680434],[115.3796998,-8.5680439]],[[115.3590787,-8.5765881],[115.3594534,-8.5762829]],[[115.3943292,-8.5676098],[115.3949797,-8.5676133]],[[115.3704866,-8.568794],[115.3711047,-8.568707],[115.3713589,-8.5686712]],[[115.4228437,-8.5604196],[115.4253419,-8.5592424]],[[115.4253419,-8.5592424],[115.4254312,-8.5591992],[115.4265451,-8.5586614],[115.4279852,-8.5579896],[115.4284941,-8.5577482],[115.4290041,-8.5574919]],[[115.3594534,-8.5762829],[115.3596272,-8.5761306],[115.3596559,-8.5761068],[115.3608389,-8.5751253],[115.3624379,-8.5738083],[115.3625847,-8.5736757],[115.3642061,-8.5723199],[115.3647956,-8.5718399],[115.3649482,-8.5717141],[115.3652967,-8.5714308],[115.3659295,-8.5709035],[115.3665172,-8.5704256],[115.3667668,-8.5702445],[115.3671015,-8.5700247],[115.367692,-8.569689],[115.3682839,-8.5694138],[115.3686969,-8.5692574],[115.3689722,-8.5691695],[115.3696418,-8.5689775],[115.3703512,-8.5688191],[115.3704866,-8.568794]],[[115.3713589,-8.5686712],[115.3716614,-8.568625],[115.3717122,-8.5686173],[115.3721504,-8.5685528],[115.3726405,-8.5684746],[115.3731022,-8.5684008],[115.3732598,-8.5683739],[115.3733844,-8.568348],[115.3735176,-8.5683249],[115.3740526,-8.5682323],[115.3747481,-8.5681093],[115.374907,-8.5680929],[115.3756813,-8.5680405],[115.3764576,-8.5680085],[115.3768329,-8.5679976],[115.3776365,-8.5679752],[115.378002,-8.5679689],[115.3790061,-8.5679943],[115.3796896,-8.5680434]],[[115.3800971,-8.5680647],[115.3801566,-8.5680684],[115.3810642,-8.5681313],[115.3810758,-8.5681323],[115.3817441,-8.568188],[115.3821648,-8.5682122],[115.3827941,-8.5682559],[115.383038,-8.5682736],[115.3834699,-8.568308],[115.3837394,-8.568321],[115.3839597,-8.5683184],[115.3841686,-8.5683024],[115.3843747,-8.5682801],[115.3845848,-8.568254],[115.3848567,-8.5682129],[115.3849974,-8.5681785],[115.3851244,-8.56814],[115.385956,-8.5678559],[115.3861967,-8.567764],[115.3864545,-8.5676777],[115.386588,-8.5676487],[115.3867288,-8.5676145],[115.3869036,-8.5675755],[115.3871492,-8.5675399],[115.3874677,-8.5675133],[115.3878191,-8.5675029],[115.3880296,-8.5675028]],[[115.3796269,-8.5681666],[115.3786946,-8.5681054],[115.3783549,-8.5680964],[115.3781117,-8.5680883],[115.3777847,-8.5680925],[115.3764366,-8.5681388],[115.3760068,-8.5681545],[115.3753796,-8.5681795],[115.3751551,-8.568195],[115.3749177,-8.5682176],[115.3747607,-8.5682384],[115.374402,-8.5682828],[115.3743699,-8.5682879],[115.373797,-8.5683784],[115.3736648,-8.5684044],[115.3735111,-8.5684347],[115.3733849,-8.5684596],[115.3732639,-8.5684812],[115.373191,-8.5684942],[115.3726769,-8.5685858],[115.3722291,-8.5686498],[115.3716859,-8.5687329],[115.3714137,-8.5687746]],[[115.3704987,-8.5689152],[115.3699663,-8.5690239],[115.3694987,-8.5691449],[115.3689982,-8.5693066],[115.3689239,-8.5693351],[115.3685662,-8.5694628],[115.3682709,-8.5695768],[115.3676548,-8.5698725],[115.3671335,-8.5701603],[115.3665651,-8.570558],[115.36531,-8.5715601],[115.3649037,-8.5719111],[115.3633202,-8.5732521],[115.3632798,-8.5732791],[115.3629056,-8.5735716],[115.3628218,-8.5736357],[115.3612411,-8.5749542],[115.3609108,-8.575224],[115.35955,-8.5763754]],[[115.3880128,-8.5676284],[115.387592,-8.5676261],[115.3872002,-8.567649],[115.3869975,-8.5676731],[115.3868157,-8.5677106],[115.38649,-8.567791],[115.3862147,-8.5678872],[115.3856783,-8.5680882],[115.385436,-8.5681718],[115.3851955,-8.5682476],[115.384849,-8.5683441],[115.3847642,-8.5683595],[115.3846543,-8.5683824],[115.3843691,-8.5684211],[115.3842583,-8.5684333],[115.3841112,-8.5684395],[115.3838702,-8.5684412],[115.3836898,-8.5684362],[115.383191,-8.5684059],[115.3827223,-8.5683777],[115.3824106,-8.5683573],[115.3814657,-8.568302],[115.3810794,-8.5682717],[115.3801104,-8.5681999]],[[115.3497857,-8.5834389],[115.3502865,-8.5830918]],[[115.3949884,-8.5677543],[115.3943342,-8.5677475]],[[115.35955,-8.5763754],[115.3592696,-8.5766155]],[[115.3503417,-8.5832072],[115.3497947,-8.5835982]],[[115.3801104,-8.5681999],[115.3796374,-8.5681673]],[[115.3714137,-8.5687746],[115.3711219,-8.5688194],[115.3704987,-8.5689152]],[[115.4335069,-8.5541371],[115.4336238,-8.5540636],[115.4347265,-8.5531708],[115.4350291,-8.5529071],[115.4353407,-8.5526721],[115.4356091,-8.5525085],[115.435941,-8.5523552],[115.4362631,-8.5522399],[115.4365865,-8.5521654],[115.4369705,-8.552107],[115.4372771,-8.5520909],[115.4375165,-8.5520922],[115.4378299,-8.5521242],[115.4382685,-8.5522075],[115.4388481,-8.5524084],[115.4401246,-8.5528681],[115.4447865,-8.5545197],[115.4455249,-8.5547901],[115.4457798,-8.5548783],[115.4465439,-8.5551426],[115.4470502,-8.5552715],[115.4473638,-8.5553551],[115.4474138,-8.5553684],[115.4477558,-8.5554241],[115.4483579,-8.5554792],[115.4486074,-8.5554957],[115.4489019,-8.5555016],[115.4494292,-8.5554997],[115.4496481,-8.5554968],[115.450306,-8.555488],[115.4505493,-8.5554758],[115.4511528,-8.555444],[115.4519118,-8.5553936],[115.4526376,-8.5553468],[115.4538299,-8.5552708],[115.4541723,-8.5552583],[115.455617,-8.555171],[115.4570684,-8.5550968],[115.4580848,-8.5550492],[115.4582059,-8.5550434],[115.4585302,-8.555021]],[[115.3434783,-8.5896186],[115.3433748,-8.5897082],[115.3428725,-8.5901712],[115.3417687,-8.5911772],[115.3414971,-8.5914423],[115.3414243,-8.5915071],[115.3404892,-8.5923372],[115.3397641,-8.5929946],[115.3393735,-8.5933194],[115.3393228,-8.5933616],[115.3388737,-8.5936956],[115.3385577,-8.5938973],[115.3381549,-8.5941127],[115.3378093,-8.5942571],[115.3374925,-8.5943884],[115.336856,-8.5946106],[115.336214,-8.5948361],[115.3357223,-8.5950233],[115.3350513,-8.5952633],[115.3344755,-8.5954693],[115.3332928,-8.5959141],[115.3328678,-8.5961102],[115.3327407,-8.5961689],[115.3323305,-8.5963957],[115.3318985,-8.5966608],[115.3314069,-8.5970092],[115.3304943,-8.5977441],[115.3303939,-8.5978201]],[[115.4290041,-8.5574919],[115.4294403,-8.5573405],[115.4299472,-8.5570527],[115.4303576,-8.5567821],[115.43078,-8.5564836],[115.4311033,-8.5562291],[115.4314808,-8.5559055],[115.4331157,-8.5545295],[115.4332431,-8.5544178],[115.4332822,-8.5543619]],[[115.3949797,-8.5676133],[115.3956373,-8.5676412],[115.3957072,-8.5676442],[115.396048,-8.5676939],[115.3962801,-8.5677481],[115.3965041,-8.5678091],[115.3969142,-8.567927],[115.3981514,-8.5683015],[115.3983242,-8.5683538],[115.3989439,-8.5685471],[115.3991254,-8.5686037],[115.399569,-8.5687294],[115.3997856,-8.5687882],[115.4000226,-8.5688319],[115.4004122,-8.5688855],[115.4008241,-8.5689353],[115.4011903,-8.568972],[115.4018726,-8.5690469],[115.4024741,-8.5691151],[115.4028863,-8.5691582],[115.4038507,-8.5692718],[115.4044098,-8.5693414],[115.4048738,-8.5693879],[115.4054238,-8.569431],[115.4057402,-8.5694284],[115.4060286,-8.5694151],[115.40649,-8.5693753],[115.4070023,-8.5692719],[115.4076326,-8.569118],[115.4081985,-8.5689377],[115.4085875,-8.5687918],[115.4097167,-8.5683011],[115.4099018,-8.5682163],[115.4110765,-8.5677017],[115.4121736,-8.5672349],[115.4127392,-8.5669833],[115.4137343,-8.5665271],[115.4150489,-8.5659226],[115.4154891,-8.5657209],[115.4156401,-8.5656517]],[[115.3502865,-8.5830918],[115.3510008,-8.5825863],[115.3511676,-8.5824771],[115.352101,-8.5818661],[115.3522691,-8.5817373],[115.3524086,-8.5816445],[115.3526517,-8.5814923],[115.3528459,-8.5813596],[115.353976,-8.5806228],[115.3544626,-8.5803055],[115.3548172,-8.5800293],[115.3549512,-8.5799386],[115.3550285,-8.5798829],[115.3550743,-8.5798499],[115.3556198,-8.579457],[115.3565055,-8.5787702],[115.3585142,-8.5770551],[115.3590787,-8.5765881]],[[115.3592696,-8.5766155],[115.3587751,-8.5770194],[115.3571126,-8.5784298],[115.3561356,-8.5792362],[115.3556634,-8.5796038],[115.3551832,-8.5799452],[115.3551024,-8.579999],[115.3550148,-8.5800572],[115.3548661,-8.5801595],[115.3545629,-8.5803661],[115.3533357,-8.581186],[115.3520662,-8.5820446],[115.351872,-8.5821766],[115.3515481,-8.5824112],[115.3512841,-8.5825763],[115.3512547,-8.5825963],[115.3506873,-8.5829759],[115.3503417,-8.5832072]],[[115.4334151,-8.5544789],[115.4333346,-8.5545124],[115.433279,-8.5545426],[115.4332286,-8.5545807],[115.4331745,-8.5546216],[115.4329982,-8.5547597],[115.4324953,-8.5551801],[115.4318382,-8.5557384],[115.4315968,-8.555948],[115.4313105,-8.5562112],[115.4310308,-8.5564333],[115.4306679,-8.5567255],[115.4303576,-8.5569399],[115.4300532,-8.5571375],[115.4297005,-8.5573285],[115.4294591,-8.5574558],[115.4291627,-8.5575938],[115.4273736,-8.5584478],[115.4254371,-8.5593297]],[[115.4585724,-8.5551497],[115.4584769,-8.5551605],[115.4582226,-8.5551731],[115.4581009,-8.5551783],[115.4578933,-8.5552006],[115.4576735,-8.5552113],[115.4566838,-8.5553179],[115.4556527,-8.5553816],[115.4548675,-8.5554217],[115.4542426,-8.5554572],[115.4538922,-8.5554784],[115.4535517,-8.5554949],[115.452986,-8.5555291],[115.4521908,-8.555509],[115.4515605,-8.5555594],[115.4511447,-8.555574],[115.4505908,-8.5556164],[115.4500785,-8.5556469],[115.4496628,-8.5556655],[115.4492632,-8.5556761],[115.4490794,-8.5556774],[115.4487213,-8.5556668],[115.4482198,-8.5556231],[115.4480655,-8.5555992],[115.4475935,-8.5555369],[115.4474218,-8.5555024],[115.4473326,-8.5554837],[115.4470222,-8.5554188],[115.4464535,-8.555269],[115.4458608,-8.5550767],[115.4452653,-8.5548645],[115.444297,-8.554521],[115.4435058,-8.5542266],[115.4427856,-8.5539746],[115.4425576,-8.5538884],[115.4421137,-8.5537438],[115.4415961,-8.553525],[115.4408289,-8.5532691],[115.4403663,-8.5531179],[115.4395643,-8.5528487],[115.4387543,-8.5525357],[115.4382768,-8.5523872],[115.4379362,-8.5523049],[115.43768,-8.5522665],[115.4373997,-8.5522532],[115.4370336,-8.5522585],[115.4369719,-8.5522572],[115.4368848,-8.5522691],[115.4365669,-8.5523129],[115.436233,-8.5523938],[115.4360989,-8.5524415],[115.435899,-8.5525344],[115.4356228,-8.5526816],[115.4353707,-8.55285],[115.4351199,-8.5530423],[115.4344413,-8.5535993],[115.4340403,-8.5538924],[115.4337224,-8.5541688],[115.4336259,-8.5542633]],[[115.3198921,-8.6055897],[115.3201653,-8.6054235],[115.3202085,-8.6053972]],[[115.3204385,-8.6054238],[115.3199471,-8.6057352]],[[115.3326778,-8.596049],[115.3328071,-8.5959877],[115.3329033,-8.5959443],[115.3332917,-8.5957715],[115.3344997,-8.5953267],[115.3350426,-8.5951278],[115.335523,-8.5949619],[115.3361574,-8.5947293],[115.3367133,-8.5945254],[115.3374302,-8.5942571],[115.337583,-8.5942056],[115.3378737,-8.5940803],[115.3381198,-8.5939782],[115.3382335,-8.5939161],[115.3388347,-8.5935591],[115.3391965,-8.5933018],[115.3393241,-8.5932025],[115.3394151,-8.5931289],[115.3396971,-8.5929006],[115.3413935,-8.591339],[115.3419516,-8.5908629],[115.3424939,-8.5903728],[115.343082,-8.5898047]],[[115.3153193,-8.6083913],[115.3146407,-8.6087895],[115.3146161,-8.608804],[115.3143136,-8.6089699],[115.3140354,-8.6091393],[115.3128849,-8.609791],[115.3128324,-8.6098245]],[[115.4580662,-8.5554692],[115.4580112,-8.5553817],[115.4579703,-8.5553253],[115.4579052,-8.5552769],[115.4578797,-8.5552663],[115.457804,-8.5552378],[115.4576735,-8.5552113]],[[115.458012,-8.555613],[115.4580662,-8.5554692],[115.4580963,-8.5553694],[115.4581009,-8.5551783]],[[115.4582059,-8.5550434],[115.4582226,-8.5551731],[115.4582056,-8.5553157],[115.4581788,-8.5554026],[115.4581275,-8.5554765],[115.458012,-8.555613]],[[115.4254371,-8.5593297],[115.4228809,-8.5605246]],[[115.2982467,-8.6233371],[115.2981027,-8.6235021]],[[115.3012706,-8.6194632],[115.3009586,-8.6198559],[115.3004197,-8.6205471],[115.2993054,-8.6219764],[115.2988681,-8.6225624],[115.2983032,-8.6232535],[115.2982467,-8.6233371]],[[115.2981676,-8.6232297],[115.2983966,-8.6229322],[115.2984841,-8.6228185],[115.2985265,-8.6227629],[115.2986405,-8.6226126],[115.2986881,-8.6225498],[115.2987094,-8.6225315],[115.2991918,-8.6219151],[115.2998245,-8.6211106],[115.2999106,-8.6210012],[115.3001301,-8.6207222],[115.3003684,-8.6204192],[115.3007969,-8.6198744],[115.3009985,-8.6196137],[115.3013933,-8.6191138]],[[115.2980027,-8.6234352],[115.2981676,-8.6232297]],[[115.3039162,-8.6160949],[115.3038626,-8.616165],[115.3036615,-8.6164179],[115.3034928,-8.61663],[115.303265,-8.61693],[115.3027483,-8.6175802],[115.3027075,-8.6176322],[115.3022509,-8.6182185],[115.3018139,-8.6187757]],[[115.3041338,-8.615818],[115.3039162,-8.6160949]],[[115.3038486,-8.6159665],[115.3040344,-8.6157289]],[[115.3017262,-8.6186942],[115.3018711,-8.6184995],[115.3022423,-8.618032],[115.3026207,-8.6175396],[115.3029167,-8.6171512],[115.3030654,-8.6169786],[115.3038486,-8.6159665]],[[115.3880296,-8.5675028],[115.3890052,-8.5675195]],[[115.3890052,-8.5675195],[115.3905315,-8.5675341],[115.391453,-8.5675405],[115.3917043,-8.5675423],[115.3921995,-8.5675627],[115.3943292,-8.5676098]],[[115.3890114,-8.5676466],[115.3880128,-8.5676284]],[[115.3943342,-8.5677475],[115.3929899,-8.5677261],[115.3921935,-8.5676931],[115.3908845,-8.56766],[115.3905325,-8.5676668],[115.3890114,-8.5676466]],[[115.4585302,-8.555021],[115.4592898,-8.5549783]],[[115.4592898,-8.5549783],[115.4599508,-8.55493],[115.4602436,-8.5549109]],[[115.2907521,-8.6326945],[115.2910489,-8.6323109],[115.2911117,-8.6322277],[115.2913711,-8.6318911],[115.2916685,-8.6315196],[115.2917504,-8.6314173]],[[115.2902558,-8.6333321],[115.2904036,-8.6331344]],[[115.2905327,-8.6331284],[115.2903356,-8.6333936]],[[115.2918544,-8.6314763],[115.2917789,-8.6315718],[115.2916042,-8.6317925],[115.2912334,-8.6322507],[115.2910852,-8.6324257],[115.2908271,-8.6327592]],[[115.2922279,-8.630818],[115.2922723,-8.6307583],[115.2926121,-8.6303014],[115.2929317,-8.6299018],[115.2931437,-8.6296178],[115.2932225,-8.62952],[115.2938358,-8.6287608],[115.2944729,-8.6279361],[115.2945843,-8.627807],[115.2947148,-8.6276335],[115.2949739,-8.6273196],[115.2951184,-8.6271395],[115.2957732,-8.6262999],[115.2959856,-8.6260282],[115.2962682,-8.6256647],[115.2966575,-8.6251685],[115.2968511,-8.6249085],[115.2969969,-8.6246902],[115.2972689,-8.6243799],[115.2974794,-8.6241047]],[[115.2917504,-8.6314173],[115.2919685,-8.6311275],[115.2922279,-8.630818]],[[115.2920508,-8.6312237],[115.2918544,-8.6314763]],[[115.2975746,-8.6241908],[115.2974537,-8.624347],[115.296968,-8.6249822],[115.2968998,-8.6250701],[115.2963899,-8.6257117],[115.2960002,-8.626245],[115.2948146,-8.6277116],[115.2947467,-8.6277934],[115.2946848,-8.6278723],[115.2942038,-8.6284854],[115.2937001,-8.6291408],[115.2934245,-8.6294878],[115.2933351,-8.6296004],[115.2932412,-8.6297187],[115.2931061,-8.6298994],[115.2925792,-8.6305462],[115.2924398,-8.6307186],[115.2920864,-8.6311775],[115.2920508,-8.6312237]],[[115.3269786,-8.6004665],[115.3273648,-8.6001501]],[[115.3248194,-8.6022195],[115.3248615,-8.6021827],[115.3250081,-8.6020669],[115.3252209,-8.6018987],[115.3254377,-8.60172],[115.3259808,-8.6012595],[115.3260625,-8.6011981],[115.3262726,-8.60104],[115.3269786,-8.6004665]],[[115.3269893,-8.6006654],[115.3257501,-8.6016493],[115.3248435,-8.6023946]],[[115.3273825,-8.6003342],[115.3269893,-8.6006654]],[[115.3300225,-8.5979763],[115.3302857,-8.5977561]],[[115.3273648,-8.6001501],[115.3274573,-8.6000779],[115.3278518,-8.5997464],[115.3282162,-8.5994298],[115.3284468,-8.599248],[115.3286127,-8.5991132],[115.3288252,-8.5989405],[115.3293903,-8.5984916],[115.3297619,-8.5981781],[115.3300225,-8.5979763]],[[115.3300872,-8.5980823],[115.3299081,-8.5982216],[115.3294659,-8.5985785],[115.3287786,-8.5991474],[115.3286458,-8.5992616],[115.3278394,-8.5999549],[115.3276292,-8.6001319],[115.3273825,-8.6003342]],[[115.3303939,-8.5978201],[115.3300872,-8.5980823]],[[115.3246357,-8.6023574],[115.3248194,-8.6022195]],[[115.32172,-8.6044733],[115.3221519,-8.6042046],[115.3230129,-8.6036358],[115.3231055,-8.6035707]],[[115.3248435,-8.6023946],[115.3246477,-8.6025431]],[[115.3237338,-8.6032631],[115.3231721,-8.603709],[115.3226364,-8.604058],[115.3223161,-8.604248]],[[115.3481764,-8.5846803],[115.3483078,-8.5845614],[115.3483528,-8.584528],[115.3493203,-8.5837765],[115.3497857,-8.5834389]],[[115.3497947,-8.5835982],[115.3497136,-8.5836574],[115.3493794,-8.5839017],[115.3486397,-8.5844505],[115.3482638,-8.5847748]],[[115.3207714,-8.6052108],[115.3206676,-8.6052775],[115.3204385,-8.6054238]],[[115.3202085,-8.6053972],[115.320272,-8.6053511],[115.3204641,-8.6052229],[115.3215296,-8.6045703]],[[115.2981027,-8.6235021],[115.2980322,-8.6235877],[115.2975746,-8.6241908]],[[115.2974794,-8.6241047],[115.2975896,-8.6239629],[115.2977635,-8.6237412],[115.2980027,-8.6234352]],[[115.4584769,-8.5551605],[115.4583399,-8.5552714],[115.4581788,-8.5554026]],[[115.4581009,-8.5551783],[115.4580848,-8.5550492]],[[115.3231055,-8.6035707],[115.3240365,-8.6028541],[115.324532,-8.602443],[115.3246357,-8.6023574]],[[115.3246477,-8.6025431],[115.3237338,-8.6032631]],[[115.2904036,-8.6331344],[115.2905705,-8.6329249],[115.2906105,-8.6328733],[115.2907521,-8.6326945]],[[115.2908271,-8.6327592],[115.2906363,-8.632992],[115.2906008,-8.6330337],[115.2905327,-8.6331284]],[[115.2589498,-8.649435],[115.2591112,-8.6494369],[115.2594151,-8.64944],[115.2597015,-8.6494458],[115.260032,-8.64945],[115.2603989,-8.6494352],[115.2607743,-8.6494209],[115.2611562,-8.6493929],[115.2614614,-8.6493604],[115.261813,-8.6493029],[115.2621248,-8.649255],[115.2623769,-8.649208],[115.2626299,-8.6491732],[115.2628156,-8.6491487],[115.2629087,-8.6491326]],[[115.2651786,-8.6489645],[115.2650611,-8.648981],[115.2646087,-8.6490443],[115.2643616,-8.6490783],[115.2639823,-8.6491394],[115.2630372,-8.649264],[115.2629223,-8.649277]],[[115.2629223,-8.649277],[115.2628363,-8.6492867],[115.262462,-8.6493313],[115.2621362,-8.6493844],[115.261813,-8.6494321],[115.2616413,-8.6494573],[115.2614562,-8.6494904],[115.2612725,-8.6495103],[115.2610525,-8.6495329],[115.2605711,-8.6495594],[115.2602653,-8.6495793],[115.2599287,-8.6495846],[115.2596551,-8.64957],[115.2594794,-8.6495581],[115.2592811,-8.6495467],[115.2592087,-8.6495367],[115.2591762,-8.6495332],[115.2590004,-8.6495262],[115.2587501,-8.6495183],[115.2584799,-8.6495083],[115.2581074,-8.6494944],[115.2576906,-8.6494785],[115.2571769,-8.6494496],[115.2571528,-8.6494507],[115.2569159,-8.649439],[115.2563526,-8.6494024]],[[115.2769103,-8.6442868],[115.2770519,-8.6438794],[115.2772663,-8.6431759],[115.2773211,-8.6430178],[115.2774636,-8.6426145],[115.2776073,-8.6422107]],[[115.2629087,-8.6491326],[115.2630133,-8.6491155],[115.2632379,-8.6490841],[115.2636539,-8.6490302],[115.264123,-8.6489674],[115.2645334,-8.648909],[115.2649503,-8.6488543],[115.2653724,-8.648799],[115.2658658,-8.6487347],[115.2663312,-8.6486748],[115.2667203,-8.6486288],[115.2672192,-8.6485813],[115.2675746,-8.6485358],[115.2682465,-8.6484477],[115.2684535,-8.6484205],[115.2691056,-8.6483541],[115.269353,-8.6483286],[115.269541,-8.648306],[115.2710197,-8.6481223],[115.271493,-8.6480453],[115.2716178,-8.6480254],[115.271832,-8.6479848]],[[115.2673024,-8.6486977],[115.266531,-8.6487771],[115.2663774,-8.648791],[115.2662473,-8.6488083],[115.2660167,-8.6488454],[115.2659057,-8.648861],[115.2651786,-8.6489645]],[[115.2890911,-8.6347024],[115.2891622,-8.6346332],[115.2893929,-8.6343812],[115.2895701,-8.6341875],[115.2896166,-8.6341283],[115.2902558,-8.6333321]],[[115.2903356,-8.6333936],[115.2902901,-8.633451],[115.2901899,-8.6335777],[115.2896667,-8.6342974],[115.2891827,-8.6347803]],[[115.3796374,-8.5681673],[115.3796269,-8.5681666]],[[115.3796998,-8.5680439],[115.3800971,-8.5680647]],[[115.307748,-8.6126663],[115.3088124,-8.6120432],[115.3089371,-8.6119702]],[[115.3060161,-8.613733],[115.3065729,-8.6133606],[115.3068726,-8.6131827],[115.3069558,-8.6131333]],[[115.3072375,-8.6129681],[115.3073446,-8.6129016],[115.3074468,-8.612847]],[[115.3089371,-8.6119702],[115.3095565,-8.6116076],[115.3100816,-8.6113002],[115.3109294,-8.610804],[115.3116452,-8.6103826]],[[115.277906,-8.6418057],[115.2777834,-8.6421591],[115.2772674,-8.6436514],[115.2771729,-8.6439246],[115.2770259,-8.6443498]],[[115.2779556,-8.6416586],[115.2779282,-8.6417405],[115.277906,-8.6418057]],[[115.2776073,-8.6422107],[115.2776445,-8.6421128],[115.2777979,-8.6417094]],[[115.2777979,-8.6417094],[115.2778541,-8.6415617]],[[115.3436579,-8.5893016],[115.3437734,-8.5891975]],[[115.3438777,-8.5890991],[115.3447661,-8.5882897],[115.3448526,-8.588214],[115.345374,-8.5877324],[115.3458508,-8.5872447],[115.3462499,-8.5867897],[115.3466333,-8.5863429],[115.3467156,-8.5862373],[115.3469435,-8.5859697],[115.3473538,-8.5855079],[115.3476754,-8.585152],[115.3477469,-8.5850729],[115.348085,-8.584774]],[[115.3439462,-8.5891892],[115.3438299,-8.589289]],[[115.3481571,-8.5848641],[115.3480713,-8.5849409],[115.3477585,-8.5852502],[115.3474128,-8.5856134],[115.3466876,-8.5864542],[115.3458193,-8.5874355],[115.3451576,-8.5880989],[115.3447761,-8.5884707],[115.3441596,-8.5890157]],[[115.32173,-8.6046067],[115.3216702,-8.604641]],[[115.3216702,-8.604641],[115.321593,-8.604683]],[[115.3215296,-8.6045703],[115.3216389,-8.6045074]],[[115.3216389,-8.6045074],[115.32172,-8.6044733]],[[115.3156262,-8.6082176],[115.3154863,-8.608303]],[[115.3199471,-8.6057352],[115.3185812,-8.6065462],[115.3183881,-8.6066482],[115.3166834,-8.6076192],[115.3164249,-8.6077666],[115.316071,-8.6079685]],[[115.3154716,-8.6081529],[115.3156002,-8.6080821]],[[115.3169343,-8.6073057],[115.3175648,-8.6069297],[115.3185701,-8.6063522],[115.3198921,-8.6055897]],[[115.3074468,-8.612847],[115.307748,-8.6126663]],[[115.3069558,-8.6131333],[115.3072375,-8.6129681]],[[115.307507,-8.6129643],[115.3073954,-8.6130302],[115.3072964,-8.6130875]],[[115.3117095,-8.6104837],[115.3109643,-8.6109289],[115.3108517,-8.6109953],[115.3095693,-8.6117503],[115.3093696,-8.6118679],[115.3091133,-8.6120188],[115.3085504,-8.6123502],[115.30796,-8.6126978],[115.307624,-8.6128957],[115.307507,-8.6129643]],[[115.4228809,-8.5605246],[115.4220468,-8.560933],[115.4214996,-8.5611929],[115.4213307,-8.5612726],[115.4210865,-8.5614028],[115.4208827,-8.5615272],[115.4206311,-8.5617061],[115.4205521,-8.5617777],[115.420377,-8.5619144],[115.4195711,-8.5626517],[115.419001,-8.5631624],[115.4187041,-8.5634225],[115.4183856,-8.563718],[115.417698,-8.5643654],[115.4171177,-8.5648747],[115.4167459,-8.5651892],[115.4162979,-8.5654792],[115.416243,-8.565511],[115.4159808,-8.5656625],[115.4157042,-8.5657897]],[[115.4156401,-8.5656517],[115.4159222,-8.5655152],[115.416161,-8.565371],[115.4162196,-8.5653357],[115.4164873,-8.5651451],[115.4166654,-8.5650301],[115.4167747,-8.5649421],[115.4170066,-8.5647554],[115.4171602,-8.5646272],[115.4176085,-8.5642529],[115.418185,-8.563743],[115.4182828,-8.5636565],[115.4188734,-8.5631056],[115.4194635,-8.5625805],[115.4201447,-8.5619413],[115.4203711,-8.5617412],[115.4205341,-8.5615938],[115.4208956,-8.5613692],[115.4213042,-8.5611503],[115.4215774,-8.5610206],[115.4218707,-8.5608894],[115.4223797,-8.5606344],[115.4228437,-8.5604196]],[[115.3156002,-8.6080821],[115.3157665,-8.6079945],[115.316279,-8.6076854],[115.3169343,-8.6073057]],[[115.3153137,-8.6082401],[115.3154716,-8.6081529]],[[115.3154863,-8.608303],[115.3153193,-8.6083913]],[[115.316071,-8.6079685],[115.3156262,-8.6082176]],[[115.3147622,-8.6085593],[115.3153137,-8.6082401]],[[115.3128324,-8.6098245],[115.3125729,-8.6099899]],[[115.3223161,-8.604248],[115.3221747,-8.6043319],[115.32173,-8.6046067]],[[115.321593,-8.604683],[115.3207714,-8.6052108]],[[115.2827668,-8.6369728],[115.2826881,-8.6369877]],[[115.2835953,-8.6368316],[115.2830977,-8.6369124],[115.2830295,-8.6369242],[115.2829944,-8.6369304],[115.2827668,-8.6369728]],[[115.2891827,-8.6347803],[115.2889984,-8.6349641],[115.2889079,-8.6350543],[115.2885211,-8.6353738],[115.2881048,-8.6356553],[115.2879514,-8.6357375],[115.2879349,-8.6357464],[115.2875654,-8.6359445],[115.2869533,-8.6361813],[115.2864496,-8.6363371],[115.2858895,-8.6364336],[115.2858285,-8.6364434],[115.2835953,-8.6368316]],[[115.3325259,-8.5961375],[115.3326778,-8.596049]],[[115.3302857,-8.5977561],[115.3303932,-8.5976679],[115.3306967,-8.5974108],[115.3313338,-8.5968968],[115.3315025,-8.5967727],[115.3320344,-8.596424],[115.3325259,-8.5961375]],[[115.3441596,-8.5890157],[115.3439462,-8.5891892]],[[115.343082,-8.5898047],[115.3436579,-8.5893016]],[[115.3437734,-8.5891975],[115.3438777,-8.5890991]],[[115.3438299,-8.589289],[115.34372,-8.5893822]],[[115.3481226,-8.5847376],[115.3481764,-8.5846803]],[[115.348085,-8.584774],[115.3481226,-8.5847376]],[[115.3482638,-8.5847748],[115.3482117,-8.5848184]],[[115.3482117,-8.5848184],[115.348181,-8.5848441],[115.3481571,-8.5848641]],[[115.34372,-8.5893822],[115.3436863,-8.5894147],[115.3434783,-8.5896186]]]},"properties":{"segmentId":307,"segmentKey":"osm-ida-bagus-mantra","roadName":"Jalan Ida Bagus Mantra","functionalClass":1,"osmWayIds":[25132045,25132372,25132394,93746077,93746083,93746098,186633471,186633472,186633473,186633474,186633475,186633476,186634757,186634758,186634759,186634760,192647433,192647434,192647435,192647436,192647437,192647438,192647439,192647440,192647441,216865038,216865039,216865041,216865042,216865043,216865044,216865045,216865046,216865047,216865048,216865049,216865050,216865051,216865052,216865053,216865056,216865067,225551618,225551619,225551620,225551621,529966429,529966432,529966434,556691273,584848499,584848500,584848501,584848502,584857456,584857457,584857458,584857459,585003844,585003845,585003846,585003847,585085694,585085695,585602049,585602051,585602052,585602053,585602058,585602059,585602060,585602061,722386535,722386536,722386537,722386538,722386544,722386545,722386546,722386547,722386549,722386550,722386551,722386552,733140217,733140218,737190033,737190034,763512780,763512781,791237481,932239813,978635628,978635629,997116374,997116375,998351578,998351579,998351580,1038204594,1038722816,1038725504,1060913825,1060913826,1121894114,1121894115,1123398262,1123398263,1123398264,1123398265,1302624613,1302624614,1302624615,1302624616,1393543178,1393543179,1393543180,1393543181,1393586088,1393586089,1393586090,1393586091,1393586096,1393586097,1393586098,1393586099,1427097138,1427097139,1427097140,1427097141,1529880200,1529880201,1534279825,1534283508,1534283509,1534283510,1534285249,1534285250,1534347771,1534347772,1536905065,1536905066,1536905067,1537219236,1537219237,1539127607,1539127608,1539138233,1539159842,1539199729,1539199730,1539199732,1539199733,1539202849],"source":"OpenStreetMap","importedAt":"2026-07-16T04:31:03.885Z"}},{"type":"Feature","id":"osm-airport-access","geometry":{"type":"MultiLineString","coordinates":[[[115.1647011,-8.74069],[115.1648186,-8.7406941],[115.1649048,-8.7407014],[115.1650081,-8.740725],[115.16511,-8.7407411],[115.1652017,-8.7407431],[115.1652423,-8.7407416],[115.1653557,-8.7407381],[115.1655878,-8.740731],[115.1656714,-8.7407266],[115.1658425,-8.7407184],[115.166277,-8.7406995]],[[115.1778338,-8.7446477],[115.1781957,-8.7446457],[115.1782961,-8.7446465]],[[115.1806926,-8.7448534],[115.1805729,-8.7448137],[115.1804669,-8.7447859],[115.1803449,-8.7447679],[115.1802228,-8.7447607],[115.1800904,-8.744757],[115.1798232,-8.7447593],[115.1794556,-8.7447571],[115.1792935,-8.744755],[115.1792593,-8.7447536],[115.1791201,-8.7447464]],[[115.1791201,-8.7447464],[115.1789245,-8.7447396],[115.1787356,-8.7447382],[115.1784877,-8.744738],[115.1782944,-8.7447395],[115.1779719,-8.7447422],[115.1777834,-8.7447402],[115.1776225,-8.7447407],[115.177542,-8.7447369],[115.1774743,-8.7447196],[115.1774171,-8.7446924],[115.1772996,-8.7446179],[115.1771818,-8.7445302],[115.177145,-8.7445009],[115.1768597,-8.7442948],[115.1766361,-8.7441444],[115.1764744,-8.7440288],[115.1764295,-8.7440045],[115.176376,-8.743988],[115.1762827,-8.7439832],[115.1762442,-8.7439836],[115.1758796,-8.7439838],[115.1756462,-8.7439841],[115.1755536,-8.7439815],[115.1754828,-8.7439779],[115.1754048,-8.7439744],[115.1752779,-8.7439664],[115.1750477,-8.7439522],[115.1748342,-8.7439382],[115.1746124,-8.7439287],[115.174075,-8.7439258],[115.1734138,-8.7439498],[115.1731919,-8.743956],[115.1731182,-8.7439576],[115.172695,-8.7439654],[115.1723801,-8.7439727],[115.1722535,-8.743977],[115.1719808,-8.7439822],[115.1716132,-8.7439908],[115.171417,-8.7439983],[115.1710137,-8.7440135],[115.1707751,-8.744021]],[[115.1676049,-8.7420231],[115.1676037,-8.7419343],[115.167612,-8.7418469],[115.1676419,-8.7416775],[115.1677292,-8.741428],[115.1677337,-8.7413114],[115.1677116,-8.7412309],[115.1676889,-8.7411802],[115.1676663,-8.7411294],[115.1675812,-8.7410287],[115.1674815,-8.7409645],[115.1673386,-8.7409273],[115.1672237,-8.7409205],[115.1670939,-8.740919],[115.1668717,-8.7409216],[115.1665295,-8.7409336],[115.1664054,-8.7409363],[115.1662995,-8.7409376],[115.1662018,-8.7409419],[115.1657474,-8.7409635],[115.1656022,-8.7409929],[115.1655182,-8.7410222],[115.1654685,-8.7410667],[115.1654018,-8.7411418]],[[115.1651747,-8.74086],[115.1653435,-8.7408414],[115.1664021,-8.740813],[115.1672586,-8.7408044],[115.1676642,-8.7407872],[115.1677982,-8.740791],[115.1679229,-8.7408134],[115.1680174,-8.740862],[115.1681123,-8.7409357],[115.1681723,-8.7410305],[115.1682047,-8.7411212],[115.1682249,-8.7412653],[115.1681997,-8.7413855]],[[115.1678909,-8.7415952],[115.1678809,-8.7416216],[115.1678717,-8.7416668],[115.1678551,-8.7418777],[115.1678395,-8.742118]],[[115.1678395,-8.742118],[115.1677766,-8.7423487],[115.1676616,-8.7426781],[115.167635,-8.7427757],[115.1676245,-8.7428251],[115.1676142,-8.7428794],[115.1676117,-8.7429271],[115.1676123,-8.7429869],[115.167624,-8.7431117]],[[115.1791187,-8.7446417],[115.179257,-8.7446435],[115.1793431,-8.7446436],[115.1797749,-8.7446448],[115.1801416,-8.7446471],[115.1804225,-8.7446695],[115.1805552,-8.7446993],[115.1806721,-8.7447315],[115.1814193,-8.7449624],[115.1815907,-8.7449994],[115.1817429,-8.745018],[115.1818548,-8.7450104],[115.1819568,-8.7449865],[115.1820339,-8.7449511],[115.1821613,-8.7448699]],[[115.1674675,-8.7420312],[115.1674646,-8.7419329],[115.1674829,-8.7418001],[115.1675045,-8.7416802],[115.1675321,-8.7416026]],[[115.1680526,-8.7416823],[115.1680445,-8.7416956],[115.1678395,-8.742118]],[[115.1681997,-8.7413855],[115.1681037,-8.7415814]],[[115.1682047,-8.7411212],[115.1680283,-8.7413809],[115.1679422,-8.7414944]],[[115.1608371,-8.7410816],[115.1618308,-8.7410718],[115.1619158,-8.741068],[115.1619808,-8.7410575],[115.1620734,-8.7410208],[115.1621477,-8.7409845],[115.1622004,-8.7409429],[115.1622326,-8.7408961],[115.1622398,-8.7408497],[115.1622346,-8.740291],[115.1622403,-8.7402586],[115.16225,-8.7402354],[115.1622641,-8.7402194],[115.1622909,-8.7402022],[115.1623245,-8.740191],[115.1638391,-8.7400145],[115.1638625,-8.7400092],[115.1638946,-8.7400029],[115.1639417,-8.7399863],[115.164006,-8.7399391],[115.1640371,-8.7399272],[115.164063,-8.7399233],[115.1641707,-8.7399222],[115.1642937,-8.7399187]],[[115.1643171,-8.7407056],[115.1646018,-8.740694]],[[115.1633553,-8.7407447],[115.1637998,-8.7407266],[115.1639977,-8.7407186],[115.1642155,-8.7407097]],[[115.166277,-8.7406995],[115.1673388,-8.7407027]],[[115.167572,-8.7432933],[115.1675178,-8.743073],[115.1675044,-8.7428891],[115.1675008,-8.7425764],[115.1676063,-8.7422676],[115.1676121,-8.742185],[115.1676106,-8.7421395]],[[115.1675008,-8.7425764],[115.1674721,-8.7421635],[115.1674707,-8.7421478]],[[115.1631024,-8.7407588],[115.1631166,-8.7407518],[115.1631318,-8.740751],[115.1632731,-8.7407474],[115.1633553,-8.7407447]],[[115.1782961,-8.7446465],[115.1788013,-8.7446404],[115.178923,-8.7446417],[115.1791187,-8.7446417]],[[115.1691144,-8.7438186],[115.1689513,-8.743773],[115.168772,-8.7437385],[115.1686266,-8.7437222],[115.1684377,-8.7437075],[115.1682964,-8.7436963],[115.168185,-8.743689],[115.1680644,-8.7436837],[115.1679417,-8.7436672],[115.1678606,-8.7436436]],[[115.1679034,-8.7435241],[115.1680116,-8.7435562],[115.1682713,-8.7435819],[115.1685213,-8.743602],[115.1687602,-8.7436283],[115.1689952,-8.7436733],[115.1692431,-8.7437504]],[[115.1821936,-8.7452118],[115.1820883,-8.7451617],[115.1820428,-8.7451484],[115.1819502,-8.7451355],[115.1818128,-8.7451273],[115.181655,-8.7451177],[115.1815676,-8.7451055],[115.1814598,-8.7450842],[115.1813422,-8.7450528],[115.1806926,-8.7448534]],[[115.1707751,-8.744021],[115.1702741,-8.7440394],[115.1700586,-8.7440489],[115.1698299,-8.7440475],[115.1697416,-8.7440397],[115.1695998,-8.7440054],[115.1694115,-8.7439297],[115.1691904,-8.7438441]],[[115.1692431,-8.7437504],[115.1695514,-8.7438701],[115.1696575,-8.7439053],[115.1697398,-8.7439302],[115.1698208,-8.7439413],[115.1699653,-8.7439438],[115.1701582,-8.7439426],[115.1703838,-8.7439363],[115.1705594,-8.7439286],[115.1707702,-8.7439239]],[[115.1707702,-8.7439239],[115.171188,-8.7439085],[115.1714258,-8.7439037],[115.1714736,-8.7439025],[115.1716223,-8.743894],[115.1720163,-8.7438867],[115.1723751,-8.7438764],[115.1725723,-8.7438714],[115.1726858,-8.7438683],[115.1731179,-8.7438551],[115.1733633,-8.743848],[115.1736363,-8.7438408],[115.1739323,-8.7438277],[115.1741885,-8.7438207],[115.1744199,-8.7438216],[115.1746167,-8.7438206],[115.1749288,-8.7438355],[115.1752812,-8.7438589],[115.1753648,-8.7438627],[115.175438,-8.7438656],[115.175501,-8.743868],[115.1755512,-8.7438713],[115.1758766,-8.7438791],[115.1763648,-8.7438858],[115.1764369,-8.7438998],[115.176494,-8.7439193],[115.1767002,-8.7440505],[115.1768337,-8.7441392],[115.1772129,-8.7444034],[115.1773879,-8.7445268],[115.1774941,-8.7445964],[115.17755,-8.7446255],[115.1775753,-8.7446365],[115.1776278,-8.7446453],[115.1778338,-8.7446477]],[[115.1691904,-8.7438441],[115.1691144,-8.7438186]]]},"properties":{"segmentId":308,"segmentKey":"osm-airport-access","roadName":"Ngurah Rai Airport access","functionalClass":2,"osmWayIds":[25114054,64780031,64780635,82745261,224072793,239754693,261089625,261089627,286697399,325328285,579086568,579086569,579086571,744843880,824275128,824275130,830600630,976237930,976237931,1136880655,1136880656,1137444259,1137444260,1501316635,1501316636,1501316639,1501316640,1502747305],"source":"OpenStreetMap","importedAt":"2026-07-16T04:31:03.885Z"}}]}
