{"type":"FeatureCollection","metadata":{"source":"GADM 4.0","sourceUrl":"https://raw.githubusercontent.com/mahendrayudha/indonesia-geojson/main/Bali/Kabupaten-Kota%20(Provinsi%20Bali)/Kabupaten-Kota%20(Provinsi%20Bali).geojson","importedAt":"2026-07-16T04:31:03.885Z","crs":"EPSG:4326","simplificationToleranceDegrees":0.00025},"features":[{"type":"Feature","id":101,"geometry":{"type":"MultiPolygon","coordinates":[[[[115.23260498000002,-8.241948127999933],[115.23500061000016,-8.242705343999944],[115.23664093100024,-8.244297025999913],[115.23735046400009,-8.243754385999978],[115.23876953100012,-8.244031905999918],[115.24163055500026,-8.25125789699996],[115.24243927000009,-8.25208663899997],[115.24520111000004,-8.252999305999822],[115.24683380100021,-8.255893706999927],[115.24866485700034,-8.257187842999883],[115.2501220700002,-8.260795593999887],[115.25088500900006,-8.261760711999898],[115.25128936800002,-8.263445853999883],[115.25019073600004,-8.267130850999934],[115.25070190500014,-8.268084525999882],[115.25013732900015,-8.26924419299985],[115.25026702900004,-8.27032756799997],[115.24818420400027,-8.27360153199993],[115.24849700900018,-8.274635314999955],[115.2474517830002,-8.277321815999926],[115.24645996100003,-8.278241156999968],[115.24645996100003,-8.279381752999939],[115.24597930900018,-8.280327796999927],[115.24488830500002,-8.28046607899995],[115.24463653600003,-8.280876159999934],[115.24494934100005,-8.281508444999929],[115.24627685500013,-8.282292365999979],[115.24620056200013,-8.287097931999938],[115.24569702100007,-8.289905547999979],[115.24488067700008,-8.290563583999813],[115.24445343000014,-8.293392181999877],[115.24353027400014,-8.295225142999925],[115.2439041140002,-8.296260833999952],[115.24575805600011,-8.298130988999958],[115.24626159700006,-8.299893378999911],[115.24784851100014,-8.301897047999887],[115.24821472100007,-8.304505347999964],[115.2474517830002,-8.308093070999973],[115.24860382200018,-8.308906553999975],[115.24974823000002,-8.311849593999966],[115.25106048700013,-8.31348705299996],[115.25102234000008,-8.314536094999937],[115.24893188500005,-8.316044807999958],[115.24856567500012,-8.317226408999943],[115.24742126400008,-8.317543982999894],[115.24720001300011,-8.31851005599998],[115.249023437,-8.320485113999894],[115.24759674000018,-8.321764945999917],[115.24494171200001,-8.321884153999918],[115.24571990900006,-8.32413482699991],[115.2465744020003,-8.324875831999918],[115.2454223630001,-8.32657337199987],[115.24560546900034,-8.327571867999893],[115.24338531500018,-8.328150747999928],[115.24340057300003,-8.32931613999989],[115.24445343000014,-8.330504417999975],[115.24529266400009,-8.330438612999956],[115.24798584000007,-8.331917761999932],[115.24743652400002,-8.333577154999944],[115.2478714,-8.335719107999978],[115.24932098300008,-8.338327406999952],[115.2481155390002,-8.339167593999832],[115.2477874760001,-8.341360091999945],[115.24672698900008,-8.341257094999946],[115.24587249800015,-8.341964720999897],[115.24463653600003,-8.340698240999927],[115.2436218260001,-8.342899321999937],[115.24270629800003,-8.342449187999932],[115.24162292500012,-8.34293937599989],[115.24214935400028,-8.34553527799983],[115.24177551200012,-8.345906256999967],[115.2403335570001,-8.3459377289999],[115.23987579300001,-8.347921371999973],[115.23887634300013,-8.349244116999898],[115.2386627210002,-8.35090637199994],[115.23751068200022,-8.351694105999968],[115.23799133200032,-8.352307319999966],[115.23750305200008,-8.354074477999973],[115.23641967800017,-8.354771612999969],[115.23602295,-8.35607147099995],[115.23439025800008,-8.357815742999946],[115.23493194600019,-8.360966682999958],[115.23625946100015,-8.361721038999917],[115.23666381700002,-8.363169668999888],[115.23619079500008,-8.363824844999897],[115.23703766000028,-8.364980696999964],[115.23622131400009,-8.366619109999931],[115.23471069300001,-8.367326735999939],[115.23452758700034,-8.368211744999883],[115.23331451500019,-8.369488714999932],[115.2344970710003,-8.369554519999951],[115.23439025800008,-8.371386528999949],[115.23526763900009,-8.372681616999898],[115.23489379900013,-8.37345790899991],[115.23533630300017,-8.374060631999953],[115.23435211100002,-8.375294684999915],[115.23401641800024,-8.376930235999964],[115.23171997100008,-8.378841400999931],[115.23189544600007,-8.379694937999943],[115.23112487800006,-8.380553245999977],[115.23110198900008,-8.381386756999916],[115.23170471200012,-8.381858824999938],[115.23130035400004,-8.384058952999965],[115.22828674200014,-8.383951187999912],[115.22785186700014,-8.386075972999947],[115.22692871100014,-8.386316298999873],[115.2260208130001,-8.38807487399987],[115.22544097900027,-8.388340950999975],[115.22646331700014,-8.38917255499996],[115.22537994400011,-8.3902530659999],[115.22579193000013,-8.391866683999922],[115.22691345300007,-8.392979620999881],[115.22673797700008,-8.394136427999968],[115.22849273700001,-8.394982336999874],[115.22790527400002,-8.397150038999825],[115.22844696000004,-8.397971151999968],[115.22795104900013,-8.399212837999869],[115.22839355500014,-8.400373459999969],[115.22777557300003,-8.401994705999925],[115.22899627800018,-8.403593062999903],[115.22843933200011,-8.404699324999967],[115.22868347100018,-8.405596731999879],[115.2282791140002,-8.406517982999901],[115.22933197100019,-8.407459258999893],[115.2273788450002,-8.409297942999956],[115.22847747800006,-8.409914969999932],[115.2291793820001,-8.411412238999958],[115.22831726100003,-8.416474341999901],[115.22881317200017,-8.41694641099997],[115.2293853760001,-8.41670703799997],[115.22984314000007,-8.417093275999946],[115.2297973630001,-8.417790412999977],[115.23052978500016,-8.419173240999953],[115.23020935000022,-8.421180724999942],[115.23116302500011,-8.423452375999943],[115.23072052100008,-8.42589569099988],[115.233169556,-8.42740631099997],[115.23348999100017,-8.42817783299995],[115.23342895600013,-8.429328918999886],[115.23246765100009,-8.43007278399989],[115.23256683300008,-8.432675360999951],[115.23106384200003,-8.433559416999913],[115.23112487800006,-8.434348106999892],[115.23187255800019,-8.435115812999982],[115.23181915300006,-8.435724258999869],[115.2315673830002,-8.436511992999954],[115.23038482600032,-8.436971664999874],[115.23055267300026,-8.439462660999936],[115.22980499300002,-8.44200038799994],[115.23036956700003,-8.443832395999891],[115.22960662900016,-8.44513320999988],[115.23046112100019,-8.445754050999938],[115.23094177200005,-8.448323248999941],[115.23165130700022,-8.447180747999937],[115.23262786800012,-8.448122976999912],[115.23224639800003,-8.449537275999944],[115.23117828300019,-8.450220107999883],[115.2321090690001,-8.451245307999955],[115.23435211100002,-8.45252323099993],[115.23397827100007,-8.454454421999912],[115.23543548500015,-8.45501231999998],[115.23521423400007,-8.456650733999936],[115.23616790700021,-8.457505226999956],[115.23623657200005,-8.45851993499997],[115.23850250300006,-8.459527015999981],[115.23838806100002,-8.461341856999923],[115.23889160200008,-8.462267874999895],[115.24011230400015,-8.463418006999973],[115.24143219000007,-8.463831900999935],[115.24225616400008,-8.465143202999968],[115.24191284100016,-8.466197013999931],[115.24108886700003,-8.466738699999894],[115.24236297700008,-8.469805717999918],[115.24126434300001,-8.470803259999968],[115.24140930200019,-8.471156118999943],[115.24404144300024,-8.47148990699992],[115.24438476600017,-8.471917151999833],[115.24252319400011,-8.472361564999915],[115.24288940400004,-8.473853110999869],[115.24173736500006,-8.474447250999901],[115.24206543000014,-8.476032256999872],[115.24328613300008,-8.475864409999929],[115.24494171200001,-8.47774887099996],[115.24421691900022,-8.479143142999874],[115.24355316200013,-8.483691215999954],[115.24163055500026,-8.486024855999972],[115.24168396000016,-8.48684978499989],[115.24222564800004,-8.487278936999871],[115.2432098390002,-8.486271857999952],[115.24359130900018,-8.487748145999888],[115.242393493,-8.489209174999814],[115.24211883500016,-8.490259168999899],[115.24018860000001,-8.49155425999993],[115.24209594700005,-8.493186950999927],[115.24201965300017,-8.49475669799989],[115.24321746900011,-8.496013640999877],[115.24255371100026,-8.498190878999935],[115.24320220900006,-8.499402044999954],[115.24283599900002,-8.499835012999881],[115.24179077200006,-8.499512672999856],[115.24034881500006,-8.499923704999958],[115.23792266900011,-8.502923964999923],[115.23795318500015,-8.505068777999952],[115.238334656,-8.505523681999932],[115.23767089900002,-8.507696150999891],[115.2384567260001,-8.508652685999891],[115.23718261700014,-8.510134695999966],[115.23734283400017,-8.511018751999927],[115.23566436800002,-8.512446403999832],[115.23483276400009,-8.511929511999938],[115.23335266200002,-8.512435912999933],[115.23366546700004,-8.51323795299993],[115.23258972100007,-8.514251708999893],[115.23187255800019,-8.516397475999895],[115.23091125500014,-8.517458915999953],[115.23058319000006,-8.521304130999965],[115.23181915300006,-8.522057531999963],[115.23144531300022,-8.523700713999915],[115.229850768,-8.525216101999888],[115.23010254000008,-8.526844978999861],[115.2303085320001,-8.527540205999912],[115.23133850000022,-8.527720451999926],[115.2322616580002,-8.529047011999978],[115.23299408000003,-8.529330252999955],[115.23239135700021,-8.53421306599995],[115.23294067300014,-8.536293028999978],[115.23114013600014,-8.538290022999945],[115.23192596500007,-8.539127348999955],[115.23351287900005,-8.539258957999891],[115.23509216300022,-8.545369148999896],[115.23575592000009,-8.54532146399987],[115.23589324900001,-8.545775412999944],[115.23908233600002,-8.547985076999908],[115.23934936500018,-8.549457550999875],[115.24029541000004,-8.550407409999934],[115.24149322600022,-8.556089400999952],[115.24487304700017,-8.558335303999911],[115.24474334800016,-8.562709808999898],[115.24556732200028,-8.563321112999972],[115.2455520640001,-8.563831328999981],[115.2448577890001,-8.563887596999962],[115.24490356400008,-8.564159391999965],[115.24612426800002,-8.566867828999875],[115.24693298300008,-8.570435523999947],[115.24933624300013,-8.57443237299998],[115.24977111900023,-8.578655243999947],[115.2491760260001,-8.583493232999956],[115.24957275400004,-8.584980964999943],[115.24774932900004,-8.58791255999995],[115.2467041020002,-8.591862677999927],[115.2471389780003,-8.59204864399993],[115.24618530300017,-8.596299170999941],[115.24522399800014,-8.596323966999933],[115.24512481600027,-8.59900760499994],[115.24449157700019,-8.598978995999971],[115.24397277700007,-8.599444387999938],[115.24391937200005,-8.601500511999973],[115.24263000400026,-8.603143691999946],[115.23952484100016,-8.602535247999867],[115.23947143600003,-8.602820395999913],[115.23744964600007,-8.602622031999942],[115.23715972800005,-8.601481437999894],[115.23744964600007,-8.600383756999918],[115.2380981440001,-8.599678993999873],[115.2385330200002,-8.599749564999968],[115.23851776200001,-8.599225997999952],[115.23814392100007,-8.598017690999939],[115.23649597200006,-8.59818744699993],[115.23589324900001,-8.592784880999943],[115.23529052800018,-8.59171581299995],[115.23440551700003,-8.59163284199991],[115.23220825100009,-8.592411040999934],[115.22564697300027,-8.592761039999914],[115.22615814200003,-8.59560298799994],[115.22377014100005,-8.597620009999957],[115.22254943800021,-8.596397399999944],[115.21833038300008,-8.596010206999892],[115.21764373800022,-8.596942900999977],[115.21457672200029,-8.596161841999901],[115.21408081100003,-8.597423552999942],[115.21275329700018,-8.598299026999939],[115.21136474700018,-8.598400115999937],[115.21108245800019,-8.597633360999907],[115.20993042000009,-8.597946167999964],[115.20922088600003,-8.60007858299997],[115.20829773000003,-8.600324629999932],[115.20826721200012,-8.600781440999981],[115.20703887900004,-8.601541518999966],[115.20551300000011,-8.601946829999918],[115.20451355000023,-8.602882383999884],[115.20349884100006,-8.602814673999887],[115.20299530000023,-8.603773115999957],[115.20172882000008,-8.604911803999926],[115.20075225900018,-8.605133056999932],[115.19989776700015,-8.606360434999885],[115.19644165000011,-8.60610294299994],[115.19631957900003,-8.606801032999954],[115.19725799600019,-8.608999252999922],[115.19766998300008,-8.612000463999891],[115.19650268500004,-8.612244604999944],[115.19447326700003,-8.611698149999938],[115.19186401300033,-8.613012313999945],[115.19152069200004,-8.612545011999941],[115.1888046270002,-8.612761496999894],[115.18814849900002,-8.615220069999964],[115.18708038400007,-8.615178107999952],[115.18637847900015,-8.616104125999925],[115.18485260000011,-8.615566253999873],[115.18418884300002,-8.616564749999895],[115.18292999200003,-8.615834235999955],[115.18194580100021,-8.616155623999873],[115.1803741450002,-8.615819930999919],[115.17980957100019,-8.61618137299996],[115.17957305900018,-8.618670463999877],[115.1807403570001,-8.623318671999868],[115.18182373000013,-8.623491286999979],[115.18226623600015,-8.624357222999947],[115.18193054200026,-8.626191138999957],[115.18228149400034,-8.628675459999897],[115.18116760200019,-8.628535270999862],[115.1805572510001,-8.629799842999944],[115.18153381400009,-8.633780478999881],[115.18123626700014,-8.633785246999935],[115.18119049000018,-8.634379386999967],[115.18153381400009,-8.640587805999928],[115.18069458000014,-8.643936157999974],[115.18129730300018,-8.644826889999933],[115.18091583200032,-8.645967482999879],[115.18153381400009,-8.646513938999874],[115.18177795500003,-8.64795589399995],[115.18129730300018,-8.650792121999928],[115.18202209400022,-8.653130530999874],[115.1813812260001,-8.657341955999925],[115.18032837000021,-8.657592772999976],[115.17977142400014,-8.658926962999942],[115.180564881,-8.66013908399998],[115.17801666200012,-8.660759925999912],[115.17758178600002,-8.658365248999928],[115.17471313400017,-8.660418509999886],[115.17475128100034,-8.662982939999893],[115.17583465700011,-8.66680908199993],[115.17679595900006,-8.66909885399997],[115.17743682900016,-8.669573783999965],[115.17746734600007,-8.670363425999938],[115.1797103880001,-8.67489910099988],[115.17946624700005,-8.676078796999889],[115.17844390900018,-8.676610946999972],[115.17774963400018,-8.67806053199996],[115.17633056700015,-8.678566932999956],[115.17560577400013,-8.68050670599996],[115.17514038200011,-8.680718421999813],[115.17519378700001,-8.681275367999888],[115.173698424,-8.682653426999934],[115.17372894300013,-8.683210372999952],[115.17560577400013,-8.683245657999919],[115.17546081500006,-8.685052871999972],[115.17591095000012,-8.685729025999876],[115.17688751100002,-8.686172484999872],[115.1773986820001,-8.687722204999943],[115.177246093,-8.689633368999978],[115.17777252200017,-8.691729544999873],[115.17976379400022,-8.692047119999927],[115.18003082300004,-8.692752837999876],[115.17946624700005,-8.695138931999963],[115.17890930100009,-8.695564269999977],[115.17678070100021,-8.695546148999824],[115.17636108400006,-8.695731162999948],[115.1763153070001,-8.696425437999835],[115.17705535900006,-8.697739600999967],[115.17946624700005,-8.698266983999872],[115.18035888600025,-8.699066160999905],[115.18033599800015,-8.699797629999978],[115.18115997400014,-8.699896812999896],[115.18112182700008,-8.700646399999926],[115.1821289070001,-8.70184040099997],[115.18199920600011,-8.70476436599995],[115.18354797300003,-8.705101013999979],[115.18453979500009,-8.70742893299996],[115.1870346070001,-8.711407661999942],[115.18679046500029,-8.716972349999935],[115.18699646000005,-8.717987059999928],[115.18747711200001,-8.718276023999977],[115.18645477200016,-8.72084045399987],[115.18485260000011,-8.72102546799988],[115.1847915640002,-8.721808433999911],[115.18680572600022,-8.72167205799991],[115.18753814800004,-8.731855392999876],[115.18627929600018,-8.732198713999935],[115.18701934800015,-8.734709738999982],[115.18772888200021,-8.734649658999956],[115.18750000100022,-8.735451698999896],[115.18852996900011,-8.735770225999886],[115.19036865300006,-8.737675665999973],[115.18941497800029,-8.739870070999928],[115.18824768100012,-8.74102115699992],[115.18699646000005,-8.740916251999977],[115.18622589100016,-8.74172687499987],[115.18601989700016,-8.74367427899989],[115.18527221700026,-8.74340152699989],[115.18445587100007,-8.744567870999958],[115.18457794200015,-8.747760772999868],[115.18930816600016,-8.747751234999896],[115.18457031300011,-8.747924803999979],[115.18233489900001,-8.75548553499982],[115.18073272600009,-8.757845877999955],[115.18086242700008,-8.76003551599996],[115.18162536600005,-8.761697768999909],[115.18148040900007,-8.762086866999937],[115.1825103770002,-8.763317106999978],[115.18280792300015,-8.765108107999936],[115.18556213300008,-8.764696121999918],[115.18536376900022,-8.763136863999875],[115.18588256800001,-8.762767790999817],[115.18647766100003,-8.76336479199989],[115.18727874800015,-8.76340579899994],[115.18688201900022,-8.7653894419999],[115.18849182200029,-8.763949393999951],[115.18913269000006,-8.76590061099995],[115.18971252500012,-8.765513419999877],[115.19017791700026,-8.765683172999957],[115.19036102300015,-8.766694067999936],[115.19158935500002,-8.766969680999921],[115.19255066000005,-8.769850730999906],[115.19397735700022,-8.771893500999909],[115.19429016200024,-8.773117065999827],[115.19366455000022,-8.775106429999937],[115.19402313200021,-8.7766132349999],[115.19768524100004,-8.780320166999957],[115.19660949800016,-8.78206920599996],[115.19684600900007,-8.782637594999926],[115.19783783000003,-8.78177261399992],[115.20177459700005,-8.781197546999977],[115.20299530000023,-8.782056807999936],[115.20467376800002,-8.782250403999967],[115.20831298900009,-8.785558699999854],[115.21191406200012,-8.785690307999971],[115.21473693700011,-8.78709220899998],[115.2151184080002,-8.786683081999968],[115.21613311800013,-8.786590574999877],[115.21760559100017,-8.787132262999933],[115.22027587900016,-8.787152288999891],[115.21708679200015,-8.785013198999934],[115.21379852300015,-8.775995253999952],[115.21485138000014,-8.77487182599998],[115.21739959700017,-8.773271560999888],[115.21772766200002,-8.7717504499999],[115.217338562,-8.770609855999965],[115.22231292700008,-8.769483565999906],[115.22387695300006,-8.769465444999923],[115.22399139400011,-8.770314216999907],[115.22430419800014,-8.770371436999937],[115.22441101100014,-8.774533271999928],[115.22505950900018,-8.774953841999945],[115.22531890800008,-8.776791572999912],[115.22611999600008,-8.77671909299994],[115.2261734010001,-8.777686117999963],[115.22660064800004,-8.777896879999957],[115.22662353400017,-8.779636381999921],[115.22697448800011,-8.779840468999964],[115.22673797700008,-8.781425475999981],[115.22712707500034,-8.781517981999912],[115.22718048000002,-8.78216552799995],[115.22680664000006,-8.78247642499997],[115.22676849400011,-8.783450125999934],[115.22717285200031,-8.78370284999994],[115.22721099900002,-8.785720824999942],[115.22780609200015,-8.78558444999993],[115.22858428900008,-8.787049293999928],[115.22953033500005,-8.786740301999941],[115.23001861600005,-8.788148879999937],[115.23060607900004,-8.78794288599994],[115.23107147300004,-8.789002417999939],[115.2306976320001,-8.78946018199997],[115.2313919070001,-8.789803504999952],[115.23207092200005,-8.792054175999965],[115.23270416200023,-8.792356489999975],[115.23228454700006,-8.792994499999963],[115.23246765100009,-8.794812202999879],[115.23365783600002,-8.797663688999933],[115.23510742200006,-8.798713682999903],[115.23582458500005,-8.79837608299988],[115.23602295,-8.797388075999947],[115.23728942900004,-8.797307014999888],[115.2376556390002,-8.798031805999926],[115.23583984400011,-8.799155233999954],[115.2363510130001,-8.801043509999943],[115.2375335700001,-8.802247045999877],[115.23847961500019,-8.80126476299995],[115.23954773000014,-8.801301956999964],[115.24022674600019,-8.80273055899994],[115.24019622800017,-8.80370902999988],[115.23925018300008,-8.804407119999894],[115.23842620800008,-8.804488180999954],[115.23883819600007,-8.803734778999967],[115.2378692630001,-8.803999900999884],[115.2375564570001,-8.80285358499998],[115.23667907800007,-8.802891730999931],[115.23234558000001,-8.807483671999933],[115.23149109000019,-8.811421393999922],[115.22449493400006,-8.818231582999942],[115.2251434320001,-8.819169043999977],[115.22498321500007,-8.819757461999927],[115.2233200070001,-8.820912360999898],[115.22231292700008,-8.82295513199989],[115.22222900300005,-8.824045179999928],[115.22092437700019,-8.825582504999943],[115.22041320800008,-8.828420637999955],[115.21784973100011,-8.832608221999863],[115.215721131,-8.833898543999965],[115.21203613300031,-8.834742545999973],[115.20438385000034,-8.837857244999952],[115.20233154300013,-8.840120315999968],[115.19976806600016,-8.84076976699987],[115.19834136900033,-8.841746329999921],[115.19039154100017,-8.843029974999979],[115.18764495800008,-8.845122337999953],[115.17531585700021,-8.8479871749999],[115.17261505100021,-8.847860335999883],[115.17018890500015,-8.849053381999852],[115.16670989900024,-8.849262236999891],[115.1630020130001,-8.848508833999915],[115.15644073500005,-8.848299026999939],[115.15483093300008,-8.847757338999884],[115.15248870800019,-8.847769736999965],[115.15010833700012,-8.847270010999978],[115.14584350600012,-8.848342895999963],[115.14202118000003,-8.847605703999875],[115.13593292200005,-8.847742080999978],[115.13359069700016,-8.847286223999902],[115.13073730400004,-8.847415922999971],[115.12715148800021,-8.84670352899991],[115.12557220400026,-8.847264290999874],[115.12454986600005,-8.847121238999932],[115.12364196800024,-8.847935676999896],[115.12351989800027,-8.847324370999956],[115.12275695700009,-8.847533225999939],[115.12268829400023,-8.847087859999931],[115.12159729000018,-8.847490310999945],[115.12124633900021,-8.84656715299991],[115.12017822400003,-8.84616374899997],[115.11598205500002,-8.846147535999933],[115.11137390100009,-8.845541],[115.10166168100011,-8.84169959999997],[115.09588623000002,-8.840654372999893],[115.09035491900022,-8.83784103399995],[115.09026336700015,-8.838155745999927],[115.088867187,-8.838134764999893],[115.08905029300013,-8.837843893999889],[115.08744812000032,-8.836516379999921],[115.08703613300008,-8.835712431999923],[115.08682251100015,-8.833059309999953],[115.0850830070001,-8.831415175999894],[115.0851364140002,-8.830253600999981],[115.08388519300013,-8.829733848999979],[115.08477783200021,-8.82835388199993],[115.08409118700013,-8.824965475999875],[115.08498382500011,-8.824303626999892],[115.08538818400007,-8.822268486999917],[115.08515930300007,-8.821156501999951],[115.08631897000032,-8.819908140999928],[115.08733368000026,-8.817148208999924],[115.08834839000019,-8.816190719999952],[115.08854675400005,-8.814742088999878],[115.09140777600021,-8.813510893999876],[115.09502411000028,-8.813879013999895],[115.09622192400013,-8.813577651999935],[115.10043334900013,-8.810462950999977],[115.102104187,-8.81058311399994],[115.10346222000021,-8.811155318999965],[115.10973358200022,-8.807010649999938],[115.11077880800019,-8.807262420999905],[115.1125793450002,-8.806128500999876],[115.11600494300012,-8.80353069399996],[115.1163330080002,-8.802886963999981],[115.11726379500021,-8.80062675499994],[115.1187515270002,-8.793813705999867],[115.11991119400011,-8.79326915799993],[115.11991882400002,-8.79381942699996],[115.12149047800006,-8.794104574999949],[115.12413787900016,-8.791098593999948],[115.12529754600007,-8.790348053999821],[115.12526703000003,-8.789566039999954],[115.12667846600016,-8.790675163999879],[115.13068389900002,-8.789909362999936],[115.13173675500002,-8.78931522299996],[115.13335418600002,-8.786957739999878],[115.13713073800022,-8.785264014999882],[115.14043426500007,-8.782604217999904],[115.14217376700014,-8.780317305999972],[115.14381408600002,-8.78026294599988],[115.14507293800011,-8.779466628999899],[115.14654541000027,-8.779980659999978],[115.14935302800006,-8.7795715339999],[115.15252685500002,-8.779950141999961],[115.1535949700002,-8.780666349999876],[115.1560134880001,-8.78032970399994],[115.15821838400029,-8.78135204199998],[115.15890502900004,-8.782327652999925],[115.16044616800002,-8.782468794999886],[115.16275024400011,-8.781515121999973],[115.16358184800015,-8.780678747999957],[115.16574859700029,-8.77770137799996],[115.16785430800019,-8.772498129999974],[115.16898345900006,-8.767337797999915],[115.16893005300005,-8.765861510999969],[115.1694030760001,-8.764822004999871],[115.16912841800024,-8.761320113999943],[115.16852569700006,-8.759204863999969],[115.16705322300004,-8.756625175999943],[115.15952301000004,-8.750320434999935],[115.15217590300028,-8.750280380999925],[115.15213775600012,-8.7473812099999],[115.15229797400002,-8.74710178399988],[115.15868377600009,-8.746840476999864],[115.15922546400009,-8.746091841999828],[115.16099548400007,-8.738783834999936],[115.16310119500008,-8.735084533999895],[115.16426849500021,-8.730355262999922],[115.16491699300002,-8.729182242999968],[115.16818237300004,-8.726262092999946],[115.16926574700017,-8.72438430799997],[115.16941833600004,-8.722899435999977],[115.16822815000023,-8.716981887999907],[115.16665649400022,-8.713320731999943],[115.16601562400012,-8.708569526999952],[115.16402435300006,-8.703411101999961],[115.16281127900004,-8.701468466999927],[115.1614608760002,-8.697542189999865],[115.15925598200022,-8.695521354999926],[115.15651702900016,-8.691744802999892],[115.15598297100018,-8.690217018999931],[115.15235900900018,-8.684910772999956],[115.15035247800017,-8.68263626099997],[115.1496353140003,-8.680163382999979],[115.14667511000016,-8.676510809999911],[115.14609527600032,-8.67489051799987],[115.14366149900013,-8.67179489099982],[115.14161682100007,-8.670536994999907],[115.1404647820001,-8.668658255999901],[115.13764953500004,-8.665534972999922],[115.13455963000013,-8.663610457999937],[115.12928009000007,-8.658805846999883],[115.12651824900013,-8.656894682999962],[115.12441253700001,-8.654559135999875],[115.12245178300009,-8.653350828999976],[115.12171936100003,-8.65234851699995],[115.12119293100022,-8.652389525999922],[115.12071990900017,-8.651496886999894],[115.11884307900016,-8.65001010799989],[115.11176300000011,-8.64556312399992],[115.1078796380001,-8.64488792499992],[115.10436248800022,-8.643445014999884],[115.10305786100002,-8.642445562999967],[115.102104187,-8.64054870699988],[115.10132598800021,-8.63983631099984],[115.10060882700009,-8.639751433999834],[115.09996032700008,-8.640378950999946],[115.09996032700008,-8.638818740999909],[115.09929657000009,-8.636849402999871],[115.09970855700021,-8.63528823799993],[115.10123443600003,-8.634655952999935],[115.10223388800011,-8.630844116999924],[115.1049194340003,-8.628570555999943],[115.10652923700002,-8.625662803999944],[115.1071624760001,-8.623264311999947],[115.10865783700012,-8.622380255999872],[115.10958862300004,-8.620643615999882],[115.11203766000006,-8.619544029999929],[115.11336517400014,-8.617777824999905],[115.11648559600019,-8.616867064999951],[115.1177444450002,-8.615685461999874],[115.11787414600019,-8.613945959999967],[115.1181793200002,-8.613277435999976],[115.11874389700006,-8.613084791999938],[115.11959075900018,-8.611201285999869],[115.12354278600003,-8.610849379999877],[115.12468719500009,-8.609510421999857],[115.12686920200008,-8.609560966999936],[115.12896728600015,-8.608318328999871],[115.13160705700034,-8.608787535999909],[115.13362884400021,-8.608604429999957],[115.13459014900025,-8.609490393999977],[115.13544464200004,-8.608936309999933],[115.13700866700003,-8.609144209999954],[115.13799285900006,-8.611194610999917],[115.13616943300019,-8.612146377999977],[115.13513183700013,-8.61186790499994],[115.13480377200005,-8.61242198899987],[115.13401031500007,-8.612276076999876],[115.1338653570001,-8.612817764999932],[115.1358413700001,-8.614166259999877],[115.13973236000004,-8.615011214999981],[115.14001464800015,-8.613636970999949],[115.14095306500008,-8.612655639999957],[115.14141845700021,-8.612670897999976],[115.14039611900012,-8.611431121999942],[115.14080047500022,-8.610594747999869],[115.14179229700005,-8.609911918999956],[115.14344787700009,-8.60969162099991],[115.14351654000018,-8.610952376999876],[115.14420318700002,-8.610710143999825],[115.1464004520002,-8.609613416999935],[115.14669036900011,-8.607654570999955],[115.14839172300003,-8.606702802999962],[115.14862823500005,-8.606028556999888],[115.1501846320001,-8.606870650999952],[115.15081024200003,-8.605280875999938],[115.14939880300005,-8.60368919399997],[115.15013122500022,-8.601669311999956],[115.15233612100008,-8.600974081999937],[115.15477752700008,-8.601339339999925],[115.15551757700007,-8.60113811499997],[115.1560440070001,-8.600398062999943],[115.15583801200012,-8.599567413999978],[115.15666961600004,-8.597247122999931],[115.15628814600007,-8.59578704899991],[115.15523529100017,-8.595199583999886],[115.15552520800009,-8.594046592999973],[115.15503692700008,-8.59392547699997],[115.15505981400008,-8.592951773999971],[115.15242767300003,-8.592835425999965],[115.15141296500008,-8.592411040999934],[115.1514358510002,-8.59204101599994],[115.15209961000028,-8.59180164299994],[115.15325927700007,-8.589310645999888],[115.15274810800008,-8.589324950999924],[115.15148925800008,-8.591375349999907],[115.15013885500014,-8.591302871999972],[115.14981079000006,-8.591736793999928],[115.14907836800023,-8.591766357999973],[115.1501846320001,-8.590751647999923],[115.149337768,-8.590130805999877],[115.14934539800015,-8.588666915999909],[115.14985656700003,-8.58530521299997],[115.1495666510001,-8.585213660999898],[115.15039062500023,-8.582816123999976],[115.14946746900023,-8.58224391999994],[115.15035247800017,-8.579650877999825],[115.15126037500022,-8.579185485999972],[115.15232086200012,-8.579268454999976],[115.15335083100001,-8.577981947999945],[115.15258026200013,-8.57429695199994],[115.15302276600028,-8.572772025999882],[115.15393066300021,-8.57218933099989],[115.1550903320001,-8.568357466999942],[115.1557846070001,-8.568060874999901],[115.15635681200013,-8.56664085299991],[115.1557312020002,-8.565541266999901],[115.157562256,-8.563475607999976],[115.15890502900004,-8.560740469999871],[115.15998840400005,-8.554428100999928],[115.16049194300001,-8.554123878999974],[115.16098785400015,-8.552567481999972],[115.16191864000007,-8.551307677999944],[115.16277313200021,-8.54683399299995],[115.16275787400002,-8.542151450999938],[115.16329956000004,-8.53935527699997],[115.164245606,-8.538389204999874],[115.16437530500002,-8.536202429999946],[115.16510009900014,-8.53383159599997],[115.16463470400004,-8.532167434999963],[115.16628265400016,-8.532910347999973],[115.16724395700021,-8.532860755999934],[115.1678085330002,-8.532256126999926],[115.16757965000022,-8.530542373999879],[115.16983795100009,-8.527892112999893],[115.1700210570001,-8.526601791999894],[115.17103576700003,-8.52565574599987],[115.17078399700006,-8.523592948999976],[115.17156982400013,-8.52248573199995],[115.17131042500023,-8.521402358999921],[115.17199707000009,-8.519803045999936],[115.17229461600004,-8.517226217999962],[115.1734619130001,-8.516172408999921],[115.177246093,-8.50985908499996],[115.17789459300002,-8.50733089399995],[115.1775207510002,-8.505557060999934],[115.17782592800006,-8.504419327999926],[115.17893219000018,-8.503243444999896],[115.17889404300013,-8.5027370439999],[115.17995453000003,-8.502447127999915],[115.18016815200008,-8.501730918999897],[115.18152618400006,-8.500850677999892],[115.1825103770002,-8.499379156999908],[115.18286895700021,-8.488426207999964],[115.18160247700007,-8.487407682999958],[115.1766281140001,-8.487051963999932],[115.17740631100014,-8.483976364999933],[115.17679595900006,-8.482853889999944],[115.17704010100022,-8.479403495999918],[115.17758941700004,-8.476587295999877],[115.17889404300013,-8.472966193999923],[115.17877197200005,-8.471691131999933],[115.17975616500007,-8.468677519999915],[115.18019866900022,-8.465623854999933],[115.1798858640002,-8.464709281999944],[115.17394256600016,-8.464028357999894],[115.1740036010001,-8.46316528199992],[115.17516326800023,-8.460661886999901],[115.17482757500011,-8.458591459999923],[115.17803955000022,-8.45478057899993],[115.17871093700023,-8.451662062999901],[115.18007659800003,-8.450209617999974],[115.18283844000007,-8.448723792999886],[115.18315124500009,-8.448366163999879],[115.18265533400006,-8.447337149999896],[115.18421173200022,-8.447445867999932],[115.18362426700003,-8.446452140999952],[115.18395233200022,-8.445655821999878],[115.1852340700002,-8.446187018999979],[115.18569946400021,-8.445249557999944],[115.18724822900015,-8.44538783899992],[115.18779754700017,-8.442719458999932],[115.19192504800014,-8.444933890999948],[115.19278717100019,-8.445176123999886],[115.19310760600013,-8.444006918999946],[115.19709777800006,-8.44511222899996],[115.19725799600019,-8.44579601299995],[115.19820404000006,-8.445745467999927],[115.19799804800004,-8.450557708999952],[115.19983673100012,-8.451160429999959],[115.19897460900017,-8.45262813599993],[115.19944763100023,-8.453761100999941],[115.19939422600032,-8.457676886999934],[115.19851684500009,-8.459004401999891],[115.19847869800003,-8.460180281999953],[115.19760131900023,-8.460097312999892],[115.19680786200001,-8.4624223699999],[115.19735717800017,-8.466015815999981],[115.19877624400021,-8.469186781999952],[115.19906616300011,-8.472324370999956],[115.19865417400001,-8.473454473999936],[115.19780731200012,-8.474137305999932],[115.1974945070001,-8.476923941999928],[115.19562530400003,-8.482789993999972],[115.19561004600007,-8.485199926999883],[115.19505310000011,-8.486435889999939],[115.19492340100032,-8.488264082999933],[115.19545745900007,-8.488248824999914],[115.19543457000009,-8.489722251999979],[115.19826507500011,-8.489023208999981],[115.20228576600016,-8.489356993999877],[115.20326995800019,-8.488049505999982],[115.20368194700006,-8.48681163799995],[115.20292663600003,-8.485078810999937],[115.20404052800018,-8.48343944499993],[115.20374298200011,-8.482596397999941],[115.20442962700031,-8.482111929999917],[115.20420837400002,-8.479186057999868],[115.20308685400016,-8.476946829999974],[115.20404815600011,-8.474479674999941],[115.20417022700019,-8.47310829099996],[115.20397949300002,-8.471569060999968],[115.20297241100002,-8.470570563999956],[115.20310211200001,-8.470054624999932],[115.20401001000016,-8.469554900999867],[115.20437622200006,-8.466640471999938],[115.20680236800013,-8.465034484999933],[115.20752716200002,-8.463354110999887],[115.20667266900011,-8.460937499999886],[115.20875549200002,-8.460194587999979],[115.21109771700014,-8.457819938999933],[115.21035766700004,-8.45605754899998],[115.21114349400011,-8.455358503999946],[115.21192169300025,-8.45366477899995],[115.21170044000019,-8.451319694999938],[115.2135238650003,-8.449852942999883],[115.2137603760001,-8.44926166599987],[115.21356964000006,-8.448600768999938],[115.21461486900012,-8.444126129999972],[115.21556854300002,-8.442847251999922],[115.21545410100032,-8.440970419999928],[115.21649169900002,-8.44029808099998],[115.21726989800004,-8.438967705999914],[115.21817016600005,-8.438740729999893],[115.21746826300034,-8.438272475999952],[115.21612548800022,-8.435765265999976],[115.21688079800015,-8.434127806999982],[115.216156006,-8.433300972999916],[115.21662139800003,-8.432160376999889],[115.21543884300013,-8.429046630999892],[115.21580505500003,-8.42854499799995],[115.2153549190001,-8.427811622999968],[115.2158126830002,-8.42685413299995],[115.2146377570001,-8.426486968999939],[115.21374511800002,-8.42478942899993],[115.21401214600007,-8.423083303999874],[115.21303558300008,-8.420389174999912],[115.2135238650003,-8.419296263999968],[115.21212768500004,-8.418621061999886],[115.21122741800014,-8.413494109999874],[115.21028137100006,-8.41317653699997],[115.20999908500016,-8.41179561499996],[115.20998382500011,-8.41037178099998],[115.21134948800011,-8.4087562549999],[115.21118164100017,-8.406592368999952],[115.21197509800015,-8.40604114499996],[115.21118927100008,-8.403693197999928],[115.21128845300007,-8.402258872999937],[115.21194457900003,-8.401007651999976],[115.2113189700002,-8.400301933999913],[115.21166992100007,-8.3986635199999],[115.2114715570001,-8.396938323999962],[115.21037292500023,-8.395443915999977],[115.21043396000005,-8.39390754699997],[115.20948791600006,-8.39364051699988],[115.20938873400007,-8.393237112999884],[115.21073913500015,-8.391397476999941],[115.20968627800016,-8.389227866999818],[115.20996093800011,-8.388376234999953],[115.20841979900001,-8.387413024999944],[115.20775604300002,-8.386155127999928],[115.20846557600021,-8.385764122999944],[115.20834350500013,-8.384760855999957],[115.20870971700003,-8.384125708999875],[115.2095947260002,-8.383585929999981],[115.20880126900022,-8.380574226999954],[115.20893859800026,-8.379010200999971],[115.20632934600019,-8.377939223999874],[115.20442199700005,-8.375794410999958],[115.20382690400027,-8.373589514999878],[115.2019119260001,-8.372762680999926],[115.19805908300009,-8.357838630999936],[115.20079803400017,-8.354836463999959],[115.20349121000004,-8.349747657999842],[115.20265960600011,-8.34459495599998],[115.20233154300013,-8.333775518999971],[115.20384979200003,-8.33378600999987],[115.20375061000004,-8.333154677999971],[115.20439148000025,-8.332538603999978],[115.21192932100018,-8.331856726999945],[115.21186828500015,-8.330183982999927],[115.21218872000009,-8.329867362999948],[115.2107543950001,-8.328843115999916],[115.21006774900002,-8.327558517999933],[115.20899200500014,-8.327299117999871],[115.20944213900009,-8.326292037999963],[115.20867919900002,-8.325788496999962],[115.20714569100016,-8.323009489999947],[115.20835113500004,-8.32176113099996],[115.20793151800024,-8.319550514999946],[115.20817566000005,-8.31793403699993],[115.20886993500017,-8.317164420999973],[115.20803833100013,-8.31513404799989],[115.20888519300001,-8.31343841599994],[115.208007812,-8.312352179999948],[115.20775604300002,-8.31102466599998],[115.20706939800016,-8.310566901999948],[115.20741271900022,-8.308286666999948],[115.206184387,-8.307954788999893],[115.20568084800004,-8.307125089999943],[115.205955506,-8.306262969999977],[115.20571136400008,-8.305271147999918],[115.20486450200019,-8.304767607999906],[115.20442199700005,-8.302447318999953],[115.20322418300009,-8.30056953299993],[115.20265960600011,-8.29823112399987],[115.20177459700005,-8.297145842999953],[115.2019119260001,-8.29452037699997],[115.20159149100016,-8.293463706999944],[115.20081329300001,-8.293278693999923],[115.1998596200001,-8.291102408999961],[115.19853973300008,-8.290987013999938],[115.19808960000023,-8.290166854999939],[115.19729614200014,-8.28987312199996],[115.19732666100003,-8.28765487599992],[115.19406127900004,-8.28503227199991],[115.19334411700004,-8.283696174999932],[115.19235229600031,-8.282993316999978],[115.19116973800021,-8.279514311999947],[115.18911743200022,-8.277450561999899],[115.18455505300005,-8.271018027999958],[115.18653106800002,-8.26779937699996],[115.18708038400007,-8.262207984999975],[115.18601226900023,-8.248847006999881],[115.18552398600002,-8.248194693999835],[115.18553161600016,-8.247021673999939],[115.18462371900011,-8.247007369999892],[115.1832580570001,-8.245342254999969],[115.18408203100023,-8.244841573999963],[115.18513488800022,-8.245243072999926],[115.18907928500016,-8.24526119199993],[115.19030761700003,-8.245678900999962],[115.19375610400016,-8.245013236999966],[115.19709014800014,-8.245090483999945],[115.19968414200002,-8.24581050899991],[115.20132446400021,-8.246986389999961],[115.20398712100007,-8.247654913999952],[115.20834350500013,-8.247767448999923],[115.20949554400033,-8.246800422999911],[115.21276092500011,-8.24616432099998],[115.21817016600005,-8.246170996999979],[115.22078704800003,-8.24474429999998],[115.22225189200014,-8.24437713499998],[115.22483825800009,-8.242577552999933],[115.22682189900013,-8.242430685999977],[115.22853088400007,-8.24295043799998],[115.22975921600005,-8.243879318999916],[115.23260498000002,-8.241948127999933]]],[[[115.21569824200003,-8.760050773999978],[115.21432495100032,-8.759037970999941],[115.21385955900018,-8.756970404999947],[115.2141952520002,-8.757002830999966],[115.21434783900008,-8.758306501999925],[115.21569824200003,-8.760050773999978]]]]},"properties":{"zoneId":101,"zoneKey":"bali-badung","name":"Badung","regencyName":"Badung","center":[115.18824243095236,-8.582171650015562],"sourceId":null}},{"type":"Feature","id":102,"geometry":{"type":"MultiPolygon","coordinates":[[[[115.33890533500016,-8.143010139999888],[115.34033203000001,-8.144592283999884],[115.34741210900006,-8.149850844999946],[115.35162353400005,-8.15155506099984],[115.35285949700005,-8.15116596199988],[115.3553619390002,-8.149332045999927],[115.35604858400006,-8.148227691999978],[115.35949707100019,-8.14614677399993],[115.36172485300017,-8.145456313999887],[115.36277008100012,-8.145760535999898],[115.36314392100019,-8.14743995699996],[115.36048889200015,-8.153142929999944],[115.36084747400014,-8.153743742999893],[115.36183166500007,-8.154067037999937],[115.36595153800022,-8.152185439999926],[115.3666915900003,-8.15210914599993],[115.36769867000032,-8.152632712999832],[115.36807251000016,-8.154631613999925],[115.36726379400022,-8.156215667999902],[115.36526489300013,-8.158267974999887],[115.36466980000023,-8.161091804999955],[115.3649292,-8.161934851999888],[115.36650085400015,-8.163548469999967],[115.36776733300007,-8.166490554999882],[115.36974334800004,-8.168376922999926],[115.37110137900004,-8.168719291999878],[115.37194824200003,-8.168608664999965],[115.37441253700013,-8.165326117999882],[115.37444305400004,-8.164317130999905],[115.37500000000011,-8.16356658799998],[115.37630462600009,-8.163846968999906],[115.37809753500017,-8.165170668999906],[115.38111114600008,-8.16811847699995],[115.37918853800011,-8.170855521999897],[115.38182830700009,-8.173228262999942],[115.381607056,-8.173601150999957],[115.38510894800004,-8.175833702999967],[115.39095306400009,-8.178334234999909],[115.38957977300004,-8.18508148099994],[115.38999176000016,-8.185845374999928],[115.3994598380001,-8.189158439999972],[115.4027786260001,-8.188546180999936],[115.42853546100002,-8.18845081399985],[115.42905426000004,-8.18675613499994],[115.42826080300006,-8.186422346999962],[115.43000030400003,-8.182598114999905],[115.43162536600005,-8.181611060999955],[115.4324111950001,-8.18182754399993],[115.43407440300007,-8.181098936999945],[115.43424987800006,-8.180633544999978],[115.43521881100003,-8.180439948999947],[115.43590545600011,-8.180723189999924],[115.43846130300028,-8.184009550999974],[115.43953704900014,-8.184337615999937],[115.43989563000002,-8.185242653999978],[115.44078064000007,-8.184897422999938],[115.4418640130001,-8.185246466999843],[115.44205474900025,-8.185788153999965],[115.44158935500013,-8.187065123999957],[115.44435882500011,-8.189391135999927],[115.44799804800004,-8.189298628999893],[115.44810485800019,-8.190075872999898],[115.44938659800005,-8.191722869999865],[115.45102691700026,-8.19263648999987],[115.452148437,-8.19408988899994],[115.45281219600008,-8.19562148999995],[115.45264434800004,-8.19641017999993],[115.45380401700004,-8.198740005999923],[115.45194244500021,-8.200584410999966],[115.45121002300016,-8.200647352999908],[115.45061493000003,-8.201305388999913],[115.44952392600021,-8.201365469999928],[115.44815063500016,-8.20360851199996],[115.44728088400007,-8.203607558999977],[115.4465179440001,-8.204273222999916],[115.4440765390002,-8.209208488999877],[115.44320678800011,-8.212011337999968],[115.44254303000002,-8.21266937199988],[115.44141387900015,-8.21286296799991],[115.44055175900007,-8.214445114999876],[115.44054412800006,-8.2152376169999],[115.43914795,-8.216883658999961],[115.43841552600031,-8.217210768999962],[115.43841552600031,-8.218201635999947],[115.44468689000018,-8.224765777999949],[115.44496154800015,-8.225511550999897],[115.44463348500005,-8.231350898999892],[115.44496154800015,-8.233835220999936],[115.4478759770002,-8.238946914999929],[115.44868469200003,-8.239662168999928],[115.447471618,-8.242474555999934],[115.44828799951051,-8.24591999879101],[115.45304870700022,-8.24384784699987],[115.454842,-8.242488],[115.457458,-8.242051],[115.45765686000004,-8.242892264999966],[115.4570160000003,-8.246498000999964],[115.4549100080003,-8.250786966999897],[115.453575,-8.25205],[115.453217,-8.251584],[115.45212554900002,-8.251365661999898],[115.4493942260001,-8.252605437999932],[115.446342,-8.256194],[115.44280242900015,-8.258869170999901],[115.441612,-8.26074],[115.4398345950001,-8.262501716999907],[115.4387970005879,-8.262247000072534],[115.43694305500026,-8.26282977999989],[115.4352340700002,-8.264001846999975],[115.43441772400013,-8.26509761799997],[115.43024444600019,-8.267189978999966],[115.42882537900005,-8.271122932999958],[115.42867279000018,-8.273381233999942],[115.429245,-8.273163999999895],[115.43016065419647,-8.273826757636755],[115.43173199090711,-8.275443990017948],[115.43169400000022,-8.276139998999952],[115.42961883600003,-8.278905867999981],[115.4295272820001,-8.280303955999955],[115.42636871400009,-8.284505842999977],[115.42563599900018,-8.289675998999826],[115.42463684100005,-8.29117393499996],[115.42366027700007,-8.294108389999906],[115.423698,-8.29522599899991],[115.42284393400018,-8.296119689999955],[115.4224240000002,-8.30255499899988],[115.42155456600005,-8.304144857999972],[115.41876220800009,-8.305717468999887],[115.41894499900002,-8.30650499899997],[115.41844177300015,-8.30747413599994],[115.42002094288694,-8.308578384893224],[115.41989898600002,-8.309942244999945],[115.42136383000002,-8.311413763999951],[115.42140960700021,-8.31295204099996],[115.4209136960003,-8.313352584999961],[115.41805267400002,-8.313584327999934],[115.41654968200021,-8.31461715599994],[115.4160614010002,-8.315540313999975],[115.41592404300002,-8.316345114999933],[115.417091,-8.316724],[115.41728973400029,-8.31813621599997],[115.41815899900018,-8.318642999999895],[115.41822800700004,-8.319467853999925],[115.41773200000011,-8.320326],[115.41497802800018,-8.322081565999952],[115.41306304800003,-8.322513580999953],[115.40989699900013,-8.322518998999954],[115.40896606400008,-8.32202529899996],[115.40895080500002,-8.323546409999892],[115.40969848600014,-8.325717925999982],[115.40877533000014,-8.32946300499998],[115.40885162300015,-8.331255912999893],[115.40953064000007,-8.332454681999934],[115.40911865300006,-8.333416938999903],[115.40916442800005,-8.334817885999826],[115.41056060800008,-8.33783721899988],[115.40916442800005,-8.339044570999931],[115.406997681,-8.339735983999958],[115.40576171900011,-8.341105459999937],[115.4025192260001,-8.341040611999972],[115.40229797400013,-8.341294288999848],[115.40348815900006,-8.342754364999962],[115.40335845900006,-8.34486961399989],[115.3995590200002,-8.344359397999881],[115.39885711700026,-8.344762801999934],[115.39856719900013,-8.346907614999964],[115.39880371000004,-8.348735809999937],[115.39785003800034,-8.35050773599994],[115.39888763400006,-8.352450370999975],[115.39843750000011,-8.354292869999938],[115.39896392800017,-8.35626983599991],[115.3956069950001,-8.356999396999981],[115.39653015100009,-8.35840892799996],[115.39611816400009,-8.362046240999916],[115.39715576300023,-8.365398405999827],[115.39843750000011,-8.366518020999933],[115.39930725100021,-8.36838150099993],[115.39944458000014,-8.370366095999884],[115.40116119300012,-8.371937751999894],[115.40255737300004,-8.375560759999928],[115.4039840700002,-8.376313209999978],[115.40409088000001,-8.378133772999888],[115.40351867600009,-8.380668638999964],[115.40415954600019,-8.381653784999912],[115.40631103400017,-8.383186339999895],[115.40813446000004,-8.385175704999938],[115.40700530900017,-8.386547088999976],[115.4067840570001,-8.388486862999969],[115.40833282400013,-8.39394092599997],[115.40895080500002,-8.39475250199996],[115.40880584600018,-8.395804405999968],[115.41075134200003,-8.39758682199988],[115.41228485200008,-8.398268698999914],[115.41207122900005,-8.399338720999879],[115.413551331,-8.39906597099997],[115.41427612300026,-8.399893759999884],[115.41523742700008,-8.400212286999874],[115.41646576000016,-8.40347766799988],[115.4155197130001,-8.405530928999951],[115.41544342000009,-8.407750129999954],[115.41616058300008,-8.40893840799987],[115.41516113400007,-8.410106657999904],[115.41557312100008,-8.411514281999928],[115.415168762,-8.411607740999955],[115.41425323400006,-8.413093565999873],[115.41328430100009,-8.418633460999956],[115.41380310000011,-8.42053604199998],[115.41503143300008,-8.421137809999948],[115.41409301700003,-8.423546790999978],[115.41413116500019,-8.424715042999878],[115.4148559570001,-8.425337791999823],[115.4148559570001,-8.427064895999877],[115.4143676770002,-8.427200316999915],[115.414245606,-8.428132057999903],[115.41352081200023,-8.429200172999913],[115.41418457100019,-8.430268287999922],[115.41410827700008,-8.431961059999935],[115.41460418800011,-8.434030531999895],[115.41299438500005,-8.43451023199998],[115.41230774000007,-8.43616104199998],[115.4112014760002,-8.436286924999877],[115.41188049300013,-8.437614439999948],[115.41317749100017,-8.437800405999894],[115.41329193100023,-8.438755035999918],[115.41245269700005,-8.43892955699988],[115.41171264700006,-8.439771650999944],[115.41168212900004,-8.440678595999941],[115.41074371400009,-8.44115638799991],[115.410697937,-8.441646575999869],[115.41148376400008,-8.442005157999972],[115.41167450000023,-8.442604063999966],[115.41136932400002,-8.442998884999952],[115.4106140130001,-8.44293022099987],[115.40928649900025,-8.44462108599987],[115.40836334300025,-8.448813436999956],[115.40689086900011,-8.450339315999884],[115.40547943000013,-8.450587272999883],[115.4057769770003,-8.451962469999899],[115.40446472300005,-8.451926230999902],[115.40395355100009,-8.45151710399989],[115.40345764100005,-8.45210170599995],[115.40400695900007,-8.452975271999946],[115.40304565400004,-8.453389166999898],[115.4041671760001,-8.45478534699987],[115.40284729000007,-8.454563140999937],[115.40245819100016,-8.45636749299996],[115.40178680500003,-8.456474303999926],[115.39962768600003,-8.456295012999817],[115.39585876500018,-8.455280302999881],[115.3954772940001,-8.457057952999946],[115.39486694300001,-8.457523344999913],[115.3951416010002,-8.458081245999892],[115.39272308300008,-8.459672927999975],[115.3914184570001,-8.46158695299988],[115.39039611800001,-8.461810110999977],[115.38843536400009,-8.464338301999874],[115.3872528080002,-8.465008735999959],[115.38692474300012,-8.466136931999927],[115.38570404100017,-8.467035292999924],[115.38510131800012,-8.466907499999934],[115.38468170100032,-8.466249465999908],[115.38395690900006,-8.461936949999881],[115.3776474010001,-8.461079596999923],[115.376312256,-8.460267065999915],[115.37511444000017,-8.461418152999954],[115.37351989800004,-8.465173720999928],[115.37293243500005,-8.465563773999975],[115.37281799200002,-8.46689796499993],[115.37156677300004,-8.467314718999944],[115.37075805600011,-8.470283507999909],[115.36950683700013,-8.470862387999944],[115.36901855400015,-8.472937582999975],[115.36785888700001,-8.473985671999912],[115.36745452900016,-8.475140570999883],[115.36634826700003,-8.475276946999884],[115.36728668300009,-8.476300239999944],[115.36830139100005,-8.476564406999955],[115.36808014000007,-8.477235793999967],[115.36869811900033,-8.478118895999955],[115.36878204300001,-8.479241370999944],[115.36852264400011,-8.47945403999995],[115.36777496300033,-8.479043005999927],[115.3676223760001,-8.480445861999954],[115.36719512900015,-8.480883597999934],[115.36671447900017,-8.480751035999958],[115.36628723100011,-8.482096671999898],[115.36531829800003,-8.482820510999943],[115.36511230400004,-8.483716964999928],[115.3638687130001,-8.483560562999969],[115.36328887900004,-8.485833166999896],[115.36365509000007,-8.488228796999977],[115.36263275200008,-8.488901137999903],[115.36109161300033,-8.491174696999906],[115.35948944000006,-8.49122142699997],[115.35812377900004,-8.492801665999934],[115.3575973510001,-8.4947109229999],[115.3578033440001,-8.495775222999953],[115.35709381100014,-8.496850967999876],[115.35695648200021,-8.498702049999906],[115.35624694800015,-8.499560354999971],[115.35684204100005,-8.500419615999931],[115.35668945400016,-8.502725600999952],[115.35710144100005,-8.503469465999956],[115.35675048900032,-8.504231451999942],[115.35597991900033,-8.504429815999913],[115.35678100600012,-8.505258559999902],[115.35623169000007,-8.50560283599998],[115.35611724900002,-8.50662231399997],[115.35486602800006,-8.506858824999881],[115.35426330500002,-8.507476805999943],[115.35472869900002,-8.508283613999936],[115.35431671100002,-8.508954047999964],[115.35452270500002,-8.509223937999934],[115.35345459000007,-8.509840964999967],[115.35445404200016,-8.51057052599998],[115.35410308800022,-8.511813163999932],[115.35529327400013,-8.512354849999895],[115.35586547800006,-8.513209341999868],[115.35527038500004,-8.51399803199996],[115.35536956700014,-8.51482295999989],[115.35576629600018,-8.515278816999967],[115.3566665650003,-8.515223503999948],[115.3572464,-8.516511916999946],[115.357627868,-8.520945549999965],[115.3499679570001,-8.522895812999934],[115.34577179000007,-8.52464675799996],[115.34380340500002,-8.524958609999942],[115.34220886300011,-8.52478313399996],[115.3404083260001,-8.523361204999901],[115.33651733400018,-8.522780417999911],[115.33454132100019,-8.52135562899997],[115.33513641400009,-8.519163130999914],[115.33406829900014,-8.517748831999882],[115.3344116200002,-8.516949652999926],[115.33226013200021,-8.516135214999963],[115.33132934600008,-8.514315603999933],[115.32913208000002,-8.51308822599998],[115.32942199600018,-8.512706755999943],[115.32917022700008,-8.511794090999956],[115.3297653200002,-8.510396002999926],[115.33094024700017,-8.509835243999873],[115.33216095000012,-8.509869575999971],[115.33242034900002,-8.509479521999936],[115.33180999800004,-8.508288383999968],[115.3296661380001,-8.507956503999935],[115.32944488500004,-8.505973815999937],[115.33007812500023,-8.504866598999968],[115.32967376800002,-8.504290581999953],[115.32866668600002,-8.49920749599994],[115.32778930700022,-8.498823165999909],[115.32741546700004,-8.498200415999975],[115.32734680200008,-8.494197845999906],[115.32649993900009,-8.492465019999884],[115.32527923500015,-8.491931914999952],[115.32416534500021,-8.490731238999956],[115.32486724800026,-8.490393637999944],[115.32560730000023,-8.488546370999927],[115.32691955600012,-8.487258910999913],[115.3268356330002,-8.486568450999812],[115.32779693500015,-8.484620094999968],[115.3274536140002,-8.482476233999876],[115.32782745400004,-8.481792449999944],[115.32720184200002,-8.48114299699995],[115.3277053830002,-8.480047225999897],[115.32769775300005,-8.477286338999875],[115.32699585000034,-8.476052283999934],[115.32711792100008,-8.475373266999952],[115.32633209200014,-8.472984314999906],[115.32511901900023,-8.471278189999964],[115.325172425,-8.469400406999966],[115.32485962000021,-8.46898650999998],[115.32640838500015,-8.467857359999925],[115.32723236100014,-8.465235708999899],[115.3264007570001,-8.462469099999964],[115.3252182020002,-8.461860655999885],[115.3256530770002,-8.46158885899996],[115.32503509600008,-8.459152221999943],[115.32503509600008,-8.457314490999977],[115.32334899900002,-8.455951690999939],[115.32436370900007,-8.453787802999955],[115.3246459950002,-8.452192305999972],[115.32394409200026,-8.44972705799995],[115.32061004600007,-8.444684028999973],[115.32104492100007,-8.443258284999956],[115.32078552200005,-8.440384864999942],[115.31954956100003,-8.439614295999945],[115.31822204600007,-8.439402580999968],[115.31864166300022,-8.438210487999982],[115.31790161100014,-8.43683815099996],[115.31796264700017,-8.435508728999821],[115.31750488300008,-8.434321402999899],[115.31771850500002,-8.43384647299996],[115.3187179570001,-8.433964728999968],[115.31929779000006,-8.43351936299996],[115.32020568900009,-8.431803702999957],[115.32034301800002,-8.430702208999946],[115.32206726100014,-8.429710386999943],[115.32283020000011,-8.42874908399989],[115.32310485800008,-8.426704405999942],[115.3254699710003,-8.424016952999978],[115.32635498000013,-8.421374320999973],[115.32725525,-8.421244619999925],[115.32720184200002,-8.419560431999969],[115.32875061000004,-8.41806983899994],[115.3292770390002,-8.415171622999935],[115.33083343500005,-8.414153097999872],[115.33103179900024,-8.41071891699994],[115.3303833010001,-8.409281729999975],[115.33139801100003,-8.408840178999924],[115.33050537200029,-8.405205725999963],[115.33055114700005,-8.403374672999973],[115.33166503900009,-8.40075874299987],[115.33171081600005,-8.399522779999927],[115.33225250200007,-8.398301124999932],[115.33286285500003,-8.398031234999905],[115.33244323800022,-8.39703273799995],[115.33258056700015,-8.395993231999967],[115.33465576200001,-8.391790389999926],[115.33671569800003,-8.384944914999892],[115.33711242700008,-8.380022048999933],[115.33659362700018,-8.380306243999883],[115.33467865000011,-8.380023955999889],[115.33332061700025,-8.377513885999974],[115.33615875200019,-8.373791693999976],[115.33660888600014,-8.366318701999944],[115.33344268700023,-8.365929602999813],[115.33206176800013,-8.37050628499992],[115.33006286600028,-8.37314796399994],[115.32912445000011,-8.373603819999971],[115.32857513400006,-8.372417449999887],[115.3285064710002,-8.364942549999967],[115.32569908800019,-8.36436562299997],[115.32563800000014,-8.362432],[115.326439,-8.362167],[115.32646942100007,-8.361645697999904],[115.32798,-8.359916000999874],[115.32891100000018,-8.359799],[115.33027600000014,-8.357935],[115.32972000100006,-8.357194],[115.329674,-8.355121000999873],[115.33046000000013,-8.35518],[115.33058900000015,-8.354681],[115.32989495200002,-8.35387451399987],[115.32981109500031,-8.352281611999956],[115.33004800100002,-8.350736],[115.33100900000022,-8.350149],[115.33072700008097,-8.347493000451891],[115.33098602200027,-8.345582006999962],[115.32988000000012,-8.343968],[115.329849,-8.342705],[115.328323,-8.33957],[115.32734699440493,-8.338321952560989],[115.32762909000019,-8.335742950999872],[115.32733917100006,-8.333745002999933],[115.3284840010001,-8.330657998999868],[115.32459300000016,-8.32885],[115.32422638000003,-8.329039573999921],[115.322357,-8.328299],[115.32241058929765,-8.329456306804445],[115.321098,-8.330734],[115.32065582300004,-8.332106590999956],[115.31878675200005,-8.333968040999935],[115.317604,-8.334491],[115.316818,-8.335709],[115.31684102519444,-8.336424903604154],[115.31636800000012,-8.336558],[115.31591796900011,-8.336556433999874],[115.3158645630001,-8.336030959999903],[115.31625366200012,-8.333866117999946],[115.31460571200012,-8.33180046099983],[115.31523132400002,-8.329568861999917],[115.31147003200022,-8.329292296999938],[115.30926513700012,-8.328581809999946],[115.30815887500012,-8.327792167999917],[115.30596923800022,-8.329584121999858],[115.30474853500004,-8.331491469999946],[115.30396270800009,-8.33445835099991],[115.29992675700021,-8.334212301999969],[115.29881286700004,-8.333565711999938],[115.29389953700013,-8.33249950399994],[115.29319763100011,-8.330662727999936],[115.294303893,-8.328188894999869],[115.29272460900006,-8.32689380699992],[115.29136657800007,-8.324623107999969],[115.29140472500012,-8.321708678999869],[115.29059600900018,-8.319479941999873],[115.29098510800009,-8.31615352599988],[115.28449249300002,-8.313593863999927],[115.28204345600011,-8.31660842899987],[115.2788848880001,-8.318114279999918],[115.27719116100002,-8.319907188999878],[115.27599334800016,-8.320045470999958],[115.27393341100014,-8.321898459999943],[115.27095031700003,-8.322609900999964],[115.26920318700024,-8.325816153999938],[115.26684570400016,-8.32797813499991],[115.26647949200003,-8.329326629999969],[115.26513671900022,-8.33024215599994],[115.26448822100008,-8.33180046099983],[115.26326751600004,-8.332857130999969],[115.2624893200001,-8.332904815999882],[115.26233673000013,-8.331900595999855],[115.26389312800006,-8.327591896999934],[115.2643890390002,-8.32447147299996],[115.26406860400004,-8.322090148999905],[115.26283264100005,-8.319145202999891],[115.26114654500009,-8.31817817599989],[115.25885009700005,-8.31508731799994],[115.25792694100005,-8.315244672999938],[115.25598907500012,-8.314073562999909],[115.25222778400018,-8.31493568399992],[115.25102234000008,-8.314536094999937],[115.25106048700013,-8.31348705299996],[115.24974823000002,-8.311849593999966],[115.24860382200018,-8.308906553999975],[115.2474517830002,-8.308093070999973],[115.24821472100007,-8.304505347999964],[115.24784851100014,-8.301897047999887],[115.24626159700006,-8.299893378999911],[115.24575805600011,-8.298130988999958],[115.2439041140002,-8.296260833999952],[115.24353027400014,-8.295225142999925],[115.24445343000014,-8.293392181999877],[115.24488067700008,-8.290563583999813],[115.24569702100007,-8.289905547999979],[115.24620056200013,-8.287097931999938],[115.24627685500013,-8.282292365999979],[115.24494934100005,-8.281508444999929],[115.24463653600003,-8.280876159999934],[115.24488830500002,-8.28046607899995],[115.24597930900018,-8.280327796999927],[115.24645996100003,-8.279381752999939],[115.24645996100003,-8.278241156999968],[115.2474517830002,-8.277321815999926],[115.24849700900018,-8.274635314999955],[115.24818420400027,-8.27360153199993],[115.25026702900004,-8.27032756799997],[115.25013732900015,-8.26924419299985],[115.25070190500014,-8.268084525999882],[115.25019073600004,-8.267130850999934],[115.25086975100021,-8.265692710999872],[115.25115966900034,-8.262454986999956],[115.24866485700034,-8.257187842999883],[115.24683380100021,-8.255893706999927],[115.24579620300017,-8.253575325999975],[115.24520111000004,-8.252999305999822],[115.24243927000009,-8.25208663899997],[115.24163055500026,-8.25125789699996],[115.23876953100012,-8.244031905999918],[115.23735046400009,-8.243754385999978],[115.23664093100024,-8.244297025999913],[115.23500061000016,-8.242705343999944],[115.2324905390002,-8.241876602999923],[115.23233032200005,-8.239923475999888],[115.23696899400011,-8.233579635999945],[115.23918914800015,-8.224646567999912],[115.24104309000006,-8.219823836999979],[115.24216461200012,-8.214225768999938],[115.24319458100001,-8.211246489999837],[115.24313354500009,-8.205922125999905],[115.24389648400006,-8.204368589999888],[115.24412536700027,-8.202076912999928],[115.24514770500014,-8.199294089999967],[115.24517822300015,-8.19491100199997],[115.2439041140002,-8.19260120399997],[115.24237823500016,-8.187601088999884],[115.24279785200008,-8.18648528999995],[115.24257659900002,-8.185338973999933],[115.24372863800022,-8.184220313999958],[115.24468994100005,-8.182489394999891],[115.24430084300002,-8.180575369999872],[115.24504852300026,-8.17657756799997],[115.24436187800006,-8.175402639999902],[115.24440002500012,-8.174282072999915],[115.2451629630001,-8.17226982099993],[115.24640655600012,-8.171765326999946],[115.25040435800008,-8.175599096999974],[115.25129699800004,-8.17710113499993],[115.25321197500034,-8.176900862999958],[115.25489044100016,-8.178605079999954],[115.25558471600016,-8.17798709899995],[115.257317,-8.174589],[115.26084137000021,-8.172308920999967],[115.26597595300007,-8.165235518999964],[115.26740293814044,-8.165083992428151],[115.27121734600018,-8.1664094919999],[115.27259826600005,-8.16473102499998],[115.27478027300003,-8.163293837999959],[115.27603101038073,-8.161714996566445],[115.27986145100033,-8.160905837999906],[115.2803497320001,-8.162848471999894],[115.28163100000029,-8.164374],[115.28070068300019,-8.166656492999948],[115.28100586000005,-8.167345047999959],[115.28355407700019,-8.169828413999937],[115.28529357900004,-8.170840263999878],[115.28704834100006,-8.171191214999965],[115.28903961200012,-8.170894621999935],[115.29235076900022,-8.168824194999956],[115.29295349200027,-8.16882705699993],[115.29529571500018,-8.170577048999974],[115.30100250200007,-8.173387527999978],[115.3060989380001,-8.174042701999895],[115.30648040900007,-8.173267364999958],[115.30492401100014,-8.171093940999981],[115.30442047200029,-8.169614791999948],[115.3046340950001,-8.168834684999922],[115.30780792300004,-8.166339872999913],[115.31188964700004,-8.164006233999942],[115.31330871600017,-8.161959647999879],[115.31407165500013,-8.15933227499994],[115.31639862100008,-8.15729427399998],[115.31732177700007,-8.15478038699996],[115.31739807100018,-8.152213095999912],[115.31679535000012,-8.14892101199996],[115.31718444800003,-8.147881507999898],[115.32220459000007,-8.144232749999901],[115.3234939580002,-8.144701956999825],[115.32476806600005,-8.14625072399997],[115.32546234100005,-8.14801311399998],[115.33143615800009,-8.155208586999947],[115.33335876600017,-8.156302452999967],[115.33437347300003,-8.153829573999928],[115.33726501400008,-8.150644302999979],[115.33789825400004,-8.14875221199992],[115.33795166100015,-8.145210265999935],[115.33890533500016,-8.143010139999888]]]]},"properties":{"zoneId":102,"zoneKey":"bali-bangli","name":"Bangli","regencyName":"Bangli","center":[115.34674691796101,-8.293464794496444],"sourceId":null}},{"type":"Feature","id":103,"geometry":{"type":"MultiPolygon","coordinates":[[[[114.43578299900003,-8.09798000099994],[114.4392550010001,-8.095043998999927],[114.440681,-8.09450499899998],[114.445183,-8.093262],[114.448708,-8.093501],[114.451759,-8.092598],[114.45671800100013,-8.093760000999964],[114.45942700100022,-8.093790000999888],[114.46376799900008,-8.094736999999895],[114.47715799900004,-8.096176],[114.4837110000002,-8.096181],[114.4874040000002,-8.09374],[114.490601,-8.094249],[114.4937970000002,-8.09570999899995],[114.49661300100001,-8.099225999999874],[114.496979,-8.100453000999892],[114.49917600100002,-8.101348998999981],[114.49971800100002,-8.10279799899996],[114.50068700100007,-8.10312799899998],[114.502106,-8.104654],[114.50579800000014,-8.111558999999886],[114.508141,-8.113881],[114.51150499900007,-8.116201],[114.515678,-8.123893999999893],[114.52317800100013,-8.133865000999947],[114.52347599900008,-8.138413998999852],[114.51771499900019,-8.144077998999876],[114.51729599900034,-8.144946],[114.51783799900011,-8.145458],[114.51973000000021,-8.14553700099998],[114.51913499900013,-8.147983],[114.51783799900011,-8.149930998999935],[114.51873799900011,-8.151853],[114.52017200000023,-8.153413999999884],[114.523163,-8.1547849989999],[114.52420800100003,-8.154802],[114.52530700000011,-8.153378000999965],[114.52646600100002,-8.153709000999982],[114.52850300000011,-8.153121999999883],[114.5297320000002,-8.151977],[114.531395,-8.151223],[114.53237199900002,-8.149744999999882],[114.5346760000001,-8.148351],[114.5358510000002,-8.146577],[114.53990200000021,-8.143075],[114.54061900000022,-8.140687],[114.54358699900001,-8.139054000999977],[114.545448,-8.139235000999918],[114.546661,-8.137510998999915],[114.55068200100015,-8.133507999999892],[114.554283,-8.132308],[114.55587000100002,-8.131192],[114.5564730010002,-8.132031],[114.55887599900007,-8.13352],[114.558533,-8.137955],[114.55954700100017,-8.139442000999907],[114.56213399900003,-8.140646998999955],[114.5629199990002,-8.14196699899992],[114.563004,-8.143641],[114.56598700000018,-8.141833],[114.56691000100011,-8.140329],[114.56843599900003,-8.14098600099993],[114.5687180010001,-8.139847],[114.57019800100022,-8.138812000999906],[114.57003799900008,-8.138312],[114.56906100000015,-8.137208998999881],[114.567551,-8.136668000999975],[114.5617449990001,-8.136352],[114.5615230000003,-8.13517],[114.5621029990001,-8.132252999999878],[114.562935,-8.131484000999933],[114.56703200100003,-8.129743],[114.56759599900022,-8.129109],[114.56861899900014,-8.129869],[114.5691299990001,-8.129794000999937],[114.56942,-8.128485],[114.56865700100002,-8.127518999999893],[114.56887100100016,-8.126831998999876],[114.57031199900018,-8.12630799999988],[114.5708390000002,-8.12701299899993],[114.57131200100002,-8.126950998999973],[114.571625,-8.125745998999946],[114.5736310010002,-8.124701000999949],[114.574043,-8.123806999999886],[114.57923100000016,-8.121498000999964],[114.58667,-8.11974799899997],[114.58960699900013,-8.121085],[114.59185800000012,-8.12053900099994],[114.59395600100004,-8.123013999999898],[114.59519200100033,-8.123332998999956],[114.594513,-8.128877999999872],[114.59312400000022,-8.130043],[114.59296400100004,-8.130734],[114.5937119990001,-8.137452000999929],[114.594513,-8.138974],[114.595566,-8.139344998999945],[114.5970539990002,-8.138776998999958],[114.59962500100016,-8.136028998999961],[114.6007389990001,-8.136647],[114.60043299900019,-8.137457000999973],[114.601242,-8.138350998999954],[114.60202800000013,-8.137972],[114.60379800000021,-8.13848300099994],[114.60530100100004,-8.13706500099994],[114.60530900000015,-8.135411],[114.60737600100003,-8.134601],[114.60768100100006,-8.133599999999888],[114.61311300000011,-8.132136998999897],[114.613548,-8.131582],[114.6124500000002,-8.127947998999957],[114.6150970010001,-8.127129998999862],[114.61642500100015,-8.125827],[114.61753800100007,-8.122791998999958],[114.618675,-8.123383999999874],[114.62000299900012,-8.126636],[114.621376,-8.127094999999883],[114.62122183400015,-8.128543207999883],[114.62137603800011,-8.12709522199998],[114.62257385200007,-8.12677192699988],[114.62593841600028,-8.127957343999924],[114.6300354010001,-8.128032682999958],[114.63172149700017,-8.12978267699998],[114.63384246900011,-8.130551337999975],[114.63481903000002,-8.131447790999971],[114.63488006600005,-8.133022306999976],[114.6358413700001,-8.134786604999931],[114.63957977300004,-8.138239860999931],[114.641242981,-8.137991904999922],[114.64231109600018,-8.13667488099992],[114.64467620900018,-8.135306358999912],[114.64494323700023,-8.133679389999884],[114.6438827520002,-8.131717680999941],[114.64575958300009,-8.130985258999885],[114.64582061800013,-8.132130622999966],[114.64888763400006,-8.136116981999976],[114.65167999300002,-8.138218879999954],[114.65397644000006,-8.140964508999957],[114.6550140390002,-8.1430521019999],[114.6558609010001,-8.143662452999877],[114.66046142700009,-8.144543646999978],[114.6613082890002,-8.144139289999885],[114.66175842300015,-8.14291954099997],[114.66299438500005,-8.142657280999913],[114.66613006500017,-8.145769118999908],[114.66966247500022,-8.146310806999963],[114.67344665500002,-8.147513388999926],[114.67615509000018,-8.14746856599993],[114.67922973600002,-8.146548270999972],[114.68154144200014,-8.144376753999893],[114.6840286260001,-8.14453601899993],[114.69065856900033,-8.1438636769999],[114.69371032700008,-8.144291877999933],[114.6978988640002,-8.146736144999977],[114.70169830400027,-8.150606155999924],[114.70455169800016,-8.151743888999931],[114.70793151900011,-8.154279707999933],[114.71043396100004,-8.15530681599995],[114.71241760200007,-8.15547466199996],[114.71338653700002,-8.154903411999953],[114.7140960700001,-8.153476714999954],[114.71401214600007,-8.152612684999951],[114.71577453600003,-8.150413511999886],[114.71630859400011,-8.15043544799994],[114.7166595450002,-8.151235579999934],[114.71575164800004,-8.152432440999974],[114.71520996000004,-8.154590606999932],[114.71691131700004,-8.156187056999954],[114.72034454300001,-8.156950950999885],[114.7213134760002,-8.157604216999971],[114.7264022820001,-8.157423019999953],[114.73535156300011,-8.160498618999952],[114.74172973700001,-8.165562628999908],[114.75028991600016,-8.169437407999965],[114.7515640260001,-8.16972160399996],[114.7540283210003,-8.16893482199987],[114.75716400100009,-8.169375419999938],[114.76410675100021,-8.171571730999915],[114.76779937700019,-8.173341750999896],[114.7703247070001,-8.173565863999897],[114.77221679600007,-8.172945022999954],[114.77756500200007,-8.174282072999915],[114.7798843380001,-8.174227714999972],[114.78167724700006,-8.175246237999943],[114.78693389800003,-8.176807403999874],[114.789703368,-8.17820262899994],[114.79235076900011,-8.178405760999965],[114.7950439460003,-8.179750441999943],[114.79824066100002,-8.180206297999973],[114.8028106700001,-8.182000159999916],[114.80414581200023,-8.18215751699995],[114.80947876000005,-8.186190605999968],[114.81351470900017,-8.186620710999932],[114.814865112,-8.186148643999957],[114.81553649900025,-8.185347555999954],[114.81719207800006,-8.18513584099992],[114.81858825700033,-8.188591002999885],[114.82079315200008,-8.190689086999953],[114.82342529300001,-8.19232654599989],[114.82594299400023,-8.192507743999954],[114.82840728700012,-8.19171523999995],[114.83171081600017,-8.188989638999942],[114.83264923100023,-8.187436103999914],[114.83313751300011,-8.187804221999897],[114.83223724400034,-8.190136907999886],[114.83302307100007,-8.192028998999945],[114.8340835570001,-8.193053244999874],[114.83621978800034,-8.193980215999943],[114.83988189700005,-8.193464278999954],[114.84008789100005,-8.191547393999883],[114.84165191700015,-8.19072437299991],[114.84291076600005,-8.1909065239999],[114.84651184000018,-8.193485259999932],[114.85132598800021,-8.19489574399995],[114.85846710300018,-8.195796012999892],[114.86119079500008,-8.196636199999944],[114.86580657900015,-8.196023940999908],[114.86821746700014,-8.196419714999877],[114.87600708000002,-8.195449829999859],[114.87847900300005,-8.194697379999923],[114.88323211600016,-8.192750930999921],[114.88552093500005,-8.191043852999883],[114.88967895500002,-8.190362928999946],[114.89085388300009,-8.189888953999912],[114.89174652200006,-8.188830374999895],[114.89294433600026,-8.18843078599997],[114.89798736500018,-8.189016340999899],[114.90320587200006,-8.187951087999977],[114.90384674100005,-8.187562942999932],[114.9051437380001,-8.184433935999948],[114.90695190500014,-8.182590484999821],[114.90966796900011,-8.184055327999943],[114.91551208600004,-8.184247016999905],[114.926193237,-8.182125090999932],[114.92835998500004,-8.180954932999953],[114.93396759100006,-8.183025359999931],[114.93872833300009,-8.183622359999845],[114.9544830320001,-8.182063101999972],[114.96199798600014,-8.182838438999909],[114.96693420300005,-8.182653426999877],[114.97312164300013,-8.181807517999971],[114.9749679570001,-8.18103408699983],[114.98148346000016,-8.181190490999882],[114.98621368400006,-8.18051242699994],[114.98978424100017,-8.17899131799993],[114.99325561600006,-8.176693915999977],[114.99916076600016,-8.176510809999911],[115.00191497700018,-8.17552471099998],[115.00417327800005,-8.174403190999897],[115.00559997500011,-8.173040389999926],[115.00817871100014,-8.167463302999977],[115.00979614200014,-8.166036605999977],[115.01325225800008,-8.165277480999976],[115.01692199800016,-8.16545391099993],[115.02188110300006,-8.16373825099987],[115.02523040700021,-8.1605815879999],[115.02719879200004,-8.156024931999923],[115.02816009500009,-8.154860494999923],[115.02955627500023,-8.153848647999894],[115.03688049300013,-8.15047359499988],[115.04119110000033,-8.147169111999915],[115.0457916260001,-8.145705223999869],[115.04869842500023,-8.143993377999891],[115.05067443900009,-8.14152908299991],[115.05055999700005,-8.139784813999938],[115.05131530700021,-8.138236998999957],[115.0584106440001,-8.13205432899997],[115.058776856,-8.130625724999902],[115.06049346900022,-8.129044532999899],[115.0628509520003,-8.125885962999973],[115.06334686300022,-8.12409591599993],[115.06520843500005,-8.121627807999971],[115.07324981700003,-8.11661147999996],[115.07562255800008,-8.114073753999946],[115.07586670000023,-8.112512587999845],[115.0777587890002,-8.109808921999957],[115.08077240000023,-8.108263015999967],[115.08300781200012,-8.105829237999842],[115.08509826700015,-8.104673385999945],[115.08988952700008,-8.10339164599992],[115.09429168800011,-8.101181029999907],[115.1051788330002,-8.09183216199989],[115.114181518,-8.085061071999917],[115.11532592900005,-8.084012030999872],[115.11628723100023,-8.081687926999962],[115.11809539900003,-8.081372260999956],[115.12068176200012,-8.081949233999921],[115.12354278600003,-8.08140754599998],[115.13190460300007,-8.0784559249999],[115.13770294200015,-8.074412345999917],[115.1468658440001,-8.069464683999968],[115.15646362400003,-8.064938543999972],[115.1588668820001,-8.064216612999928],[115.16899871900011,-8.06359386399987],[115.18441009600008,-8.061818122999966],[115.18633270300006,-8.06204319099993],[115.18864440900006,-8.06299972599993],[115.20146179300002,-8.07187175699994],[115.20387268100023,-8.073153495999918],[115.20772552400013,-8.07441520599997],[115.21223449700005,-8.075311659999898],[115.21432495100032,-8.076477049999937],[115.22332763700001,-8.079587935999939],[115.23049926800002,-8.080982207999966],[115.23326873800022,-8.08258438099989],[115.23645019500009,-8.08355140599997],[115.24068450800007,-8.083621024999957],[115.24433135900006,-8.083150862999958],[115.24996948300009,-8.08514499599994],[115.254372,-8.085886],[115.256668,-8.086801],[115.260704,-8.086663],[115.264809,-8.087989],[115.267532,-8.089993],[115.26849400000015,-8.08997],[115.271202,-8.092653],[115.276672,-8.09646],[115.278282,-8.096955],[115.280022,-8.09809],[115.284096,-8.098946],[115.29087829500008,-8.103182792999974],[115.29361689005145,-8.104345137051041],[115.29308321500025,-8.104366436999953],[115.29552500000023,-8.104874],[115.29824829100005,-8.104801176999956],[115.30258941600016,-8.105919836999874],[115.30882263100011,-8.106056212999874],[115.31391906700026,-8.109034537999946],[115.31726074200026,-8.109494208999934],[115.31948852600021,-8.110353469999893],[115.32211303600013,-8.112410545999921],[115.32379150500003,-8.113024711999913],[115.33118438700012,-8.112506865999876],[115.334396362,-8.111353873999974],[115.33641052200005,-8.111095428999931],[115.33912658600002,-8.111542700999962],[115.34273529000006,-8.114530562999903],[115.344367981,-8.117702483999892],[115.34579467800006,-8.119204521999848],[115.3506088260001,-8.122293471999967],[115.35456085200008,-8.126385687999914],[115.35802459700005,-8.128302572999871],[115.361175537,-8.129094122999902],[115.36663055500014,-8.129247664999923],[115.37125396700003,-8.131347655999946],[115.374717712,-8.13149833599988],[115.37676239000007,-8.132345199999975],[115.37830352700018,-8.134025573999907],[115.3797760010001,-8.134695052999973],[115.3821640000001,-8.134510993999925],[115.39002990700021,-8.135897636999914],[115.39845275900007,-8.13971996299989],[115.40155029400012,-8.141811370999903],[115.40474700900018,-8.143031120999979],[115.41198730500003,-8.14822482999989],[115.41355895900006,-8.150636671999962],[115.41608429000007,-8.152133941999864],[115.42148590000022,-8.152033804999917],[115.42302703800021,-8.152717589999838],[115.42943573000002,-8.15359115599989],[115.43461608800021,-8.155361175999872],[115.43709564200003,-8.155799864999949],[115.44068908800011,-8.157368659999975],[115.44219970600011,-8.157608031999928],[115.4456176760001,-8.159502029999942],[115.45370483500017,-8.162440299999957],[115.45661926200012,-8.16498470199997],[115.45733642500011,-8.166183470999954],[115.45621490500002,-8.166851996999924],[115.45497894200014,-8.166751861999899],[115.45462799100017,-8.167529105999904],[115.45240020700021,-8.16813373499997],[115.45107269200003,-8.169789314999889],[115.44876098600014,-8.171039580999945],[115.4474182130001,-8.171133994999934],[115.446777343,-8.171591758999966],[115.44616699200003,-8.171185492999939],[115.44480896100004,-8.172392843999944],[115.44403076200001,-8.172325133999891],[115.4436874380001,-8.173147201999882],[115.44300079300001,-8.172855375999973],[115.44181823800011,-8.174728393999885],[115.44185638500005,-8.175640105999946],[115.44243621700002,-8.176185606999923],[115.44187927300015,-8.177718161999906],[115.44103240900006,-8.177713393999966],[115.44065856900022,-8.178387641999961],[115.4401397700002,-8.178420066999877],[115.44005584800016,-8.178962706999926],[115.4385223390002,-8.179408072999934],[115.43828582800006,-8.180135726999936],[115.43714904700005,-8.18026733299996],[115.43715667700019,-8.18076801199993],[115.43630981500007,-8.181380272999945],[115.43521881100003,-8.180439948999947],[115.43424987800006,-8.180633544999978],[115.43407440300007,-8.181098936999945],[115.43251800500002,-8.181791304999933],[115.43162536600005,-8.181611060999955],[115.43021392900005,-8.182397842999933],[115.42826080300006,-8.186422346999962],[115.42905426000004,-8.18675613499994],[115.42853546100002,-8.18845081399985],[115.4027786260001,-8.188546180999936],[115.3994598380001,-8.189158439999972],[115.38999176000016,-8.185845374999928],[115.38957977300004,-8.18508148099994],[115.39095306400009,-8.178334234999909],[115.38510894800004,-8.175833702999967],[115.381607056,-8.173601150999957],[115.38182830700009,-8.173228262999942],[115.37918853800011,-8.170855521999897],[115.38111114600008,-8.16811847699995],[115.37743377600009,-8.164636610999878],[115.37608337300014,-8.163735388999896],[115.37500000000011,-8.16356658799998],[115.37444305400004,-8.164317130999905],[115.37441253700013,-8.165326117999882],[115.37194824200003,-8.168608664999965],[115.370018006,-8.168543815999953],[115.36793518100012,-8.166712760999872],[115.36650085400015,-8.163548469999967],[115.3649292,-8.161934851999888],[115.36466980000023,-8.161091804999955],[115.36526489300013,-8.158267974999887],[115.36726379400022,-8.156215667999902],[115.36807251000016,-8.154631613999925],[115.36769867000032,-8.152632712999832],[115.3666915900003,-8.15210914599993],[115.36595153800022,-8.152185439999926],[115.36183166500007,-8.154067037999937],[115.36084747400014,-8.153743742999893],[115.36048889200015,-8.153142929999944],[115.36314392100019,-8.14743995699996],[115.36277008100012,-8.145760535999898],[115.36172485300017,-8.145456313999887],[115.35949707100019,-8.14614677399993],[115.35604858400006,-8.148227691999978],[115.3553619390002,-8.149332045999927],[115.35285949700005,-8.15116596199988],[115.35162353400005,-8.15155506099984],[115.34741210900006,-8.149850844999946],[115.34033203000001,-8.144592283999884],[115.33890533500016,-8.143010139999888],[115.33795166100015,-8.145210265999935],[115.33789825400004,-8.14875221199992],[115.33726501400008,-8.150644302999979],[115.33437347300003,-8.153829573999928],[115.33335876600017,-8.156302452999967],[115.33143615800009,-8.155208586999947],[115.32546234100005,-8.14801311399998],[115.32476806600005,-8.14625072399997],[115.3234939580002,-8.144701956999825],[115.32220459000007,-8.144232749999901],[115.31718444800003,-8.147881507999898],[115.31679535000012,-8.14892101199996],[115.31739807100018,-8.152213095999912],[115.31732177700007,-8.15478038699996],[115.31639862100008,-8.15729427399998],[115.31407165500013,-8.15933227499994],[115.31330871600017,-8.161959647999879],[115.31188964700004,-8.164006233999942],[115.30780792300004,-8.166339872999913],[115.3046340950001,-8.168834684999922],[115.30442047200029,-8.169614791999948],[115.30492401100014,-8.171093940999981],[115.30648040900007,-8.173267364999958],[115.3060989380001,-8.174042701999895],[115.30100250200007,-8.173387527999978],[115.29529571500018,-8.170577048999974],[115.29295349200027,-8.16882705699993],[115.29235076900022,-8.168824194999956],[115.28903961200012,-8.170894621999935],[115.28704834100006,-8.171191214999965],[115.28529357900004,-8.170840263999878],[115.28355407700019,-8.169828413999937],[115.28100586000005,-8.167345047999959],[115.28070068300019,-8.166656492999948],[115.28163100000029,-8.164374],[115.2803497320001,-8.162848471999894],[115.27986145100033,-8.160905837999906],[115.27603101038073,-8.161714996566445],[115.27478027300003,-8.163293837999959],[115.27259826600005,-8.16473102499998],[115.27121734600018,-8.1664094919999],[115.26740293814044,-8.165083992428151],[115.26597595300007,-8.165235518999964],[115.26084137000021,-8.172308920999967],[115.257317,-8.174589],[115.25558471600016,-8.17798709899995],[115.25489044100016,-8.178605079999954],[115.25321197500034,-8.176900862999958],[115.25129699800004,-8.17710113499993],[115.25040435800008,-8.175599096999974],[115.24640655600012,-8.171765326999946],[115.24604034400022,-8.171789168999965],[115.2451629630001,-8.17226982099993],[115.24440002500012,-8.174282072999915],[115.24436187800006,-8.175402639999902],[115.24504852300026,-8.17657756799997],[115.24430084300002,-8.180575369999872],[115.24468994100005,-8.182489394999891],[115.24372863800022,-8.184220313999958],[115.24257659900002,-8.185338973999933],[115.24279785200008,-8.18648528999995],[115.24237823500016,-8.187601088999884],[115.2439041140002,-8.19260120399997],[115.24517822300015,-8.19491100199997],[115.24514770500014,-8.199294089999967],[115.24412536700027,-8.202076912999928],[115.24389648400006,-8.204368589999888],[115.24313354500009,-8.205922125999905],[115.24319458100001,-8.211246489999837],[115.24216461200012,-8.214225768999938],[115.24104309000006,-8.219823836999979],[115.23918914800015,-8.224646567999912],[115.23696899400011,-8.233579635999945],[115.23240661500006,-8.23945045399995],[115.23260498000002,-8.241948127999933],[115.230545043,-8.243482589999928],[115.22975921600005,-8.243879318999916],[115.22853088400007,-8.24295043799998],[115.22682189900013,-8.242430685999977],[115.22483825800009,-8.242577552999933],[115.22225189200014,-8.24437713499998],[115.2175598140002,-8.24635410299993],[115.21276092500011,-8.24616432099998],[115.20949554400033,-8.246800422999911],[115.20834350500013,-8.247767448999923],[115.20398712100007,-8.247654913999952],[115.20132446400021,-8.246986389999961],[115.19968414200002,-8.24581050899991],[115.19709014800014,-8.245090483999945],[115.19375610400016,-8.245013236999966],[115.19030761700003,-8.245678900999962],[115.18907928500016,-8.24526119199993],[115.18513488800022,-8.245243072999926],[115.18408203100023,-8.244841573999963],[115.1832580570001,-8.245342254999969],[115.17906951900011,-8.241862296999898],[115.17523956400021,-8.241583823999974],[115.17424011200023,-8.24194526599996],[115.16674041800002,-8.251790999999855],[115.16389465300006,-8.254652976999978],[115.15856170700022,-8.256588934999911],[115.15335083100001,-8.259074210999927],[115.15156555200019,-8.259693144999972],[115.14936065600011,-8.25978755899996],[115.1472549450001,-8.260666847999971],[115.1444015510001,-8.265305517999934],[115.14345550500013,-8.266137121999975],[115.14040374700005,-8.267796516999965],[115.13522338900009,-8.269836424999824],[115.12977600100021,-8.28468322599997],[115.12786865200007,-8.287862777999976],[115.12580108700013,-8.292453764999948],[115.12532043500016,-8.295251845999928],[115.12654876700014,-8.295585631999927],[115.12464141800001,-8.30628967299998],[115.12402343700012,-8.307815551999965],[115.12123870800019,-8.307524680999961],[115.11844635000011,-8.306652067999948],[115.11608886700014,-8.304106710999918],[115.1138916020002,-8.303024290999929],[115.11325836200001,-8.301759718999904],[115.11076355000012,-8.300863266999954],[115.10943603500004,-8.299100875999898],[115.10463714600007,-8.297720908999963],[115.10286712700008,-8.2983055119999],[115.10162353400005,-8.300601958999948],[115.1010131830003,-8.303620337999917],[115.10121154800015,-8.307120322999879],[115.09374237000009,-8.306530951999946],[115.09290313800011,-8.306800841999916],[115.0902023320001,-8.309198379999941],[115.08753204400011,-8.310864447999961],[115.08216858000014,-8.311703681999973],[115.0708236690001,-8.31175231899988],[115.06677246100014,-8.31048965499997],[115.06632995600023,-8.310809134999943],[115.06384277400014,-8.309702872999935],[115.05918121300022,-8.310398100999919],[115.05844116300023,-8.309104917999946],[115.05685424900003,-8.309449195999946],[115.05593872100008,-8.309247969999888],[115.04920196500018,-8.306395530999964],[115.04701995800019,-8.30724143999987],[115.04413604800015,-8.307025907999957],[115.04134369000019,-8.304853438999885],[115.03817749100017,-8.303639411999882],[115.03659057700008,-8.302515028999949],[115.0329666140002,-8.300891875999923],[115.03084564300013,-8.30048847199987],[115.02907562200016,-8.300658224999893],[115.02775573800011,-8.299873352999953],[115.02452087400002,-8.300694465999868],[115.02274322500011,-8.305127143999925],[115.02265930200019,-8.30647659199991],[115.02133941700015,-8.306368826999972],[115.02056884800004,-8.306719778999934],[115.02030181900011,-8.307173727999952],[115.0206832890002,-8.308232306999969],[115.01973724400034,-8.308442114999934],[115.01818084700005,-8.307774542999937],[115.01733398500005,-8.306925772999932],[115.0161895760001,-8.307116507999922],[115.01432800400005,-8.306179045999897],[115.01303863600015,-8.30891704399994],[115.0115356450001,-8.310730933999935],[115.01088714500008,-8.310724258999926],[115.01000213600025,-8.311663627999906],[115.0097351080002,-8.311273574999973],[115.0099411010001,-8.31006431499992],[115.00936126600004,-8.308980941999891],[115.00833129800003,-8.309012412999948],[115.00694275000012,-8.306637764999948],[115.00120544400022,-8.304057120999914],[115.00067138600002,-8.30301666299988],[114.99982452400002,-8.303490637999857],[114.9987411510001,-8.303191185999935],[114.99813842800006,-8.302733421999903],[114.99835968000014,-8.302498817999947],[114.99766540500013,-8.301439283999969],[114.9963989260001,-8.300274848999948],[114.99616241500007,-8.299438476999967],[114.99414825500025,-8.299653052999929],[114.9931869510001,-8.298513411999977],[114.99155425900005,-8.298968314999968],[114.99095916800013,-8.298632621999957],[114.99011993400006,-8.297163008999973],[114.99000549400023,-8.295597074999819],[114.989028931,-8.294748304999928],[114.98889923200022,-8.29350471499987],[114.98798370400027,-8.292478560999882],[114.98689270100033,-8.292350767999892],[114.98629760800009,-8.289441108999938],[114.98574066200001,-8.290170667999973],[114.98498535100009,-8.290389060999928],[114.98152160600011,-8.28924369699996],[114.98034667900015,-8.289566992999937],[114.97990417500012,-8.2884683609999],[114.9781265250001,-8.288231849999875],[114.97954559400023,-8.290426254999886],[114.98045349100028,-8.294715880999888],[114.98146820100021,-8.29573154399992],[114.98088073700012,-8.297774314999913],[114.97704315200008,-8.301120758999957],[114.97368621900011,-8.303104399999938],[114.9729843140002,-8.302910804999954],[114.97081756500006,-8.303445814999975],[114.97050476000004,-8.304305075999935],[114.96916961700015,-8.304666519999955],[114.96725463800021,-8.304407119999837],[114.96622467000009,-8.305335998999965],[114.96508789100005,-8.305596350999906],[114.96438598600002,-8.306503295999903],[114.96402740400003,-8.308670997999911],[114.96266937300004,-8.310083388999885],[114.96448516800001,-8.311782835999907],[114.9640197760001,-8.312638282999899],[114.96251678600004,-8.31289482099993],[114.96168518200022,-8.31473731999995],[114.96202850300006,-8.316586493999921],[114.96079254200004,-8.318313598999907],[114.9603958140001,-8.321147917999951],[114.95874023400006,-8.322581291999882],[114.95833587700008,-8.323617934999959],[114.95865631000004,-8.325149534999923],[114.95935058500004,-8.325749397999914],[114.95922851700004,-8.326798438999958],[114.96043396100015,-8.328355789999932],[114.96024322500034,-8.330803869999954],[114.96054077100007,-8.331487654999876],[114.95919799800015,-8.332010268999966],[114.95867919900024,-8.33264255599994],[114.95869445700009,-8.333796499999949],[114.95904541100003,-8.334166526999923],[114.9585418700002,-8.334334372999876],[114.95536804100004,-8.338047026999902],[114.95536041300011,-8.339239119999888],[114.95488739100006,-8.340018271999952],[114.95635986300022,-8.34109306199997],[114.95625305200019,-8.342355727999916],[114.9549713130001,-8.343710899999962],[114.95565795900006,-8.345433234999973],[114.95531463600014,-8.346032142999888],[114.9542236320001,-8.345948218999979],[114.9544525150003,-8.347191809999913],[114.95364379800026,-8.348571776999961],[114.95298004100016,-8.348799705999909],[114.95336914000006,-8.34959983799996],[114.95201110900007,-8.350805281999953],[114.95169067400013,-8.35305595299991],[114.9524993890002,-8.355072021999945],[114.95057678200021,-8.356379507999918],[114.95092010500002,-8.35749149299994],[114.95029449500021,-8.35832118899998],[114.95005035400015,-8.360547065999981],[114.94846344000007,-8.360947609999869],[114.94902801600006,-8.361639976999982],[114.94721221900022,-8.361687659999916],[114.94673156600015,-8.36148643499996],[114.94659423700011,-8.36084842699995],[114.94544982900004,-8.360654830999977],[114.94185638500028,-8.358570097999973],[114.94172668400029,-8.359679222999944],[114.93792724600019,-8.357564925999952],[114.93540954600007,-8.356763838999939],[114.9352569580002,-8.35777568899988],[114.93567657500023,-8.358510970999873],[114.93437957700019,-8.358904838999877],[114.93417358300019,-8.35933208399996],[114.93518066500019,-8.360954284999934],[114.93359375000011,-8.360892294999928],[114.93296813900008,-8.36231708399987],[114.93159484900002,-8.363814353999942],[114.9328918450002,-8.364763258999915],[114.93188476600005,-8.365514753999946],[114.93105316200001,-8.366991995999967],[114.93165588500005,-8.367699623999954],[114.93157196100003,-8.368370054999957],[114.93074798500004,-8.369396209999934],[114.93068695200009,-8.371361732999958],[114.92962646500018,-8.372545242999877],[114.93030548100023,-8.374078749999967],[114.92912292400001,-8.375609396999948],[114.92873382500022,-8.376905439999973],[114.92957306000017,-8.37791538199997],[114.93136596600016,-8.378194807999876],[114.93184661900023,-8.379502296999874],[114.93309021000016,-8.380233763999911],[114.9330749510001,-8.380673408999883],[114.93168640100009,-8.383157729999937],[114.93048858700013,-8.38265037399998],[114.92784118600002,-8.382853508999972],[114.92566680900029,-8.38250636999993],[114.92343139700006,-8.383258819999924],[114.92082977300015,-8.381902693999905],[114.92007446200023,-8.381081580999933],[114.91479492200006,-8.379757880999819],[114.9093322760001,-8.377645491999942],[114.90778350900018,-8.376644134999935],[114.90248870800019,-8.37526988899998],[114.90191650400016,-8.371466634999933],[114.8980712890002,-8.365189550999958],[114.89670562700019,-8.357601165999938],[114.89337158100022,-8.355226516999949],[114.8923950200001,-8.35405540399995],[114.89147186200012,-8.353858947999925],[114.89099884000007,-8.353030203999936],[114.88904571600006,-8.353050231999873],[114.88740539600008,-8.351797103999957],[114.88609314000007,-8.34861755399993],[114.88436889600007,-8.34669589999993],[114.88294220000012,-8.34592914599989],[114.87950134300024,-8.345182418999855],[114.87816619800003,-8.344325065999953],[114.87390136800013,-8.340400694999971],[114.87202453600003,-8.338113784999962],[114.87029266400009,-8.337194441999884],[114.86521148600002,-8.335314750999885],[114.86399078400007,-8.335277556999927],[114.86260223400006,-8.336105345999954],[114.86185455400005,-8.338833808999937],[114.8607788090003,-8.340679167999951],[114.85873413000002,-8.340850829999908],[114.85849761900022,-8.341469764999886],[114.8569564820001,-8.340100287999974],[114.85524749700005,-8.33952331599994],[114.85113525400004,-8.336621284999978],[114.84712219300013,-8.337509153999918],[114.84629821800002,-8.33723926599987],[114.84481048500015,-8.335564612999974],[114.84263610800008,-8.335173606999945],[114.84123230000012,-8.335746763999964],[114.84031677200005,-8.337433814999883],[114.83892059400034,-8.337805747999937],[114.83576965400005,-8.336235046999946],[114.83374023400017,-8.335987089999946],[114.83086395200007,-8.33406734499988],[114.82674407900015,-8.33409500099998],[114.82551574600006,-8.333857535999925],[114.824089049,-8.33292674899991],[114.82341003500017,-8.33158779099989],[114.82346344000007,-8.329336165999962],[114.82218170200008,-8.325013160999902],[114.82260131900023,-8.322530746999973],[114.82479095500003,-8.317652700999929],[114.82086944600019,-8.317444800999965],[114.81875610400027,-8.315382956999883],[114.81870269700005,-8.31154823299994],[114.81893158000003,-8.309965132999878],[114.82038116500019,-8.306868552999902],[114.82057953000003,-8.30151271699998],[114.81937408400006,-8.300139427999966],[114.82019042900004,-8.29936790399995],[114.81891632200006,-8.297994612999958],[114.819107056,-8.295216559999972],[114.81867218000014,-8.294251441999961],[114.81643676800002,-8.292779922999955],[114.81650543200021,-8.291382789999886],[114.81589508000002,-8.289484977999905],[114.817489625,-8.28513049999998],[114.8171386710003,-8.281837462999874],[114.81307983400029,-8.279098509999926],[114.81287384100006,-8.276705741999933],[114.81373596200001,-8.273946762999913],[114.81363678000002,-8.27147769999982],[114.81079864400022,-8.26627635899996],[114.81114959800027,-8.26460170799993],[114.81180572600022,-8.263689039999917],[114.81378936700014,-8.263882636999938],[114.81529998700023,-8.264748571999917],[114.81598663200009,-8.264255523999907],[114.81701660100032,-8.260922432999905],[114.81658172500022,-8.259957312999973],[114.81487274200015,-8.259171485999957],[114.81208038400007,-8.256547927999975],[114.81022644000006,-8.253867149999962],[114.80797576900011,-8.252318381999942],[114.80561065600011,-8.251535414999921],[114.80265045200031,-8.251388548999955],[114.79975128100011,-8.251993178999953],[114.79865265000012,-8.25269317699997],[114.79559326200012,-8.25664615699992],[114.7895660390003,-8.25547027499988],[114.78658294700006,-8.254205702999968],[114.7850494380001,-8.25429153399989],[114.78319549600019,-8.255972860999918],[114.78302002000021,-8.256467818999909],[114.78414154000006,-8.258046149999927],[114.78318023700001,-8.25951671699994],[114.7827377320001,-8.259885786999916],[114.77909088100012,-8.260078430999954],[114.77825927700007,-8.26043414999998],[114.77613067700008,-8.263137816999972],[114.7746124260002,-8.261843680999903],[114.77097320500025,-8.26018333299993],[114.77152252100007,-8.257999420999909],[114.77082061800002,-8.255276679999952],[114.76619720400004,-8.253437041999973],[114.76292419300023,-8.249065398999846],[114.76024627700019,-8.24313068399988],[114.75846099900025,-8.241197585999885],[114.7580413820001,-8.236992835999956],[114.75590515200008,-8.23188495699992],[114.75277710000012,-8.230081557999938],[114.75159454200013,-8.228921890999914],[114.74813842800017,-8.223669051999877],[114.74604797500012,-8.22255897499997],[114.74411773700012,-8.222630500999912],[114.73818206900012,-8.220907209999893],[114.73694610600012,-8.22040653199997],[114.73593139600018,-8.219438553999964],[114.73323059200015,-8.218984602999967],[114.73089599700018,-8.217597959999978],[114.72763061400008,-8.217016219999891],[114.72491455200009,-8.215188026999897],[114.72349548300019,-8.21300983499998],[114.71947479200014,-8.209814070999869],[114.71619415300006,-8.208559988999866],[114.71202850300017,-8.205404280999971],[114.70684051500007,-8.202613829999905],[114.70307922400013,-8.198546409999892],[114.7020950330002,-8.198402404999968],[114.7009658820001,-8.198847770999976],[114.69737243600014,-8.203825949999953],[114.69257354700017,-8.207902907999937],[114.69126892100007,-8.209541319999971],[114.6906814580002,-8.21953487299993],[114.68788909900002,-8.225612640999941],[114.6842803950002,-8.231654165999942],[114.68296051100003,-8.230858801999943],[114.67921447800018,-8.226534843999957],[114.67395019600019,-8.223266600999978],[114.66747284000019,-8.222434996999937],[114.66289520300006,-8.2242374409999],[114.65972137500012,-8.224986075999936],[114.65249633800022,-8.225964546999933],[114.65173339800015,-8.224098204999962],[114.64904022200005,-8.22169399199987],[114.64674377400013,-8.22025108399987],[114.64467620900018,-8.219253539999954],[114.64259338400007,-8.218605994999905],[114.63996124300013,-8.218420980999952],[114.637634,-8.217344],[114.63578796300021,-8.21532535599988],[114.6331178820003,-8.21412285699995],[114.63252299900023,-8.213399],[114.63204193000013,-8.211913108999909],[114.62815098700014,-8.205001939999875],[114.62781524700006,-8.202060698999901],[114.6267395020003,-8.198999403999892],[114.62375640900018,-8.19478893299987],[114.62334442200006,-8.193125725999948],[114.62058299900013,-8.190427],[114.61928599900011,-8.186415],[114.61925506600028,-8.184535025999935],[114.61861419600007,-8.183890342999973],[114.617157,-8.183709998999973],[114.61372394700015,-8.184350956999822],[114.61201486800007,-8.18291096299987],[114.61000824000007,-8.182215689999964],[114.60873413000002,-8.180670736999957],[114.60710904400003,-8.179985023999961],[114.60428619400022,-8.177524566999978],[114.60325620600008,-8.177474986999869],[114.60164642300003,-8.178469656999937],[114.59805297800017,-8.176739692999945],[114.595787,-8.176299000999904],[114.5911870010001,-8.177425],[114.59055328300008,-8.176181791999966],[114.5904541010002,-8.173852919999945],[114.59001159600007,-8.173402785999883],[114.58870697000009,-8.174189567999974],[114.58818799900007,-8.176540000999978],[114.58527374300002,-8.177474974999939],[114.58248100000014,-8.181802],[114.57618699900013,-8.187141],[114.572654972,-8.189555006999967],[114.56936600000017,-8.19058199899996],[114.56240844700017,-8.191864966999958],[114.56095107300018,-8.19279593999994],[114.55926500000021,-8.194709],[114.55323791500007,-8.197791098999971],[114.55066691700029,-8.197567970999955],[114.53983300000016,-8.193208998999978],[114.532928,-8.191112],[114.53195199900006,-8.191226000999961],[114.528198,-8.195042998999952],[114.526604,-8.19733],[114.52331543000003,-8.199970243999928],[114.52196499900015,-8.202198000999886],[114.51940199900002,-8.204903998999953],[114.516662999,-8.205370000999892],[114.51368700000012,-8.205654],[114.50962800000013,-8.205265998999892],[114.50734710700033,-8.201141356999926],[114.50589800100033,-8.199923],[114.5014720040001,-8.199229999999886],[114.50014500100008,-8.198678],[114.49815368600002,-8.196429252999963],[114.494346618,-8.193624496999973],[114.493134,-8.193496],[114.49075317400002,-8.194017409999901],[114.48642000100006,-8.19613399899987],[114.48442077500022,-8.195732115999931],[114.48084293400018,-8.197153969999817],[114.47599792500012,-8.195568084999934],[114.47270200100013,-8.196325],[114.470641999,-8.196091],[114.46699499900024,-8.194873000999905],[114.46359300100016,-8.195185],[114.458923,-8.193711],[114.45703112000001,-8.192477075999932],[114.455948,-8.18747],[114.45646667500012,-8.185029028999963],[114.456268,-8.17649999899993],[114.4572300010002,-8.174229],[114.45902996600012,-8.171845375999908],[114.45932000000016,-8.172248998999919],[114.46004500000015,-8.17203099999989],[114.4633480010001,-8.16969200099993],[114.46615600100006,-8.168595],[114.466766,-8.167988],[114.46684299900028,-8.167089998999927],[114.46817800100007,-8.166372000999957],[114.46820800100011,-8.165997999999888],[114.46769000100005,-8.165296999999896],[114.46595800000011,-8.164692],[114.46545399900015,-8.163877],[114.46302000100002,-8.162351],[114.46226500100022,-8.16233100099987],[114.46134200000017,-8.163284],[114.460136,-8.163246],[114.459808,-8.162303000999884],[114.4606480000001,-8.16192199999989],[114.46012900000017,-8.160857000999954],[114.4592129990001,-8.160160000999952],[114.45749700100009,-8.160159000999954],[114.45441399900005,-8.161285],[114.45144700000014,-8.160968998999977],[114.44946300000015,-8.16001100099993],[114.44826499900023,-8.158827998999925],[114.44554899900004,-8.15759800099994],[114.44500000000016,-8.15684400099991],[114.44473999900003,-8.148685],[114.44643400100006,-8.146168000999978],[114.446564,-8.144237000999965],[114.44378700000016,-8.132892998999921],[114.44070400100009,-8.12813700099997],[114.43644699900005,-8.124342999999897],[114.43415099900005,-8.121617998999966],[114.43270099900008,-8.119133],[114.43375400000014,-8.118279],[114.4340360010001,-8.117174],[114.434357,-8.109670998999832],[114.43510400000025,-8.106952],[114.43436399900008,-8.102933999999891],[114.435677,-8.100733999999875],[114.43578299900003,-8.09798000099994]]],[[[114.610382,-8.1227],[114.610153,-8.122859],[114.609673,-8.122284],[114.609779,-8.121731],[114.610382,-8.1227]]],[[[114.62017800000012,-8.118527],[114.620316,-8.118481],[114.620476,-8.118467],[114.620636,-8.118516],[114.620636,-8.118659],[114.620476,-8.118796],[114.620384,-8.118854],[114.620331,-8.118906],[114.620224,-8.1189],[114.620148,-8.118866],[114.62004100000013,-8.118747],[114.620064,-8.118647],[114.620117,-8.11858],[114.62017800000012,-8.118527]]],[[[114.59265100000016,-8.118031],[114.59243000000015,-8.118559],[114.59202600000015,-8.118517],[114.59215500000016,-8.118074],[114.59265100000016,-8.118031]]],[[[114.617218,-8.114877],[114.617554,-8.114685],[114.62009400000011,-8.115822],[114.62142200000017,-8.11698],[114.62081100000023,-8.11697],[114.617218,-8.114877]]],[[[114.616386,-8.11516],[114.616196,-8.114583],[114.616562,-8.114628],[114.616386,-8.11516]]],[[[114.50229600000011,-8.094386],[114.504776,-8.093574],[114.507896,-8.093337],[114.514549,-8.091866],[114.51823400000023,-8.092758],[114.524818,-8.092935],[114.526695,-8.092414],[114.528023,-8.09345],[114.528465,-8.094867],[114.52795400000014,-8.095984],[114.526688,-8.096366],[114.523865,-8.098639],[114.519836,-8.099979],[114.517616,-8.100176],[114.51506800000016,-8.099397],[114.513382,-8.098334],[114.510307,-8.09807],[114.508789,-8.096809],[114.50693500000011,-8.096121],[114.50280800000019,-8.095987],[114.502815,-8.09495],[114.50229600000011,-8.094386]]]]},"properties":{"zoneId":103,"zoneKey":"bali-buleleng","name":"Buleleng","regencyName":"Buleleng","center":[114.96368355276441,-8.200824890153106],"sourceId":null}},{"type":"Feature","id":104,"geometry":{"type":"MultiPolygon","coordinates":[[[[115.23474121200002,-8.5916242589999],[115.23529052800018,-8.59171581299995],[115.23589324900001,-8.592784880999943],[115.23649597200006,-8.59818744699993],[115.23814392100007,-8.598017690999939],[115.23851776200001,-8.599225997999952],[115.2385330200002,-8.599749564999968],[115.2380981440001,-8.599678993999873],[115.23744964600007,-8.600383756999918],[115.23715972800005,-8.601481437999894],[115.23744964600007,-8.602622031999942],[115.23947143600003,-8.602820395999913],[115.23952484100016,-8.602535247999867],[115.2422866830002,-8.603073119999976],[115.24254608100011,-8.604799270999877],[115.24296569800015,-8.604815481999879],[115.24317932200006,-8.605555533999905],[115.24304962100007,-8.608077049999906],[115.24414825500003,-8.611061094999968],[115.24386596700015,-8.611238478999951],[115.244323731,-8.611245155999939],[115.24521637000021,-8.612908363999964],[115.24604797400013,-8.61290073399988],[115.24743652400002,-8.61440467899996],[115.24877929700006,-8.616950987999871],[115.25074768000013,-8.617913245999944],[115.25091552700007,-8.619215964999967],[115.2517166130001,-8.620166778999874],[115.25277710000012,-8.620841980999955],[115.2534866330002,-8.620796203999816],[115.25445556600016,-8.622512816999915],[115.2556762700001,-8.622947691999912],[115.25559234700029,-8.624614714999836],[115.25633239700005,-8.62597465399989],[115.25614929300002,-8.628331183999933],[115.25728607100007,-8.629386900999975],[115.25802612300004,-8.631156921999946],[115.25881958000002,-8.631603239999947],[115.25905609100005,-8.63339138099991],[115.25960540700021,-8.633707045999927],[115.26028442400013,-8.636286734999942],[115.2621231080002,-8.637135504999947],[115.2627944940001,-8.636816978999946],[115.26448059100017,-8.637432097999977],[115.2647705070001,-8.637980460999927],[115.26453399600018,-8.638603209999928],[115.2658004750001,-8.640384673999904],[115.26575470000012,-8.6414175029999],[115.26812744200015,-8.641683577999913],[115.2693176270003,-8.641373632999944],[115.27000427200005,-8.642330169999923],[115.271537781,-8.647095680999882],[115.27499389600007,-8.650158881999971],[115.26852417000009,-8.654808044999925],[115.26699066100002,-8.656543730999942],[115.26196289000006,-8.663577078999936],[115.26087951700003,-8.666520118999927],[115.2607650760001,-8.669121742999948],[115.26338195900018,-8.67336654699983],[115.2636947640002,-8.673071860999869],[115.26402282700008,-8.673537254999928],[115.26358032300004,-8.67358016999998],[115.264549256,-8.674816131999933],[115.26419067400002,-8.674848555999972],[115.26457977300015,-8.676816940999856],[115.26533508300008,-8.67699622999993],[115.26419830300006,-8.681929587999946],[115.2648010260001,-8.682307242999912],[115.26590728800011,-8.688008307999894],[115.26637268200011,-8.688383102999921],[115.26732635400015,-8.69226550999997],[115.26612091000004,-8.700470924999877],[115.26502227800006,-8.704425811999897],[115.26407623200032,-8.706062316999976],[115.2617416380001,-8.708285330999956],[115.25551605300006,-8.711749075999933],[115.2533874510001,-8.711943626999926],[115.25289917000009,-8.712227820999942],[115.25308990400015,-8.712876318999918],[115.25261688200021,-8.712463378999871],[115.2518692020002,-8.712557792999974],[115.25088500900006,-8.712719915999969],[115.25068664500009,-8.713210105999849],[115.25063323900031,-8.71214675899995],[115.2498703010001,-8.711992263999889],[115.24834442200006,-8.712460516999897],[115.24800109800003,-8.71117973399987],[115.24559783900008,-8.710873603999971],[115.24467468300008,-8.712213514999974],[115.24436187800006,-8.71241664899992],[115.24396514900002,-8.712049484999909],[115.2434387200002,-8.712668418999954],[115.2428817760001,-8.714456557999938],[115.24150848400006,-8.714910505999853],[115.23905181900022,-8.717295645999911],[115.23464965800008,-8.718157767999969],[115.23252868600025,-8.719531059999952],[115.22785949700005,-8.719849584999963],[115.22697448800011,-8.720554350999976],[115.2271499640002,-8.721364020999943],[115.2263793950001,-8.721424101999844],[115.2252502450001,-8.722218513999849],[115.22547149700017,-8.722514152999963],[115.22517395100022,-8.722670554999922],[115.22458648600002,-8.722499846999938],[115.22470092700019,-8.723476409999932],[115.229355,-8.727247],[115.229759,-8.727206],[115.230026,-8.726299999999867],[115.22901200000024,-8.72526],[115.229759,-8.724228],[115.230484,-8.72406],[115.23090400000012,-8.723405],[115.231377,-8.723728],[115.234398,-8.723042],[115.236465,-8.721353],[115.239204,-8.721479],[115.242126,-8.72305],[115.24310300000013,-8.724661],[115.244659,-8.725154],[115.24522400000012,-8.728399],[115.244614,-8.729568],[115.2429350000001,-8.729302],[115.241837,-8.727369],[115.241135,-8.726923],[115.240173,-8.727055],[115.239388,-8.727708],[115.239388,-8.728879],[115.24048600000015,-8.729763],[115.241821,-8.730047],[115.24231,-8.731035],[115.241798,-8.731683],[115.240372,-8.731627],[115.23944900000015,-8.73218],[115.24007400000016,-8.734168],[115.23657200000014,-8.736344],[115.237137,-8.737496],[115.2379,-8.737529],[115.240784,-8.734707],[115.242569,-8.735044],[115.244476,-8.734131],[115.245026,-8.732855],[115.244522,-8.731603],[115.244759,-8.730861],[115.247421,-8.728273],[115.24914600000011,-8.728368],[115.24912300000017,-8.731296],[115.248718,-8.731201],[115.24734500000011,-8.732723],[115.2474820000001,-8.734302],[115.24674200000015,-8.736156],[115.246223,-8.736381999999878],[115.245293,-8.735885],[115.243958,-8.736921],[115.244286,-8.738144],[115.24391200000014,-8.739627999999868],[115.24261500000011,-8.739879],[115.239388,-8.743521],[115.236313,-8.743763],[115.23500800000022,-8.742922],[115.234024,-8.741267],[115.232155,-8.739844],[115.23076600000024,-8.739046],[115.2285,-8.739009],[115.229919,-8.737444],[115.22927900000013,-8.735722],[115.229744,-8.734975],[115.229256,-8.735166],[115.22955300000024,-8.737254],[115.22819500000014,-8.739136],[115.228355,-8.740446],[115.228775,-8.740794],[115.22761500000013,-8.74178],[115.229668,-8.743524],[115.233696,-8.744209],[115.234833,-8.745449],[115.235054,-8.74656],[115.23413100000016,-8.748424],[115.233429,-8.74866],[115.232765,-8.748348],[115.23022500000025,-8.750185],[115.230507,-8.75158],[115.229347,-8.752644],[115.22825600000021,-8.752358],[115.225204,-8.750469],[115.21922300000017,-8.748799],[115.218178,-8.747903],[115.21788,-8.747063],[115.219673,-8.739556],[115.220665,-8.738653],[115.22045900000012,-8.737019],[115.220772,-8.735209],[115.22184800000014,-8.73489],[115.222282,-8.734305],[115.221718,-8.731899],[115.22222100000022,-8.731321],[115.223808,-8.731186],[115.22438,-8.729592],[115.226562,-8.728265],[115.227402,-8.727275],[115.22704309222604,-8.726924896999947],[115.22576141400009,-8.726969718999953],[115.22415161100002,-8.725645063999934],[115.22190094000007,-8.726153372999875],[115.22082519500009,-8.72711944599996],[115.219161987,-8.72709941799991],[115.21845245400016,-8.726688384999932],[115.21771240200007,-8.727092741999911],[115.21737670900006,-8.72653484299991],[115.21531677200005,-8.727292060999957],[115.21517944300001,-8.72692584899994],[115.21453094500032,-8.72718238899995],[115.21377563500005,-8.726782797999931],[115.211685181,-8.736426353999889],[115.2138366700002,-8.738090514999953],[115.2135543820001,-8.740724562999901],[115.2133712760002,-8.741475105999939],[115.21307373000013,-8.741389274999847],[115.212249756,-8.744805334999967],[115.21091461100002,-8.744985579999934],[115.21089172400002,-8.745256422999887],[115.21185302700007,-8.745439528999952],[115.21190643200032,-8.746868133999953],[115.20869445900007,-8.746653555999956],[115.205955506,-8.745980261999932],[115.20800018400007,-8.738269805999948],[115.20604705800008,-8.737855910999883],[115.20657348700001,-8.735943793999922],[115.20722198500005,-8.735754012999962],[115.21092224100016,-8.736439704999952],[115.21163177400001,-8.73343467699982],[115.21073150700022,-8.731596945999911],[115.20909881600005,-8.730394363999949],[115.20772552400013,-8.73029708799993],[115.20638275100009,-8.729378698999938],[115.2048416140002,-8.729270933999942],[115.20435333300009,-8.729898452999976],[115.20481872500022,-8.730503081999927],[115.20469665400014,-8.730927466999958],[115.20505523600013,-8.731522559999974],[115.20594024700006,-8.731719970999961],[115.20500946100015,-8.732907294999961],[115.20265960600011,-8.733070371999872],[115.20137786900023,-8.732048988999907],[115.19987487800017,-8.733021734999909],[115.1994934080002,-8.73414039499994],[115.19738769400021,-8.733800888999895],[115.19693756100003,-8.734576224999955],[115.19670868000003,-8.737229346999982],[115.19611358700001,-8.738157272999956],[115.19516754200004,-8.73792743699994],[115.19435882500034,-8.737014769999917],[115.19300079400011,-8.737194060999911],[115.19258117700019,-8.736623763999887],[115.19135284400022,-8.737518310999917],[115.19036865300006,-8.737675665999973],[115.18852996900011,-8.735770225999886],[115.18750000100022,-8.735451698999896],[115.18772888200021,-8.734649658999956],[115.18701934800015,-8.734709738999982],[115.18627929600018,-8.732198713999935],[115.18753814800004,-8.731855392999876],[115.18680572600022,-8.72167205799991],[115.1847915640002,-8.721808433999911],[115.18485260000011,-8.72102546799988],[115.18645477200016,-8.72084045399987],[115.18747711200001,-8.718276023999977],[115.18699646000005,-8.717987059999928],[115.18679046500029,-8.716972349999935],[115.1870346070001,-8.711407661999942],[115.18453979500009,-8.70742893299996],[115.18354797300003,-8.705101013999979],[115.18199920600011,-8.70476436599995],[115.1821289070001,-8.70184040099997],[115.18112182700008,-8.700646399999926],[115.18115997400014,-8.699896812999896],[115.18033599800015,-8.699797629999978],[115.18035888600025,-8.699066160999905],[115.17946624700005,-8.698266983999872],[115.17705535900006,-8.697739600999967],[115.1763153070001,-8.696425437999835],[115.17636108400006,-8.695731162999948],[115.17678070100021,-8.695546148999824],[115.17890930100009,-8.695564269999977],[115.17946624700005,-8.695138931999963],[115.18003082300004,-8.692752837999876],[115.17976379400022,-8.692047119999927],[115.17777252200017,-8.691729544999873],[115.177246093,-8.689633368999978],[115.1773986820001,-8.687722204999943],[115.17688751100002,-8.686172484999872],[115.17591095000012,-8.685729025999876],[115.17546081500006,-8.685052871999972],[115.17560577400013,-8.683245657999919],[115.17372894300013,-8.683210372999952],[115.173698424,-8.682653426999934],[115.17519378700001,-8.681275367999888],[115.17514038200011,-8.680718421999813],[115.17560577400013,-8.68050670599996],[115.17633056700015,-8.678566932999956],[115.17774963400018,-8.67806053199996],[115.17844390900018,-8.676610946999972],[115.17946624700005,-8.676078796999889],[115.1797103880001,-8.67489910099988],[115.17746734600007,-8.670363425999938],[115.17743682900016,-8.669573783999965],[115.17679595900006,-8.66909885399997],[115.17583465700011,-8.66680908199993],[115.17475128100034,-8.662982939999893],[115.17471313400017,-8.660418509999886],[115.17758178600002,-8.658365248999928],[115.17801666200012,-8.660759925999912],[115.180564881,-8.66013908399998],[115.17977142400014,-8.658926962999942],[115.18032837000021,-8.657592772999976],[115.1813812260001,-8.657341955999925],[115.18202209400022,-8.653130530999874],[115.18129730300018,-8.650792121999928],[115.18177795500003,-8.64795589399995],[115.18153381400009,-8.646513938999874],[115.18091583200032,-8.645967482999879],[115.18129730300018,-8.644826889999933],[115.18069458000014,-8.643936157999974],[115.18153381400009,-8.640587805999928],[115.18119049000018,-8.634379386999967],[115.18123626700014,-8.633785246999935],[115.18153381400009,-8.633780478999881],[115.1805572510001,-8.629799842999944],[115.18116760200019,-8.628535270999862],[115.18228149400034,-8.628675459999897],[115.18193054200026,-8.626191138999957],[115.18226623600015,-8.624357222999947],[115.18182373000013,-8.623491286999979],[115.1807403570001,-8.623318671999868],[115.17957305900018,-8.618670463999877],[115.17980957100019,-8.61618137299996],[115.1803741450002,-8.615819930999919],[115.18194580100021,-8.616155623999873],[115.18292999200003,-8.615834235999955],[115.18418884300002,-8.616564749999895],[115.18485260000011,-8.615566253999873],[115.18637847900015,-8.616104125999925],[115.18708038400007,-8.615178107999952],[115.18814849900002,-8.615220069999964],[115.1888046270002,-8.612761496999894],[115.19152069200004,-8.612545011999941],[115.19186401300033,-8.613012313999945],[115.19447326700003,-8.611698149999938],[115.19650268500004,-8.612244604999944],[115.19766998300008,-8.612000463999891],[115.19725799600019,-8.608999252999922],[115.19631957900003,-8.606801032999954],[115.19644165000011,-8.60610294299994],[115.19989776700015,-8.606360434999885],[115.20075225900018,-8.605133056999932],[115.20172882000008,-8.604911803999926],[115.20299530000023,-8.603773115999957],[115.20349884100006,-8.602814673999887],[115.20451355000023,-8.602882383999884],[115.20551300000011,-8.601946829999918],[115.20703887900004,-8.601541518999966],[115.20826721200012,-8.600781440999981],[115.20829773000003,-8.600324629999932],[115.20922088600003,-8.60007858299997],[115.20993042000009,-8.597946167999964],[115.21108245800019,-8.597633360999907],[115.21136474700018,-8.598400115999937],[115.21239471500019,-8.59843635599998],[115.21408081100003,-8.597423552999942],[115.21457672200029,-8.596161841999901],[115.21764373800022,-8.596942900999977],[115.21833038300008,-8.596010206999892],[115.22254943800021,-8.596397399999944],[115.22377014100005,-8.597620009999957],[115.22615814200003,-8.59560298799994],[115.22564697300027,-8.592761039999914],[115.23220825100009,-8.592411040999934],[115.23474121200002,-8.5916242589999]]],[[[115.232841,-8.722673000999976],[115.23267400100008,-8.72280499999988],[115.23275799900011,-8.722633998999925],[115.232841,-8.722673000999976]]]]},"properties":{"zoneId":104,"zoneKey":"bali-denpasar","name":"Denpasar","regencyName":"Denpasar","center":[115.22094716275741,-8.668663019561748],"sourceId":null}},{"type":"Feature","id":105,"geometry":{"type":"MultiPolygon","coordinates":[[[[115.27499389600007,-8.650158881999971],[115.271537781,-8.647095680999882],[115.27000427200005,-8.642330169999923],[115.2693176270003,-8.641373632999944],[115.26812744200015,-8.641683577999913],[115.26575470000012,-8.6414175029999],[115.2658004750001,-8.640384673999904],[115.26453399600018,-8.638603209999928],[115.2647705070001,-8.637980460999927],[115.26448059100017,-8.637432097999977],[115.2627944940001,-8.636816978999946],[115.2621231080002,-8.637135504999947],[115.26028442400013,-8.636286734999942],[115.25960540700021,-8.633707045999927],[115.25905609100005,-8.63339138099991],[115.25881958000002,-8.631603239999947],[115.25802612300004,-8.631156921999946],[115.25728607100007,-8.629386900999975],[115.25614929300002,-8.628331183999933],[115.25633239700005,-8.62597465399989],[115.25559234700029,-8.624614714999836],[115.2556762700001,-8.622947691999912],[115.25445556600016,-8.622512816999915],[115.2534866330002,-8.620796203999816],[115.25277710000012,-8.620841980999955],[115.2517166130001,-8.620166778999874],[115.25091552700007,-8.619215964999967],[115.25074768000013,-8.617913245999944],[115.24877929700006,-8.616950987999871],[115.24743652400002,-8.61440467899996],[115.24604797400013,-8.61290073399988],[115.24504089400011,-8.612703321999959],[115.244323731,-8.611245155999939],[115.24386596700015,-8.611238478999951],[115.24414825500003,-8.611061094999968],[115.24304962100007,-8.608077049999906],[115.24317932200006,-8.605555533999905],[115.24296569800015,-8.604815481999879],[115.24254608100011,-8.604799270999877],[115.2422866830002,-8.603073119999976],[115.24263000400026,-8.603143691999946],[115.24391937200005,-8.601500511999973],[115.24397277700007,-8.599444387999938],[115.24449157700019,-8.598978995999971],[115.24512481600027,-8.59900760499994],[115.24522399800014,-8.596323966999933],[115.24618530300017,-8.596299170999941],[115.24629974400011,-8.595934867999972],[115.2471389780003,-8.59204864399993],[115.2467041020002,-8.591862677999927],[115.24774932900004,-8.58791255999995],[115.24957275400004,-8.584980964999943],[115.2491760260001,-8.583493232999956],[115.24977111900023,-8.578655243999947],[115.24933624300013,-8.57443237299998],[115.24693298300008,-8.570435523999947],[115.24612426800002,-8.566867828999875],[115.24490356400008,-8.564159391999965],[115.2448577890001,-8.563887596999962],[115.2455520640001,-8.563831328999981],[115.24556732200028,-8.563321112999972],[115.24474334800016,-8.562709808999898],[115.24487304700017,-8.558335303999911],[115.24149322600022,-8.556089400999952],[115.24029541000004,-8.550407409999934],[115.23934936500018,-8.549457550999875],[115.23908233600002,-8.547985076999908],[115.23589324900001,-8.545775412999944],[115.23575592000009,-8.54532146399987],[115.23509216300022,-8.545369148999896],[115.23351287900005,-8.539258957999891],[115.23192596500007,-8.539127348999955],[115.23114013600014,-8.538290022999945],[115.23294067300014,-8.536293028999978],[115.23239135700021,-8.53421306599995],[115.23299408000003,-8.529330252999955],[115.2322616580002,-8.529047011999978],[115.23133850000022,-8.527720451999926],[115.2303085320001,-8.527540205999912],[115.229850768,-8.525216101999888],[115.23144531300022,-8.523700713999915],[115.23174285900018,-8.522823332999906],[115.23181915300006,-8.522057531999963],[115.23058319000006,-8.521304130999965],[115.23072052100008,-8.518664359999946],[115.23104095400004,-8.517142295999975],[115.23187255800019,-8.516397475999895],[115.23258972100007,-8.514251708999893],[115.23366546700004,-8.51323795299993],[115.23335266200002,-8.512435912999933],[115.23483276400009,-8.511929511999938],[115.23566436800002,-8.512446403999832],[115.23603057800005,-8.512274740999942],[115.23706817600032,-8.511456489999887],[115.23718261700014,-8.510134695999966],[115.2384567260001,-8.508652685999891],[115.23767089900002,-8.507696150999891],[115.238334656,-8.505523681999932],[115.23795318500015,-8.505068777999952],[115.23792266900011,-8.502923964999923],[115.24034881500006,-8.499923704999958],[115.24179077200006,-8.499512672999856],[115.24283599900002,-8.499835012999881],[115.24320220900006,-8.499402044999954],[115.24255371100026,-8.498190878999935],[115.24321746900011,-8.496013640999877],[115.24201965300017,-8.49475669799989],[115.24209594700005,-8.493186950999927],[115.24018860000001,-8.49155425999993],[115.24211883500016,-8.490259168999899],[115.242393493,-8.489209174999814],[115.24359130900018,-8.487748145999888],[115.2432098390002,-8.486271857999952],[115.24222564800004,-8.487278936999871],[115.24168396000016,-8.48684978499989],[115.24163055500026,-8.486024855999972],[115.24355316200013,-8.483691215999954],[115.24421691900022,-8.479143142999874],[115.24494171200001,-8.47774887099996],[115.24328613300008,-8.475864409999929],[115.24206543000014,-8.476032256999872],[115.24173736500006,-8.474447250999901],[115.24288940400004,-8.473853110999869],[115.24252319400011,-8.472361564999915],[115.24438476600017,-8.471917151999833],[115.24404144300024,-8.47148990699992],[115.24140930200019,-8.471156118999943],[115.24126434300001,-8.470803259999968],[115.24236297700008,-8.469805717999918],[115.24108886700003,-8.466738699999894],[115.24191284100016,-8.466197013999931],[115.24225616400008,-8.465143202999968],[115.24143219000007,-8.463831900999935],[115.24011230400015,-8.463418006999973],[115.23889160200008,-8.462267874999895],[115.23838806100002,-8.461341856999923],[115.23850250300006,-8.459527015999981],[115.23623657200005,-8.45851993499997],[115.23616790700021,-8.457505226999956],[115.23521423400007,-8.456650733999936],[115.23543548500015,-8.45501231999998],[115.23397827100007,-8.454454421999912],[115.23435211100002,-8.45252323099993],[115.2321090690001,-8.451245307999955],[115.23117828300019,-8.450220107999883],[115.23224639800003,-8.449537275999944],[115.23262786800012,-8.448122976999912],[115.23165130700022,-8.447180747999937],[115.23094177200005,-8.448323248999941],[115.23046112100019,-8.445754050999938],[115.22960662900016,-8.44513320999988],[115.23036956700003,-8.443832395999891],[115.22980499300002,-8.44200038799994],[115.23055267300026,-8.439462660999936],[115.23038482600032,-8.436971664999874],[115.2315673830002,-8.436511992999954],[115.23181915300006,-8.435724258999869],[115.23187255800019,-8.435115812999982],[115.23112487800006,-8.434348106999892],[115.23106384200003,-8.433559416999913],[115.23256683300008,-8.432675360999951],[115.23246765100009,-8.43007278399989],[115.23342895600013,-8.429328918999886],[115.23348999100017,-8.42817783299995],[115.233169556,-8.42740631099997],[115.23072052100008,-8.42589569099988],[115.23116302500011,-8.423452375999943],[115.23020935000022,-8.421180724999942],[115.23052978500016,-8.419173240999953],[115.2297973630001,-8.417790412999977],[115.22984314000007,-8.417093275999946],[115.2293853760001,-8.41670703799997],[115.22881317200017,-8.41694641099997],[115.22831726100003,-8.416474341999901],[115.2291793820001,-8.411412238999958],[115.22847747800006,-8.409914969999932],[115.2273788450002,-8.409297942999956],[115.22933197100019,-8.407459258999893],[115.2282791140002,-8.406517982999901],[115.22868347100018,-8.405596731999879],[115.22843933200011,-8.404699324999967],[115.22899627800018,-8.403593062999903],[115.22777557300003,-8.401994705999925],[115.22839355500014,-8.400373459999969],[115.22795104900013,-8.399212837999869],[115.22844696000004,-8.397971151999968],[115.22790527400002,-8.397150038999825],[115.22849273700001,-8.394982336999874],[115.22673797700008,-8.394136427999968],[115.22691345300007,-8.392979620999881],[115.22579193000013,-8.391866683999922],[115.22537994400011,-8.3902530659999],[115.22646331700014,-8.38917255499996],[115.22541809000006,-8.388463973999933],[115.2260208130001,-8.38807487399987],[115.22692871100014,-8.386316298999873],[115.22785186700014,-8.386075972999947],[115.22828674200014,-8.383951187999912],[115.23130035400004,-8.384058952999965],[115.23170471200012,-8.381858824999938],[115.23110198900008,-8.381386756999916],[115.23112487800006,-8.380553245999977],[115.23189544600007,-8.379694937999943],[115.23171997100008,-8.378841400999931],[115.23401641800024,-8.376930235999964],[115.23435211100002,-8.375294684999915],[115.23533630300017,-8.374060631999953],[115.23489379900013,-8.37345790899991],[115.23526763900009,-8.372681616999898],[115.23439025800008,-8.371386528999949],[115.2344970710003,-8.369554519999951],[115.23331451500019,-8.369488714999932],[115.23452758700034,-8.368211744999883],[115.23471069300001,-8.367326735999939],[115.23622131400009,-8.366619109999931],[115.23703766000028,-8.364980696999964],[115.23619079500008,-8.363824844999897],[115.23666381700002,-8.363169668999888],[115.23625946100015,-8.361721038999917],[115.23493194600019,-8.360966682999958],[115.23439025800008,-8.357815742999946],[115.23602295,-8.35607147099995],[115.23641967800017,-8.354771612999969],[115.23750305200008,-8.354074477999973],[115.23799133200032,-8.352307319999966],[115.23751068200022,-8.351694105999968],[115.2386627210002,-8.35090637199994],[115.23887634300013,-8.349244116999898],[115.23987579300001,-8.347921371999973],[115.2403335570001,-8.3459377289999],[115.24177551200012,-8.345906256999967],[115.24214935400028,-8.34553527799983],[115.24162292500012,-8.34293937599989],[115.24270629800003,-8.342449187999932],[115.2436218260001,-8.342899321999937],[115.24463653600003,-8.340698240999927],[115.24587249800015,-8.341964720999897],[115.24672698900008,-8.341257094999946],[115.2477874760001,-8.341360091999945],[115.2481155390002,-8.339167593999832],[115.24932098300008,-8.338327406999952],[115.2478714,-8.335719107999978],[115.24743652400002,-8.333577154999944],[115.24798584000007,-8.331917761999932],[115.24529266400009,-8.330438612999956],[115.24445343000014,-8.330504417999975],[115.24337768500004,-8.32921314299989],[115.2434692390002,-8.328028679999932],[115.24552917500012,-8.327713011999947],[115.2454223630001,-8.32657337199987],[115.24656677200005,-8.32503795699995],[115.24571990900006,-8.32413482699991],[115.24494171200001,-8.321884153999918],[115.24759674000018,-8.321764945999917],[115.249023437,-8.320485113999894],[115.24720001300011,-8.31851005599998],[115.24742126400008,-8.317543982999894],[115.24856567500012,-8.317226408999943],[115.24893188500005,-8.316044807999958],[115.25102234000008,-8.314536094999937],[115.25222778400018,-8.31493568399992],[115.25620269800004,-8.31409931199994],[115.25792694100005,-8.315244672999938],[115.25885009700005,-8.31508731799994],[115.25974273600002,-8.31595897699998],[115.26114654500009,-8.31817817599989],[115.26283264100005,-8.319145202999891],[115.26406860400004,-8.322090148999905],[115.2643890390002,-8.32447147299996],[115.26389312800006,-8.327591896999934],[115.26233673000013,-8.331900595999855],[115.2624893200001,-8.332904815999882],[115.2630462640002,-8.332908630999952],[115.26448822100008,-8.33180046099983],[115.26513671900022,-8.33024215599994],[115.26647949200003,-8.329326629999969],[115.26684570400016,-8.32797813499991],[115.26881408600013,-8.326341627999966],[115.27095031700003,-8.322609900999964],[115.27393341100014,-8.321898459999943],[115.27599334800016,-8.320045470999958],[115.27719116100002,-8.319907188999878],[115.2788848880001,-8.318114279999918],[115.28204345600011,-8.31660842899987],[115.28449249300002,-8.313593863999927],[115.29098510800009,-8.31615352599988],[115.29059600900018,-8.319479941999873],[115.29140472500012,-8.321708678999869],[115.29136657800007,-8.324623107999969],[115.29272460900006,-8.32689380699992],[115.294303893,-8.328188894999869],[115.29319763100011,-8.330662727999936],[115.29389953700013,-8.33249950399994],[115.29881286700004,-8.333565711999938],[115.29992675700021,-8.334212301999969],[115.30396270800009,-8.33445835099991],[115.30474853500004,-8.331491469999946],[115.30596923800022,-8.329584121999858],[115.30815887500012,-8.327792167999917],[115.30926513700012,-8.328581809999946],[115.31147003200022,-8.329292296999938],[115.31523132400002,-8.329568861999917],[115.31460571200012,-8.33180046099983],[115.31625366200012,-8.333866117999946],[115.3158645630001,-8.336030959999903],[115.31591796900011,-8.336556433999874],[115.31636800000012,-8.336558],[115.31684102519444,-8.336424903604154],[115.316818,-8.335709],[115.317604,-8.334491],[115.31878675200005,-8.333968040999935],[115.32065582300004,-8.332106590999956],[115.321098,-8.330734],[115.32241058929765,-8.329456306804445],[115.322357,-8.328299],[115.32422638000003,-8.329039573999921],[115.32459300000016,-8.32885],[115.3284840010001,-8.330657998999868],[115.32733917100006,-8.333745002999933],[115.32762909000019,-8.335742950999872],[115.32734699440493,-8.338321952560989],[115.328323,-8.33957],[115.329849,-8.342705],[115.32988000000012,-8.343968],[115.33098602200027,-8.345582006999962],[115.33072700008097,-8.347493000451891],[115.33100900000022,-8.350149],[115.33004800100002,-8.350736],[115.32981109500031,-8.352281611999956],[115.32989495200002,-8.35387451399987],[115.33058900000015,-8.354681],[115.33046000000013,-8.35518],[115.329674,-8.355121000999873],[115.32972000100006,-8.357194],[115.33027600000014,-8.357935],[115.32891100000018,-8.359799],[115.32798,-8.359916000999874],[115.32646942100007,-8.361645697999904],[115.326439,-8.362167],[115.32563800000014,-8.362432],[115.32569908800019,-8.36436562299997],[115.3285064710002,-8.364942549999967],[115.32857513400006,-8.372417449999887],[115.32912445000011,-8.373603819999971],[115.33006286600028,-8.37314796399994],[115.33206176800013,-8.37050628499992],[115.33344268700023,-8.365929602999813],[115.33660888600014,-8.366318701999944],[115.33615875200019,-8.373791693999976],[115.33332061700025,-8.377513885999974],[115.33467865000011,-8.380023955999889],[115.33659362700018,-8.380306243999883],[115.33711242700008,-8.380022048999933],[115.33671569800003,-8.384944914999892],[115.33555603100012,-8.389177322999899],[115.33377075200008,-8.393913268999881],[115.33293151800012,-8.394980429999976],[115.33244323800022,-8.39703273799995],[115.33286285500003,-8.398031234999905],[115.33225250200007,-8.398301124999932],[115.33171081600005,-8.399522779999927],[115.33166503900009,-8.40075874299987],[115.33055114700005,-8.403374672999973],[115.33050537200029,-8.405205725999963],[115.33139801100003,-8.408840178999924],[115.3303833010001,-8.409281729999975],[115.33103179900024,-8.41071891699994],[115.33083343500005,-8.414153097999872],[115.3292770390002,-8.415171622999935],[115.32875061000004,-8.41806983899994],[115.32720184200002,-8.419560431999969],[115.32725525,-8.421244619999925],[115.32635498000013,-8.421374320999973],[115.3254699710003,-8.424016952999978],[115.32310485800008,-8.426704405999942],[115.32283020000011,-8.42874908399989],[115.32206726100014,-8.429710386999943],[115.32034301800002,-8.430702208999946],[115.32020568900009,-8.431803702999957],[115.31929779000006,-8.43351936299996],[115.31752014100016,-8.434158324999885],[115.31790161100014,-8.43683815099996],[115.31864166300022,-8.438210487999982],[115.31822204600007,-8.439402580999968],[115.31954956100003,-8.439614295999945],[115.32078552200005,-8.440384864999942],[115.32104492100007,-8.443258284999956],[115.32061004600007,-8.444684028999973],[115.32394409200026,-8.44972705799995],[115.3246459950002,-8.452192305999972],[115.32436370900007,-8.453787802999955],[115.32334899900002,-8.455951690999939],[115.32503509600008,-8.457314490999977],[115.32503509600008,-8.459152221999943],[115.3256530770002,-8.46158885899996],[115.3252182020002,-8.461860655999885],[115.3264007570001,-8.462469099999964],[115.32723236100014,-8.465235708999899],[115.32640838500015,-8.467857359999925],[115.32485962000021,-8.46898650999998],[115.325172425,-8.469400406999966],[115.32511901900023,-8.471278189999964],[115.32633209200014,-8.472984314999906],[115.32711792100008,-8.475373266999952],[115.32699585000034,-8.476052283999934],[115.32769775300005,-8.477286338999875],[115.3277053830002,-8.480047225999897],[115.32720184200002,-8.48114299699995],[115.32782745400004,-8.481792449999944],[115.3274536140002,-8.482476233999876],[115.32779693500015,-8.484620094999968],[115.3268356330002,-8.486568450999812],[115.32691955600012,-8.487258910999913],[115.32560730000023,-8.488546370999927],[115.32486724800026,-8.490393637999944],[115.32416534500021,-8.490731238999956],[115.32527923500015,-8.491931914999952],[115.32649993900009,-8.492465019999884],[115.32734680200008,-8.494197845999906],[115.32741546700004,-8.498200415999975],[115.32778930700022,-8.498823165999909],[115.32866668600002,-8.49920749599994],[115.32967376800002,-8.504290581999953],[115.33007812500023,-8.504866598999968],[115.32944488500004,-8.505973815999937],[115.3296661380001,-8.507956503999935],[115.33180999800004,-8.508288383999968],[115.33242034900002,-8.509479521999936],[115.33216095000012,-8.509869575999971],[115.33094024700017,-8.509835243999873],[115.3297653200002,-8.510396002999926],[115.32917022700008,-8.511794090999956],[115.32942199600018,-8.512706755999943],[115.32913208000002,-8.51308822599998],[115.33132934600008,-8.514315603999933],[115.33226013200021,-8.516135214999963],[115.3344116200002,-8.516949652999926],[115.33406829900014,-8.517748831999882],[115.33513641400009,-8.519163130999914],[115.33454132100019,-8.52135562899997],[115.33651733400018,-8.522780417999911],[115.3404083260001,-8.523361204999901],[115.34220886300011,-8.52478313399996],[115.34380340500002,-8.524958609999942],[115.34577179000007,-8.52464675799996],[115.3499679570001,-8.522895812999934],[115.357627868,-8.520945549999965],[115.35777282700019,-8.523439406999898],[115.35906982300003,-8.524211882999964],[115.36019134600019,-8.524192808999885],[115.36051178000002,-8.524623869999914],[115.36070251500007,-8.532178878999957],[115.36163330100021,-8.533542632999968],[115.36296081500006,-8.534343719999981],[115.36369323700012,-8.536472319999973],[115.36357879700006,-8.537491797999962],[115.36244964600019,-8.539546965999932],[115.36331176700003,-8.540807722999887],[115.36257934500031,-8.5424461369999],[115.36359405500025,-8.545047758999942],[115.36162567100007,-8.54696273899998],[115.36121368400006,-8.548352240999975],[115.36238098100011,-8.548887251999929],[115.36262512200028,-8.549587248999956],[115.3637161260001,-8.549797056999978],[115.36342620900007,-8.550614356999915],[115.36469268900021,-8.553264616999911],[115.3639984140001,-8.55400848399995],[115.36453247100008,-8.554552076999869],[115.36483001800013,-8.557474135999882],[115.36575317400013,-8.557879447999937],[115.36537170400004,-8.559064865999972],[115.36657714800003,-8.559699057999921],[115.36644744900013,-8.56009578699991],[115.36569213800021,-8.560012817999961],[115.36512756400009,-8.561768531999917],[115.36614227200016,-8.56132697999982],[115.36703491100002,-8.561848640999926],[115.36833190900006,-8.561800956999946],[115.36843109200004,-8.562714576999952],[115.36773681700004,-8.56402015599997],[115.36914062500034,-8.56343936899998],[115.36943817100007,-8.563750267999922],[115.36917877200005,-8.564766882999947],[115.36950683700013,-8.566705703999958],[115.37048339800003,-8.566226958999948],[115.37097930900006,-8.566681862999928],[115.37108612100008,-8.573557852999897],[115.37095642000008,-8.575005530999931],[115.3618621820001,-8.577536581999937],[115.35729217500023,-8.580009459999928],[115.35173034700006,-8.585257530999911],[115.35025024500021,-8.588093755999921],[115.34989929100016,-8.590922355999908],[115.34789276200013,-8.592469215999927],[115.34664154100005,-8.59465312899988],[115.34046173100012,-8.596961973999953],[115.33757019100017,-8.59956073799998],[115.33298492300003,-8.601531027999897],[115.32785034200003,-8.60499382099988],[115.32578277600021,-8.606782911999971],[115.32445526100003,-8.609330176999947],[115.32281494200015,-8.610668181999927],[115.32228851200011,-8.613631247999933],[115.3201293940001,-8.614875793999943],[115.31814575300007,-8.61489677499992],[115.31687164300013,-8.615665435999915],[115.31634521600006,-8.616475105999939],[115.31042480400004,-8.619006156999944],[115.30621337900004,-8.621554373999913],[115.3024215710002,-8.624615669999912],[115.30172729600008,-8.627611159999958],[115.30024719200014,-8.628633498999818],[115.29983520500025,-8.62963771799997],[115.29860687200016,-8.630629538999926],[115.2982330320001,-8.632152557999916],[115.29600524800003,-8.633000372999902],[115.29483795100009,-8.634511946999908],[115.29187011700003,-8.636581420999903],[115.29035186800013,-8.638926505999962],[115.28831482000032,-8.639954565999915],[115.28636169400022,-8.641556738999896],[115.28566741900022,-8.642723083999954],[115.2815017710002,-8.644941329999881],[115.27499389600007,-8.650158881999971]]]]},"properties":{"zoneId":105,"zoneKey":"bali-gianyar","name":"Gianyar","regencyName":"Gianyar","center":[115.28758450670188,-8.480656543588754],"sourceId":null}},{"type":"Feature","id":106,"geometry":{"type":"MultiPolygon","coordinates":[[[[114.43502807600021,-8.162949561999824],[114.4365386960003,-8.161959647999879],[114.4374389640002,-8.160742758999902],[114.43928527800006,-8.16019916499988],[114.43978118900009,-8.160924911999814],[114.4387054450001,-8.163250922999964],[114.43878936700014,-8.163889885999822],[114.44033813500016,-8.164956092999944],[114.44167327900016,-8.165297506999934],[114.44492340200009,-8.163095473999817],[114.44514465200007,-8.163986204999958],[114.4456939700002,-8.16432285299993],[114.44698333800011,-8.163663862999954],[114.44720458900008,-8.164220808999914],[114.44664001500007,-8.165051459999916],[114.4476470950001,-8.164834974999962],[114.45059204000006,-8.165686606999884],[114.45076751800002,-8.165244101999974],[114.45137786900023,-8.16552543499995],[114.45143890400004,-8.164525985999944],[114.45216369600007,-8.164419172999828],[114.45220184300001,-8.167586326999867],[114.45163726900034,-8.16819381699986],[114.45059204000006,-8.1664094919999],[114.44959259100006,-8.165847777999886],[114.44775390700022,-8.165447233999885],[114.44540405200019,-8.165987968999957],[114.44318389800003,-8.165195464999954],[114.44200897300004,-8.165966032999904],[114.44305419900002,-8.167305945999942],[114.44372558600003,-8.167310713999882],[114.44516754100005,-8.168819426999903],[114.44570922900016,-8.171322821999922],[114.44507598900032,-8.174707412999851],[114.44545745900007,-8.175599096999974],[114.44528961200001,-8.176320075999968],[114.44226837200006,-8.176856040999894],[114.44193267900016,-8.177909849999878],[114.44236755400016,-8.179912566999917],[114.44308471600016,-8.180361747999882],[114.4452056880001,-8.179985999999872],[114.44716644200003,-8.178887365999913],[114.44667053100011,-8.17810630699995],[114.44706726000015,-8.177108764999957],[114.4501647950002,-8.17207336399997],[114.45122528000013,-8.17196845899997],[114.45217132600021,-8.172585487999982],[114.45166015500013,-8.173804282999981],[114.45210266100014,-8.1738634109999],[114.45372772200005,-8.172429083999873],[114.45406341500018,-8.172820091999938],[114.45287322900015,-8.175201415999936],[114.44816589400011,-8.178949355999976],[114.4512939450002,-8.178024290999929],[114.45230865500014,-8.177197456999977],[114.45568084600018,-8.172607421999885],[114.4572601320001,-8.169284820999962],[114.45962524300012,-8.166465758999948],[114.46006011900022,-8.167634963999888],[114.45970916700014,-8.170133590999967],[114.456268,-8.17649999899993],[114.45608500100013,-8.179221000999917],[114.45646667500012,-8.185029028999963],[114.455948,-8.18747],[114.45703112000001,-8.192477075999932],[114.458923,-8.193711],[114.46359300100016,-8.195185],[114.46699499900024,-8.194873000999905],[114.470641999,-8.196091],[114.47270200100013,-8.196325],[114.47599792500012,-8.195568084999934],[114.48084293400018,-8.197153969999817],[114.48442077500022,-8.195732115999931],[114.48642000100006,-8.19613399899987],[114.49075317400002,-8.194017409999901],[114.493134,-8.193496],[114.494346618,-8.193624496999973],[114.49815368600002,-8.196429252999963],[114.50014500100008,-8.198678],[114.5014720040001,-8.199229999999886],[114.50589800100033,-8.199923],[114.50734710700033,-8.201141356999926],[114.50962800000013,-8.205265998999892],[114.51090199900011,-8.205516000999978],[114.51368700000012,-8.205654],[114.51940199900002,-8.204903998999953],[114.52196499900015,-8.202198000999886],[114.52331543000003,-8.199970243999928],[114.526604,-8.19733],[114.528198,-8.195042998999952],[114.53195199900006,-8.191226000999961],[114.532928,-8.191112],[114.53983300000016,-8.193208998999978],[114.55066691700029,-8.197567970999955],[114.55323791500007,-8.197791098999971],[114.55926500000021,-8.194709],[114.56095107300018,-8.19279593999994],[114.56240844700017,-8.191864966999958],[114.56936600000017,-8.19058199899996],[114.572654972,-8.189555006999967],[114.57618699900013,-8.187141],[114.58248100000014,-8.181802],[114.58527374300002,-8.177474974999939],[114.58818799900007,-8.176540000999978],[114.58870697000009,-8.174189567999974],[114.59001159600007,-8.173402785999883],[114.5904541010002,-8.173852919999945],[114.59055328300008,-8.176181791999966],[114.5911870010001,-8.177425],[114.595787,-8.176299000999904],[114.59805297800017,-8.176739692999945],[114.60164642300003,-8.178469656999937],[114.60325620600008,-8.177474986999869],[114.60428619400022,-8.177524566999978],[114.60710904400003,-8.179985023999961],[114.60873413000002,-8.180670736999957],[114.61000824000007,-8.182215689999964],[114.61201486800007,-8.18291096299987],[114.61372394700015,-8.184350956999822],[114.617157,-8.183709998999973],[114.61861419600007,-8.183890342999973],[114.61925506600028,-8.184535025999935],[114.61928599900011,-8.186415],[114.62058299900013,-8.190427],[114.62334442200006,-8.193125725999948],[114.62375640900018,-8.19478893299987],[114.6267395020003,-8.198999403999892],[114.62781524700006,-8.202060698999901],[114.62815098700014,-8.205001939999875],[114.63204193000013,-8.211913108999909],[114.63252299900023,-8.213399],[114.6331178820003,-8.21412285699995],[114.63578796300021,-8.21532535599988],[114.637634,-8.217344],[114.63996124300013,-8.218420980999952],[114.64259338400007,-8.218605994999905],[114.64467620900018,-8.219253539999954],[114.64674377400013,-8.22025108399987],[114.64904022200005,-8.22169399199987],[114.65173339800015,-8.224098204999962],[114.65249633800022,-8.225964546999933],[114.65972137500012,-8.224986075999936],[114.66289520300006,-8.2242374409999],[114.66747284000019,-8.222434996999937],[114.67395019600019,-8.223266600999978],[114.67921447800018,-8.226534843999957],[114.68296051100003,-8.230858801999943],[114.6842803950002,-8.231654165999942],[114.68788909900002,-8.225612640999941],[114.6906814580002,-8.21953487299993],[114.69126892100007,-8.209541319999971],[114.69257354700017,-8.207902907999937],[114.69737243600014,-8.203825949999953],[114.7007064820001,-8.199090002999867],[114.7016296380001,-8.198485373999915],[114.70265960700033,-8.198424338999928],[114.70337677000009,-8.198746681999978],[114.70684051500007,-8.202613829999905],[114.71202850300017,-8.205404280999971],[114.71619415300006,-8.208559988999866],[114.71947479200014,-8.209814070999869],[114.72165679900013,-8.211378095999976],[114.72349548300019,-8.21300983499998],[114.72491455200009,-8.215188026999897],[114.72763061400008,-8.217016219999891],[114.73089599700018,-8.217597959999978],[114.73323059200015,-8.218984602999967],[114.73593139600018,-8.219438553999964],[114.73694610600012,-8.22040653199997],[114.73818206900012,-8.220907209999893],[114.74411773700012,-8.222630500999912],[114.74604797500012,-8.22255897499997],[114.74813842800017,-8.223669051999877],[114.75159454200013,-8.228921890999914],[114.75277710000012,-8.230081557999938],[114.75590515200008,-8.23188495699992],[114.7580413820001,-8.236992835999956],[114.75846099900025,-8.241197585999885],[114.76024627700019,-8.24313068399988],[114.76292419300023,-8.249065398999846],[114.76619720400004,-8.253437041999973],[114.77082061800002,-8.255276679999952],[114.77152252100007,-8.257999420999909],[114.77097320500025,-8.26018333299993],[114.7746124260002,-8.261843680999903],[114.77613067700008,-8.263137816999972],[114.77825927700007,-8.26043414999998],[114.77909088100012,-8.260078430999954],[114.7827377320001,-8.259885786999916],[114.78318023700001,-8.25951671699994],[114.78414154000006,-8.258046149999927],[114.78302002000021,-8.256467818999909],[114.78319549600019,-8.255972860999918],[114.7850494380001,-8.25429153399989],[114.78658294700006,-8.254205702999968],[114.7895660390003,-8.25547027499988],[114.79559326200012,-8.25664615699992],[114.79865265000012,-8.25269317699997],[114.79975128100011,-8.251993178999953],[114.80193328900009,-8.251427649999812],[114.80529785100009,-8.25143432599998],[114.80797576900011,-8.252318381999942],[114.81022644000006,-8.253867149999962],[114.81208038400007,-8.256547927999975],[114.81487274200015,-8.259171485999957],[114.81658172500022,-8.259957312999973],[114.81701660100032,-8.260922432999905],[114.81598663200009,-8.264255523999907],[114.81529998700023,-8.264748571999917],[114.81378936700014,-8.263882636999938],[114.81180572600022,-8.263689039999917],[114.81114959800027,-8.26460170799993],[114.81079864400022,-8.26627635899996],[114.81363678000002,-8.27147769999982],[114.81373596200001,-8.273946762999913],[114.81287384100006,-8.276705741999933],[114.81307983400029,-8.279098509999926],[114.8171386710003,-8.281837462999874],[114.817489625,-8.28513049999998],[114.81589508000002,-8.289484977999905],[114.81650543200021,-8.291382789999886],[114.81643676800002,-8.292779922999955],[114.81867218000014,-8.294251441999961],[114.819107056,-8.295216559999972],[114.81891632200006,-8.297994612999958],[114.82019042900004,-8.29936790399995],[114.81937408400006,-8.300139427999966],[114.82057953000003,-8.30151271699998],[114.82038116500019,-8.306868552999902],[114.81893158000003,-8.309965132999878],[114.81870269700005,-8.31154823299994],[114.81875610400027,-8.315382956999883],[114.82086944600019,-8.317444800999965],[114.82479095500003,-8.317652700999929],[114.82260131900023,-8.322530746999973],[114.82218170200008,-8.325013160999902],[114.82346344000007,-8.329336165999962],[114.82341003500017,-8.33158779099989],[114.824089049,-8.33292674899991],[114.82551574600006,-8.333857535999925],[114.82674407900015,-8.33409500099998],[114.83086395200007,-8.33406734499988],[114.83374023400017,-8.335987089999946],[114.83576965400005,-8.336235046999946],[114.83892059400034,-8.337805747999937],[114.84031677200005,-8.337433814999883],[114.84123230000012,-8.335746763999964],[114.84263610800008,-8.335173606999945],[114.84481048500015,-8.335564612999974],[114.84629821800002,-8.33723926599987],[114.84712219300013,-8.337509153999918],[114.85113525400004,-8.336621284999978],[114.85524749700005,-8.33952331599994],[114.8569564820001,-8.340100287999974],[114.85849761900022,-8.341469764999886],[114.85873413000002,-8.340850829999908],[114.8607788090003,-8.340679167999951],[114.86185455400005,-8.338833808999937],[114.86260223400006,-8.336105345999954],[114.86399078400007,-8.335277556999927],[114.86521148600002,-8.335314750999885],[114.87029266400009,-8.337194441999884],[114.87202453600003,-8.338113784999962],[114.87390136800013,-8.340400694999971],[114.87816619800003,-8.344325065999953],[114.87950134300024,-8.345182418999855],[114.88294220000012,-8.34592914599989],[114.88436889600007,-8.34669589999993],[114.88609314000007,-8.34861755399993],[114.88740539600008,-8.351797103999957],[114.88904571600006,-8.353050231999873],[114.89099884000007,-8.353030203999936],[114.89147186200012,-8.353858947999925],[114.8923950200001,-8.35405540399995],[114.89337158100022,-8.355226516999949],[114.89670562700019,-8.357601165999938],[114.8980712890002,-8.365189550999958],[114.90191650400016,-8.371466634999933],[114.90248870800019,-8.37526988899998],[114.90778350900018,-8.376644134999935],[114.9093322760001,-8.377645491999942],[114.91479492200006,-8.379757880999819],[114.92007446200023,-8.381081580999933],[114.92082977300015,-8.381902693999905],[114.92343139700006,-8.383258819999924],[114.92566680900029,-8.38250636999993],[114.9290847770003,-8.382678985999917],[114.92958068800021,-8.384396552999931],[114.92906189000007,-8.385227202999886],[114.92974853500016,-8.386840820999907],[114.93140411300021,-8.38795947999995],[114.93142700200008,-8.389191627999935],[114.93373870800019,-8.39051055799996],[114.93408966100003,-8.39148139799994],[114.93370819100005,-8.392612455999881],[114.93385315000023,-8.393912314999966],[114.9331817640001,-8.39488506299989],[114.93300628600014,-8.396272659999966],[114.93344879100005,-8.399538992999965],[114.93072509800004,-8.401467322999963],[114.92990875300006,-8.402973173999953],[114.93043518000002,-8.404208181999934],[114.92911529600008,-8.405034065999871],[114.92884826600005,-8.40673160499989],[114.92715454100016,-8.407211302999883],[114.92700195400005,-8.41008567699987],[114.92525482200006,-8.411419867999939],[114.92432403600014,-8.412891388999924],[114.92382049500009,-8.41435432499992],[114.92386627200005,-8.416453360999867],[114.92238617000021,-8.420031547999884],[114.92239379800014,-8.421064376999823],[114.92463684100017,-8.422905920999938],[114.92543792800006,-8.425065993999965],[114.92476654000018,-8.427649497999937],[114.92560577400013,-8.429420470999958],[114.92523193400007,-8.431924820999939],[114.92395782400001,-8.432062149999922],[114.9238739020002,-8.432901381999898],[114.92534637400001,-8.434192656999926],[114.92678832900003,-8.436258315999908],[114.92692565800007,-8.437607764999939],[114.92559051500007,-8.438677786999904],[114.92626190200008,-8.440336226999932],[114.92409515300028,-8.441179274999968],[114.92421722400002,-8.443089483999927],[114.92348480200019,-8.44362544899991],[114.92369842500011,-8.446971892999954],[114.9242324820002,-8.447679518999905],[114.92499542300004,-8.44782924599997],[114.92509460500003,-8.448410987999921],[114.92375183200022,-8.450020788999893],[114.92270660300017,-8.449880599999972],[114.92155456600017,-8.452811241999939],[114.920104981,-8.452666282999928],[114.9205551150003,-8.453772544999936],[114.92029571500018,-8.454415321999875],[114.91872406100015,-8.454260824999892],[114.91960144000018,-8.45533943099997],[114.91873168900008,-8.456039427999883],[114.91867828400018,-8.45691585499992],[114.91641235300006,-8.457922933999953],[114.91708374000007,-8.459453582999856],[114.91569519000006,-8.459337234999907],[114.91558837900004,-8.460171698999943],[114.9175262450002,-8.461258887999918],[114.91719055200019,-8.462932585999852],[114.91407775900029,-8.465494155999977],[114.9138031010001,-8.467187880999973],[114.9130554200002,-8.466109274999951],[114.90775299000006,-8.46280956299995],[114.90653991800002,-8.461623191999934],[114.9042663570001,-8.460872649999942],[114.90154266400009,-8.459140777999892],[114.88954925400003,-8.454277992999891],[114.88807678300009,-8.453509329999974],[114.88793182300003,-8.453162192999969],[114.88832855200008,-8.452933309999935],[114.8846588130001,-8.451355933999878],[114.88346099900014,-8.450031278999973],[114.88092804000007,-8.450358389999963],[114.88036346400008,-8.449478147999969],[114.88024902300015,-8.450141906999875],[114.87968444900014,-8.450499533999903],[114.87786102400003,-8.450033186999974],[114.86395263700001,-8.445027351999954],[114.86231994600018,-8.444057463999968],[114.86181640700022,-8.444149970999888],[114.85406494100005,-8.441082954999956],[114.85333252000032,-8.440420150999955],[114.85318756000004,-8.43933296299997],[114.8512496950002,-8.437756538999906],[114.85031890800019,-8.438098907999972],[114.84947204600007,-8.439012527999978],[114.83506774900002,-8.435167312999965],[114.8249816890002,-8.43479442499995],[114.82230377300027,-8.433371543999897],[114.81988525500003,-8.431138038999961],[114.8177871710003,-8.430853842999966],[114.81745147800018,-8.429815291999944],[114.81758117700019,-8.428150175999974],[114.81577301000004,-8.425098418999823],[114.81420898400006,-8.42501449499997],[114.81259155300017,-8.4243984229999],[114.80606842000032,-8.421365737999963],[114.80534362800006,-8.419644354999946],[114.80523681600005,-8.417813301999956],[114.80434417700008,-8.416050911999946],[114.80343627900004,-8.415247916999931],[114.79979705800008,-8.412875175999943],[114.79216003300019,-8.410306929999877],[114.79012298500004,-8.40906810699994],[114.7898559570001,-8.409467695999979],[114.78861236700027,-8.409646986999974],[114.77423858600002,-8.405979156999933],[114.75614929300014,-8.400520323999956],[114.73787689200003,-8.397355078999908],[114.73476409900013,-8.396512983999969],[114.73317718400006,-8.39652919699995],[114.73353576600005,-8.395824431999927],[114.72937011800013,-8.39583682999995],[114.72901916500018,-8.396482466999942],[114.71552276700004,-8.396455763999938],[114.70088958600002,-8.397171019999973],[114.68421173000013,-8.398913383999968],[114.67977905200019,-8.398945807999894],[114.66036987300015,-8.401947975999974],[114.64214324900001,-8.406019209999954],[114.63238525400004,-8.407637594999926],[114.62543487500011,-8.407275199999958],[114.62277221600016,-8.40761756899991],[114.61668396000005,-8.40601634899997],[114.61501312200016,-8.405223846999945],[114.61192321700003,-8.405166626999915],[114.60627746500006,-8.403756140999917],[114.60488891500006,-8.402767181999877],[114.60467529300001,-8.400289535999946],[114.6028900140002,-8.400695799999937],[114.60133361900012,-8.40189266099992],[114.59827423000002,-8.403197286999955],[114.59481811600006,-8.40311050299988],[114.59201812700007,-8.402017593999972],[114.5879592890002,-8.401296615999968],[114.58152008000002,-8.39827251399987],[114.58061218300031,-8.39694881399987],[114.58132171600016,-8.39536762299997],[114.58057403600026,-8.39404392299997],[114.57525634700005,-8.388978957999939],[114.57491302500023,-8.388452528999949],[114.57543945300006,-8.388119697999969],[114.5752944940001,-8.387748717999898],[114.57369995100021,-8.385787008999955],[114.57514190600023,-8.384782791999896],[114.57592773500016,-8.384845731999974],[114.57568359400011,-8.384329795999975],[114.57340240500014,-8.38151836399993],[114.57078552200005,-8.379113195999935],[114.5649642940001,-8.371910095999908],[114.5562286380001,-8.366127014999961],[114.55603027300015,-8.365515708999851],[114.55661010800009,-8.36476802899989],[114.55608367800005,-8.363560676999896],[114.55269622700018,-8.359951972999909],[114.5466690070001,-8.355350494999868],[114.54516601600017,-8.352004050999938],[114.5457153320001,-8.349040031999891],[114.54356384200014,-8.346045493999952],[114.53694152900027,-8.341972350999981],[114.530197143,-8.339421270999935],[114.52757263200021,-8.33804130599998],[114.52374267500011,-8.33473300899982],[114.52443695000011,-8.33370017999988],[114.52282714800015,-8.333526609999922],[114.52179717900026,-8.332626342999959],[114.52008819600019,-8.329864500999975],[114.51889801100003,-8.323884962999841],[114.51933288600003,-8.322570800999927],[114.5190124510001,-8.321205139999961],[114.5196304320001,-8.319986342999925],[114.51937866300023,-8.31864356999995],[114.51986694400034,-8.316719054999965],[114.52082061800002,-8.315266608999934],[114.52064514200003,-8.312538145999895],[114.5192642210003,-8.308970451999926],[114.51756286600016,-8.306211471999916],[114.51211547800006,-8.301941871999873],[114.51114654500009,-8.30173301699989],[114.50885009700016,-8.300097465999954],[114.50781249900012,-8.298648832999902],[114.49486541700003,-8.285572052999896],[114.48892974900002,-8.281915663999882],[114.48893737700018,-8.280612944999916],[114.48836517300003,-8.279233932999944],[114.48605346700015,-8.277410507999889],[114.4845275880001,-8.276893615999938],[114.48287201000005,-8.274060248999888],[114.48217010500014,-8.27072620399997],[114.47969055100032,-8.26640415199995],[114.47877502500023,-8.262200354999948],[114.47791290300017,-8.26060199799997],[114.47524261500018,-8.257906913999875],[114.47293090900007,-8.254780769999968],[114.46968078700024,-8.246399879999899],[114.46514129700017,-8.24108696099995],[114.46081542900004,-8.234834669999941],[114.45922088700001,-8.23366069799988],[114.45756530700021,-8.23153495799994],[114.45523071200023,-8.2306318279999],[114.45467376600016,-8.2299060819999],[114.45419311600017,-8.226458549999961],[114.45087432800005,-8.222437858999967],[114.44974517800006,-8.220125197999948],[114.44852447500023,-8.218783377999955],[114.44770813000002,-8.21677875399996],[114.44618225100021,-8.210158348999926],[114.443412781,-8.203446386999872],[114.44158172500022,-8.193768500999909],[114.43865203800021,-8.184332846999894],[114.43766021700014,-8.182882307999876],[114.43466186600006,-8.18058586099994],[114.4335632320001,-8.179079054999875],[114.43407440100009,-8.17663764799994],[114.43178558400018,-8.173428534999971],[114.43208313000002,-8.17065334299997],[114.43342590300006,-8.16910648299995],[114.4332809440001,-8.165994643999966],[114.43502807600021,-8.162949561999824]]]]},"properties":{"zoneId":106,"zoneKey":"bali-jembrana","name":"Jembrana","regencyName":"Jembrana","center":[114.68219793802997,-8.312365215798033],"sourceId":null}},{"type":"Feature","id":107,"geometry":{"type":"MultiPolygon","coordinates":[[[[115.45733642500011,-8.166183470999954],[115.45870971700003,-8.169221877999917],[115.45973205500002,-8.17036533399994],[115.46148681700015,-8.170947073999912],[115.46518707300004,-8.174441337999951],[115.46871948300009,-8.176335333999873],[115.47084045300005,-8.178054809999878],[115.48154449500021,-8.179025649999915],[115.48451232900015,-8.180053710999971],[115.49044799700005,-8.187472342999968],[115.4927612670001,-8.188801161999947],[115.49774199900014,-8.190270999999882],[115.50060300000018,-8.19235],[115.50471500100014,-8.198474],[115.5073619990003,-8.203287000999921],[115.50944499900015,-8.20520599899993],[115.51445800100021,-8.207335],[115.518356,-8.209616000999915],[115.5260009760002,-8.215161322999904],[115.53450775100032,-8.217954634999955],[115.53606414700016,-8.218840597999872],[115.539939881,-8.22216415399987],[115.54345703100023,-8.223442076999845],[115.5545043940001,-8.229825972999947],[115.55801391600005,-8.231199264999873],[115.5607452390002,-8.233340262999945],[115.56242370700011,-8.235721586999944],[115.56314849900002,-8.236036300999956],[115.56558227500034,-8.240054129999976],[115.56789398100011,-8.241956710999887],[115.57363891500006,-8.248426436999978],[115.58090972800017,-8.254850387999966],[115.5899963390001,-8.268018722999955],[115.59293365400003,-8.275300025999968],[115.59411621200002,-8.276957511999967],[115.59583282500023,-8.278643607999982],[115.59704589900002,-8.278227805999904],[115.59779357900027,-8.278895377999902],[115.59864044200026,-8.278950689999874],[115.59922790400003,-8.279941558999951],[115.59985351600005,-8.28015422899989],[115.6021499640002,-8.282594680999921],[115.60264587400002,-8.283707617999937],[115.60456085200019,-8.284081457999946],[115.60478210400004,-8.284625052999957],[115.60446930000012,-8.285270690999937],[115.60513305600011,-8.285657881999896],[115.6056213390001,-8.287445067999954],[115.60921478200032,-8.292225836999933],[115.61231994500008,-8.295115469999928],[115.61491393900019,-8.296838760999947],[115.61695098900032,-8.298936843999911],[115.61775970500025,-8.298852919999888],[115.61881256200024,-8.30011653899993],[115.61979675300006,-8.305203437999978],[115.62038421600005,-8.306039809999902],[115.62018585100009,-8.30641460399994],[115.62110137900004,-8.308184622999931],[115.62203216500006,-8.308869361999939],[115.62186432000033,-8.309258459999967],[115.62367248500027,-8.31294345799995],[115.62601470900006,-8.316053390999969],[115.62660980200008,-8.318451880999874],[115.62788391200013,-8.319322586999931],[115.628395081,-8.322361946999933],[115.62934112500034,-8.32377910599996],[115.63082122700007,-8.324896812999896],[115.63475799600008,-8.32615947699992],[115.64210510300006,-8.333483694999927],[115.64418029800004,-8.334158896999895],[115.64962768600014,-8.335000038999965],[115.65448760900017,-8.334599494999964],[115.65688324100017,-8.334958076999953],[115.65834808400007,-8.335700988999974],[115.65953827000033,-8.33816528199992],[115.66056823800011,-8.33854675299989],[115.66140747000009,-8.338461875999883],[115.66255950900029,-8.337400435999882],[115.66420745900007,-8.337393760999873],[115.66776275600012,-8.341465949999929],[115.66960907000009,-8.342810629999974],[115.67424774200003,-8.34453964099987],[115.67568206700003,-8.34420967099993],[115.68136596600016,-8.346867559999907],[115.68208312900026,-8.347539901999937],[115.68314361600017,-8.35011005399997],[115.68489074800016,-8.351013183999896],[115.68687438900008,-8.351236341999936],[115.68783569400011,-8.352056502999915],[115.68869018600026,-8.353795051999953],[115.69131469700005,-8.35584926599995],[115.69239807000008,-8.35577869499997],[115.69315338100012,-8.356842039999947],[115.69398498500004,-8.357254981999972],[115.69477844200003,-8.356920240999898],[115.69822692800005,-8.358466147999934],[115.69950103800022,-8.359975813999938],[115.69994354300013,-8.362843513999906],[115.70064544700006,-8.363591193999866],[115.70084381100003,-8.365412711999966],[115.70323181200013,-8.36991119499993],[115.70465087900004,-8.371214865999946],[115.70552063000002,-8.371220588999961],[115.70664215000022,-8.37357807199993],[115.70907592700007,-8.374722479999832],[115.7108001700002,-8.377819060999968],[115.7106781010001,-8.379879951999953],[115.71002960100009,-8.38107299799998],[115.71037292500012,-8.382302282999945],[115.71017456100003,-8.383129118999932],[115.71049499500009,-8.386134147999883],[115.7116546630001,-8.387397766999925],[115.7114257820001,-8.388382910999894],[115.71195220900006,-8.390194892999887],[115.7111663820001,-8.390872954999963],[115.71089172400013,-8.392436980999946],[115.71203613300008,-8.393628120999892],[115.71023559600019,-8.394406317999938],[115.70982360900007,-8.395764350999912],[115.70993804900002,-8.39729404499991],[115.71097564800016,-8.398164748999932],[115.71130371100003,-8.400656699999956],[115.71063232400002,-8.400842666999893],[115.70983123700023,-8.40199375099985],[115.70906829900014,-8.404441832999964],[115.70658111500006,-8.406905173999974],[115.70618438600002,-8.408595084999888],[115.70513153200011,-8.41010761299998],[115.70185852100008,-8.411585807999927],[115.700531006,-8.413023947999875],[115.69988250800009,-8.415828703999978],[115.70043945200007,-8.417979239999909],[115.6983413690001,-8.418887137999889],[115.69769287100007,-8.418555258999959],[115.69691467200005,-8.418724059999874],[115.69551086400008,-8.422091484999896],[115.69583129900002,-8.423178672999938],[115.69466400100009,-8.424210548999895],[115.69360351600005,-8.426829336999958],[115.69287872300004,-8.4269008629999],[115.69211578400018,-8.428134917999955],[115.69139862100008,-8.427675246999968],[115.69038391100003,-8.428223609999918],[115.688453675,-8.432385444999966],[115.68675232000032,-8.43366145999994],[115.68210601800013,-8.436019897999927],[115.68229675200007,-8.436549186999912],[115.6802978510002,-8.439024925999945],[115.67841339200015,-8.439911841999958],[115.67584228400005,-8.442114830999913],[115.67291259700016,-8.443272589999935],[115.67192077600009,-8.445130346999917],[115.66818237300015,-8.445328711999935],[115.66610717800006,-8.446350096999936],[115.66370391800001,-8.446952819999979],[115.65947723500017,-8.44926357299994],[115.65664672800006,-8.451351165999938],[115.65453338600014,-8.45369720399998],[115.64647674600019,-8.45580959299997],[115.6376419070001,-8.460221288999946],[115.63531494000017,-8.462194441999884],[115.63495636100004,-8.462773323999897],[115.63439178400017,-8.467976569999905],[115.63185119600007,-8.471901893999814],[115.627159118,-8.474478721999958],[115.62578582800006,-8.476702688999922],[115.62292480500003,-8.477999686999965],[115.62242889400011,-8.479529380999963],[115.61791229200003,-8.483392714999923],[115.61667633200011,-8.485570906999953],[115.61703491100002,-8.487569807999876],[115.61272430400027,-8.495097160999933],[115.61400604200014,-8.497007369999949],[115.61372375600001,-8.497517584999969],[115.61405944900002,-8.497691154999927],[115.61376953100012,-8.497728346999907],[115.61390686000004,-8.498623848999955],[115.61235046400009,-8.498277664999875],[115.61022949200026,-8.50305080399994],[115.61262512200005,-8.506311415999903],[115.61145782500023,-8.50596046499993],[115.61102294900013,-8.50662994399994],[115.60915374700016,-8.504987716999892],[115.60868072500011,-8.503802298999972],[115.60738372900005,-8.504519461999962],[115.606239318,-8.503623007999863],[115.6048965450002,-8.50485324799996],[115.60486602800006,-8.505685806999907],[115.6031036380001,-8.505746839999972],[115.5937194830002,-8.509894371999962],[115.5881423950002,-8.513160704999962],[115.58377075200008,-8.516355514999873],[115.58098602200005,-8.51772689899991],[115.58081054600007,-8.515139579999925],[115.57247161800024,-8.512446403999832],[115.5693817130001,-8.510499954999887],[115.55864715500013,-8.506289482999932],[115.5537872320001,-8.505576133999966],[115.55355834900001,-8.504794119999929],[115.5482330320001,-8.505781173999878],[115.54515075700021,-8.505387305999932],[115.54065704400011,-8.503014563999955],[115.54047393800022,-8.502309798999931],[115.5382843010002,-8.500700950999942],[115.53460693400007,-8.50021934599988],[115.5310134880001,-8.50141715999996],[115.5304183950002,-8.50102615399993],[115.52734375100033,-8.50224399599989],[115.52652740500014,-8.503256797999938],[115.52555084200003,-8.502928732999976],[115.52014160100009,-8.504644392999978],[115.5164718640001,-8.50730800599996],[115.5125656130001,-8.509057044999963],[115.50858306900011,-8.513141631999872],[115.50769806000017,-8.51789569899995],[115.50801086500019,-8.519207000999927],[115.51068878300009,-8.521842956999876],[115.51205444400011,-8.524530409999954],[115.51232147200005,-8.526739120999878],[115.51402282700008,-8.528407096999956],[115.51427459800004,-8.529573440999911],[115.5147705070001,-8.529361723999898],[115.51522064300002,-8.529681205999964],[115.51372528000002,-8.530342101999906],[115.51448822100019,-8.53142356799998],[115.51406097400013,-8.533227919999945],[115.51485443100012,-8.533426284999962],[115.51380157400013,-8.53458023099995],[115.51322174100005,-8.534399032999943],[115.5127944940001,-8.531703948999905],[115.51213836600016,-8.530878066999946],[115.51038360600012,-8.530970571999887],[115.50853729200014,-8.532867430999886],[115.5098648070001,-8.534265518999916],[115.50933837900004,-8.53528022699993],[115.51074981600004,-8.535878181999976],[115.50949096700003,-8.536183355999981],[115.50926971400031,-8.536575316999972],[115.50913238500004,-8.538633345999926],[115.5096588140002,-8.539554596999949],[115.50959777900005,-8.540473936999888],[115.50838470500003,-8.541460990999951],[115.50371551600017,-8.542147635999982],[115.49767303500016,-8.544601440999884],[115.49642181400009,-8.545457840999973],[115.48631286600016,-8.549305915999923],[115.47911071800002,-8.550915718999931],[115.47987365700021,-8.549408912999922],[115.48006439300013,-8.545261381999978],[115.4806671140002,-8.544525146999888],[115.48020172200006,-8.544250488999978],[115.47975921600005,-8.541948318999914],[115.4775543200002,-8.53899669599997],[115.4761962890002,-8.538676260999921],[115.47490692100007,-8.537014007999971],[115.47493744000008,-8.535696028999894],[115.47580719100017,-8.533026695999922],[115.47498321500018,-8.527807235999887],[115.47642517000008,-8.523067473999959],[115.47634124800004,-8.51997470899994],[115.4726257320001,-8.514926909999872],[115.4697723380001,-8.512761115999922],[115.46984100400005,-8.510789870999815],[115.46921539200002,-8.508974075999959],[115.46529388300019,-8.505127905999927],[115.46292877200017,-8.503668784999832],[115.45844268700012,-8.5032072059999],[115.45133972200017,-8.507432936999976],[115.44964599500008,-8.507509231999961],[115.4474868760002,-8.508665083999972],[115.44602203300008,-8.510793685999943],[115.4430999760001,-8.512842177999971],[115.44121551500007,-8.513644217999968],[115.43686676100003,-8.51743602799985],[115.43470764200015,-8.518250465999927],[115.43407440300007,-8.51911354099991],[115.43302154600008,-8.518782615999953],[115.42850494400011,-8.519318580999936],[115.42094421500008,-8.522794723999937],[115.41933441200001,-8.523384093999937],[115.41796112000009,-8.523159980999935],[115.41668701300011,-8.524041174999866],[115.41567230300018,-8.523871421999957],[115.41494750900006,-8.524333000999945],[115.41488647400001,-8.523455619999822],[115.414474487,-8.523249624999892],[115.41291046100002,-8.523493766999934],[115.4128723140002,-8.524538992999908],[115.41239166200023,-8.525072097999896],[115.41265106100013,-8.525621413999943],[115.4115676880001,-8.526738165999973],[115.41175842200005,-8.527415274999953],[115.40977477900014,-8.53012466499996],[115.40647888200021,-8.52442073799989],[115.40693664600008,-8.52248573199995],[115.40826416100003,-8.520146369999907],[115.40779876700003,-8.518243789999872],[115.40547180200019,-8.515440941999884],[115.4057312020002,-8.513970374999872],[115.40635681100014,-8.513240813999914],[115.40798950300007,-8.51300811799996],[115.41075897300004,-8.511830329999839],[115.415016175,-8.508992194999905],[115.41537475600012,-8.507581710999943],[115.41465759300002,-8.50560283599998],[115.4139328010001,-8.504903792999869],[115.41429901100003,-8.503752708999912],[115.41523742700008,-8.50341415299988],[115.41504669100004,-8.502300260999903],[115.41400146500007,-8.499417305999941],[115.4120025630001,-8.49815463899995],[115.4122543330003,-8.495079039999894],[115.40967559700016,-8.486960409999824],[115.40991973800033,-8.486171722999927],[115.41143798900009,-8.485377310999922],[115.41057586700003,-8.4835500719999],[115.41185760400026,-8.481697082999972],[115.4106903070001,-8.48096942899997],[115.41036987200005,-8.479993820999937],[115.4115676880001,-8.478766440999948],[115.41310119700006,-8.478662490999966],[115.41296386600015,-8.476059913999961],[115.41416931200001,-8.475318908999895],[115.41432190000023,-8.47416114799995],[115.41184234600007,-8.472579002999964],[115.40812683200011,-8.47404193899996],[115.40628051800013,-8.474071502999891],[115.40576934900002,-8.476411819999953],[115.40433502200005,-8.47786521899991],[115.40297699000018,-8.476093292999963],[115.40055084200003,-8.478593824999905],[115.3963012700001,-8.480987549999895],[115.39419555700022,-8.481472014999838],[115.39075470000023,-8.483043670999848],[115.3901596070001,-8.482658385999855],[115.38999176000016,-8.481871603999934],[115.39147186400021,-8.478982925999958],[115.39294433600003,-8.477697372999955],[115.39332580600012,-8.476856230999942],[115.39464569000006,-8.472922323999967],[115.39456176800002,-8.47149658199993],[115.39811706500018,-8.467857359999925],[115.39900207400012,-8.467720985999904],[115.40045929000007,-8.466199873999926],[115.40139770400003,-8.464597701999935],[115.40151977500011,-8.462657927999942],[115.40316772400001,-8.461917875999916],[115.40293121300022,-8.461290358999975],[115.4020309440001,-8.461141584999893],[115.40188598700001,-8.460733412999957],[115.40242004400011,-8.459682463999968],[115.40231323200032,-8.45741653499988],[115.40280914300001,-8.454631804999963],[115.4042129510002,-8.454674719999957],[115.40304565400004,-8.453389166999898],[115.40400695900007,-8.452975271999946],[115.40345764100005,-8.45210170599995],[115.40395355100009,-8.45151710399989],[115.40446472300005,-8.451926230999902],[115.4057769770003,-8.451962469999899],[115.40547943000013,-8.450587272999883],[115.40689086900011,-8.450339315999884],[115.40836334300025,-8.448813436999956],[115.40928649900025,-8.44462108599987],[115.4106140130001,-8.44293022099987],[115.41136932400002,-8.442998884999952],[115.41167450000023,-8.442604063999966],[115.41148376400008,-8.442005157999972],[115.410697937,-8.441646575999869],[115.41074371400009,-8.44115638799991],[115.41168212900004,-8.440678595999941],[115.41171264700006,-8.439771650999944],[115.41245269700005,-8.43892955699988],[115.41329193100023,-8.438755035999918],[115.41317749100017,-8.437800405999894],[115.41188049300013,-8.437614439999948],[115.4112014760002,-8.436286924999877],[115.41230774000007,-8.43616104199998],[115.41299438500005,-8.43451023199998],[115.41460418800011,-8.434030531999895],[115.41410827700008,-8.431961059999935],[115.41418457100019,-8.430268287999922],[115.41352081200023,-8.429200172999913],[115.414245606,-8.428132057999903],[115.4143676770002,-8.427200316999915],[115.4148559570001,-8.427064895999877],[115.4148559570001,-8.425337791999823],[115.41413116500019,-8.424715042999878],[115.41409301700003,-8.423546790999978],[115.41503143300008,-8.421137809999948],[115.41380310000011,-8.42053604199998],[115.41328430100009,-8.418633460999956],[115.41425323400006,-8.413093565999873],[115.415168762,-8.411607740999955],[115.41557312100008,-8.411514281999928],[115.41516113400007,-8.410106657999904],[115.41616058300008,-8.40893840799987],[115.41544342000009,-8.407750129999954],[115.4155197130001,-8.405530928999951],[115.41646576000016,-8.40347766799988],[115.41523742700008,-8.400212286999874],[115.41427612300026,-8.399893759999884],[115.413551331,-8.39906597099997],[115.41207122900005,-8.399338720999879],[115.41228485200008,-8.398268698999914],[115.41075134200003,-8.39758682199988],[115.40880584600018,-8.395804405999968],[115.40895080500002,-8.39475250199996],[115.40833282400013,-8.39394092599997],[115.4067840570001,-8.388486862999969],[115.40700530900017,-8.386547088999976],[115.40813446000004,-8.385175704999938],[115.40631103400017,-8.383186339999895],[115.40415954600019,-8.381653784999912],[115.40351867600009,-8.380668638999964],[115.40409088000001,-8.378133772999888],[115.4039840700002,-8.376313209999978],[115.40255737300004,-8.375560759999928],[115.40116119300012,-8.371937751999894],[115.39944458000014,-8.370366095999884],[115.39930725100021,-8.36838150099993],[115.39843750000011,-8.366518020999933],[115.39715576300023,-8.365398405999827],[115.39611816400009,-8.362046240999916],[115.39653015100009,-8.35840892799996],[115.3956069950001,-8.356999396999981],[115.39896392800017,-8.35626983599991],[115.39843750000011,-8.354292869999938],[115.39888763400006,-8.352450370999975],[115.39785003800034,-8.35050773599994],[115.39880371000004,-8.348735809999937],[115.39856719900013,-8.346907614999964],[115.39885711700026,-8.344762801999934],[115.3995590200002,-8.344359397999881],[115.40335845900006,-8.34486961399989],[115.40348815900006,-8.342754364999962],[115.40229797400013,-8.341294288999848],[115.4025192260001,-8.341040611999972],[115.40576171900011,-8.341105459999937],[115.406997681,-8.339735983999958],[115.40916442800005,-8.339044570999931],[115.41056060800008,-8.33783721899988],[115.40916442800005,-8.334817885999826],[115.40911865300006,-8.333416938999903],[115.40953064000007,-8.332454681999934],[115.40885162300015,-8.331255912999893],[115.40877533000014,-8.32946300499998],[115.40969848600014,-8.325717925999982],[115.40895080500002,-8.323546409999892],[115.40896606400008,-8.32202529899996],[115.40989699900013,-8.322518998999954],[115.41306304800003,-8.322513580999953],[115.41497802800018,-8.322081565999952],[115.41773200000011,-8.320326],[115.41822800700004,-8.319467853999925],[115.41815899900018,-8.318642999999895],[115.41728973400029,-8.31813621599997],[115.417091,-8.316724],[115.41592404300002,-8.316345114999933],[115.4160614010002,-8.315540313999975],[115.41654968200021,-8.31461715599994],[115.41805267400002,-8.313584327999934],[115.4209136960003,-8.313352584999961],[115.42140960700021,-8.31295204099996],[115.42136383000002,-8.311413763999951],[115.41989898600002,-8.309942244999945],[115.42002094288694,-8.308578384893224],[115.41844177300015,-8.30747413599994],[115.41894499900002,-8.30650499899997],[115.41876220800009,-8.305717468999887],[115.42155456600005,-8.304144857999972],[115.4224240000002,-8.30255499899988],[115.42284393400018,-8.296119689999955],[115.423698,-8.29522599899991],[115.42366027700007,-8.294108389999906],[115.42463684100005,-8.29117393499996],[115.42563599900018,-8.289675998999826],[115.42636871400009,-8.284505842999977],[115.4295272820001,-8.280303955999955],[115.42961883600003,-8.278905867999981],[115.43169400000022,-8.276139998999952],[115.43173199090711,-8.275443990017948],[115.43016065419647,-8.273826757636755],[115.429245,-8.273163999999895],[115.42867279000018,-8.273381233999942],[115.42882537900005,-8.271122932999958],[115.43024444600019,-8.267189978999966],[115.43441772400013,-8.26509761799997],[115.4352340700002,-8.264001846999975],[115.43694305500026,-8.26282977999989],[115.4387970005879,-8.262247000072534],[115.4398345950001,-8.262501716999907],[115.441612,-8.26074],[115.44280242900015,-8.258869170999901],[115.446342,-8.256194],[115.4493942260001,-8.252605437999932],[115.45212554900002,-8.251365661999898],[115.453217,-8.251584],[115.453575,-8.25205],[115.4549100080003,-8.250786966999897],[115.4570160000003,-8.246498000999964],[115.45765686000004,-8.242892264999966],[115.457458,-8.242051],[115.454842,-8.242488],[115.45304870700022,-8.24384784699987],[115.44828799951051,-8.24591999879101],[115.447471618,-8.242474555999934],[115.44868469200003,-8.239662168999928],[115.4478759770002,-8.238946914999929],[115.44496154800015,-8.233835220999936],[115.44463348500005,-8.231350898999892],[115.44496154800015,-8.225511550999897],[115.44468689000018,-8.224765777999949],[115.43841552600031,-8.218201635999947],[115.43841552600031,-8.217210768999962],[115.43914795,-8.216883658999961],[115.44054412800006,-8.2152376169999],[115.44055175900007,-8.214445114999876],[115.44141387900015,-8.21286296799991],[115.44254303000002,-8.21266937199988],[115.44320678800011,-8.212011337999968],[115.4440765390002,-8.209208488999877],[115.4465179440001,-8.204273222999916],[115.44728088400007,-8.203607558999977],[115.44815063500016,-8.20360851199996],[115.44952392600021,-8.201365469999928],[115.45061493000003,-8.201305388999913],[115.45297241300011,-8.199821471999883],[115.45388031100015,-8.19837379399985],[115.45264434800004,-8.19641017999993],[115.45281219600008,-8.19562148999995],[115.452148437,-8.19408988899994],[115.45102691700026,-8.19263648999987],[115.44938659800005,-8.191722869999865],[115.44810485800019,-8.190075872999898],[115.44799804800004,-8.189298628999893],[115.44435882500011,-8.189391135999927],[115.44158935500013,-8.187065123999957],[115.44205474900025,-8.185788153999965],[115.4418640130001,-8.185246466999843],[115.44078064000007,-8.184897422999938],[115.43989563000002,-8.185242653999978],[115.43953704900014,-8.184337615999937],[115.43846130300028,-8.184009550999974],[115.43630981500007,-8.18124294199987],[115.43715667700019,-8.18076801199993],[115.43714904700005,-8.18026733299996],[115.43828582800006,-8.180135726999936],[115.4385223390002,-8.179408072999934],[115.44005584800016,-8.178962706999926],[115.4401397700002,-8.178420066999877],[115.44065856900022,-8.178387641999961],[115.44103240900006,-8.177713393999966],[115.44187927300015,-8.177718161999906],[115.44243621700002,-8.176185606999923],[115.44185638500005,-8.175640105999946],[115.44181823800011,-8.174728393999885],[115.44300079300001,-8.172855375999973],[115.4436874380001,-8.173147201999882],[115.44403076200001,-8.172325133999891],[115.44480896100004,-8.172392843999944],[115.44616699200003,-8.171185492999939],[115.446777343,-8.171591758999966],[115.4474182130001,-8.171133994999934],[115.44876098600014,-8.171039580999945],[115.45107269200003,-8.169789314999889],[115.45240020700021,-8.16813373499997],[115.45462799100017,-8.167529105999904],[115.45497894200014,-8.166751861999899],[115.45621490500002,-8.166851996999924],[115.45733642500011,-8.166183470999954]]]]},"properties":{"zoneId":107,"zoneKey":"bali-karangasem","name":"Karangasem","regencyName":"Karangasem","center":[115.53018402121677,-8.374173704074252],"sourceId":null}},{"type":"Feature","id":108,"geometry":{"type":"MultiPolygon","coordinates":[[[[115.525391,-8.804564],[115.52574900000013,-8.802458998999953],[115.52651199900026,-8.803617],[115.525391,-8.804564]]],[[[115.52726,-8.80065],[115.526756,-8.800089],[115.527397,-8.799357],[115.528069,-8.799951],[115.52726,-8.80065]]],[[[115.529007,-8.799724],[115.528824,-8.799808],[115.528717,-8.799755],[115.528717,-8.799671],[115.528854,-8.799565],[115.529037,-8.799592],[115.529007,-8.799724]]],[[[115.52822900000012,-8.799055],[115.528374,-8.798985],[115.528427,-8.799072],[115.528305,-8.799164],[115.52822900000012,-8.799055]]],[[[115.58135200000015,-8.817103],[115.58135200000015,-8.81723],[115.58116100100005,-8.817272000999878],[115.58103199900006,-8.817189],[115.58103199900006,-8.817024998999955],[115.58111600000018,-8.816917999999873],[115.58128400100009,-8.816965998999933],[115.58135200000015,-8.817103]]],[[[115.594421,-8.815416],[115.59474200000011,-8.816286],[115.594444,-8.816813],[115.594421,-8.815416]]],[[[115.447693,-8.722117],[115.4479060000001,-8.721811],[115.449409,-8.722484],[115.449112,-8.720975999999894],[115.45034,-8.721029],[115.45004300000016,-8.720211],[115.451469,-8.719101],[115.452911,-8.720345],[115.45359,-8.720008],[115.452629,-8.718026],[115.455971,-8.719413],[115.456284,-8.718974999999887],[115.45475,-8.717242],[115.4562,-8.717557],[115.459114,-8.716572],[115.458557,-8.71421],[115.45726,-8.713447],[115.457375,-8.711793],[115.45998400000019,-8.708868],[115.461639,-8.708915],[115.46109,-8.70789],[115.462669,-8.706451],[115.465042,-8.706716],[115.46395900000016,-8.705332],[115.464622,-8.703949],[115.464806,-8.700565],[115.465546,-8.699384],[115.468727,-8.697027],[115.470711,-8.697091],[115.471794,-8.696362],[115.472595,-8.694842],[115.472206,-8.692472],[115.472549,-8.691007],[115.47699000000023,-8.686793],[115.48034700000017,-8.684719],[115.48221600000011,-8.684501],[115.48490142900016,-8.683350561999816],[115.48647308300019,-8.683794975999888],[115.48947143600003,-8.674405097999966],[115.4917984000001,-8.672776221999925],[115.49434661900023,-8.672116278999965],[115.49764251700026,-8.671979903999954],[115.49854278600003,-8.672575949999953],[115.49876403900032,-8.672207832999959],[115.5068588260001,-8.673750876999918],[115.51586914100005,-8.677104949999944],[115.51887512200017,-8.67750835399994],[115.52943420400004,-8.67763614699993],[115.5454864510001,-8.674701689999893],[115.55144500800009,-8.672082901999943],[115.55541992100007,-8.672191619999978],[115.56052398800023,-8.671598433999975],[115.56323242200017,-8.672163009999963],[115.57169342100008,-8.676937101999954],[115.57920837400002,-8.68587493799987],[115.58105468800022,-8.689747809999972],[115.58406829900025,-8.699872968999955],[115.58419799800004,-8.703699110999935],[115.58485412600021,-8.705684660999964],[115.58652496400009,-8.707365034999839],[115.58892822200016,-8.711627006999947],[115.59135437000009,-8.714319228999955],[115.59502411000005,-8.71618080099995],[115.59577942000033,-8.722316740999872],[115.59632873600015,-8.723873138999977],[115.5990142820001,-8.726962088999926],[115.6050262460002,-8.730685232999974],[115.60859680100009,-8.73436641799998],[115.61032867400013,-8.73534965399989],[115.61292266800001,-8.738399504999904],[115.61406707700007,-8.742070198999954],[115.61636352500022,-8.743077277999873],[115.61740112300004,-8.744426726999961],[115.6175689690001,-8.745371818999956],[115.61966705400005,-8.747243880999918],[115.61936187800006,-8.747596739999892],[115.62118530300006,-8.748807906999957],[115.62082672100018,-8.750081061999936],[115.62200927700019,-8.750510214999906],[115.62184143100012,-8.751075743999877],[115.62057687598883,-8.751774622439825],[115.621841,-8.751076],[115.622803,-8.751783],[115.62381,-8.754099],[115.623245,-8.755053],[115.62445100000014,-8.755568],[115.62533600000017,-8.757088],[115.625015,-8.760249],[115.6234740000001,-8.759316],[115.623192,-8.75966],[115.62735,-8.765395],[115.62816600000019,-8.768251],[115.627396,-8.768587],[115.62858600000015,-8.769955],[115.628357,-8.770503],[115.626846,-8.770736],[115.62638100000015,-8.771292],[115.62849400000016,-8.77264],[115.62384,-8.773399],[115.622093,-8.773239999999873],[115.621567,-8.773739],[115.62216200000012,-8.774254],[115.621399,-8.776111],[115.620605,-8.775043],[115.6187520000002,-8.776095],[115.619003,-8.778378],[115.618103,-8.778189],[115.618462,-8.777653],[115.618126,-8.777361],[115.617264,-8.778063],[115.617241,-8.779313],[115.6160430000001,-8.778366],[115.615601,-8.782064],[115.6138,-8.782928],[115.61322,-8.783661],[115.611343,-8.783595],[115.610199,-8.784442],[115.6098402305081,-8.783375240707358],[115.61029800100016,-8.785101999999881],[115.609673,-8.786855999999887],[115.6098329990001,-8.787771998999915],[115.60874200000012,-8.788285998999982],[115.60934400000019,-8.789383],[115.60770400100012,-8.78915799899994],[115.60685700100021,-8.790716],[115.605995,-8.79121700099995],[115.60642999900006,-8.791567],[115.607292,-8.795103998999934],[115.605927,-8.794978998999909],[115.60469100000012,-8.79828],[115.6071779990001,-8.802831000999959],[115.605576,-8.80455899999987],[115.60739900100009,-8.807932999999878],[115.60591099900012,-8.80730199999988],[115.60483600100031,-8.807725999999889],[115.60340100000019,-8.807523998999955],[115.60215000100015,-8.808588000999976],[115.60150100000033,-8.807874],[115.599937,-8.807868000999918],[115.598915,-8.808337],[115.596779,-8.811426],[115.596031,-8.811528],[115.594734,-8.812659],[115.59356700000023,-8.813032],[115.5931780000002,-8.812617],[115.59455100000014,-8.815008],[115.594162,-8.814941],[115.59204100000011,-8.816709],[115.589622,-8.816569],[115.590523,-8.817547],[115.590515,-8.818272],[115.588814,-8.819239],[115.5870900000001,-8.819488],[115.58581500000014,-8.818676999999866],[115.583099,-8.818373],[115.58210800000018,-8.81719],[115.58055900000011,-8.816423],[115.57943000000012,-8.813848],[115.57798,-8.812895],[115.574333,-8.812303],[115.572441,-8.813547],[115.5686720000001,-8.812938],[115.567314,-8.809764],[115.565369,-8.807935],[115.564362,-8.807548],[115.56207300000017,-8.807935],[115.56099700000016,-8.806195],[115.55806,-8.80414],[115.555939,-8.805028],[115.554825,-8.803622],[115.553055,-8.803451],[115.552116,-8.8037],[115.551125,-8.804667],[115.55072,-8.804002],[115.55124700000022,-8.802543],[115.548973,-8.80157],[115.54707300000018,-8.800133],[115.542572,-8.799067],[115.54074900000012,-8.79914],[115.539215,-8.800928],[115.53878,-8.800417],[115.539375,-8.799495],[115.53916900000013,-8.7986],[115.537666,-8.798595],[115.5360260000001,-8.797511],[115.534958,-8.797332],[115.53082300000017,-8.799401],[115.52874,-8.799414],[115.528801,-8.797611],[115.528069,-8.794494],[115.527252,-8.793174],[115.52625300000011,-8.79305],[115.52584100000013,-8.792553],[115.52507,-8.792631],[115.523399,-8.791602],[115.524002,-8.790469],[115.523666,-8.789987],[115.523773,-8.788249],[115.523506,-8.787299],[115.52161400000011,-8.784641],[115.51875300000017,-8.782945],[115.517723,-8.781583],[115.515541,-8.780394],[115.51508300000012,-8.780695],[115.51322200000016,-8.77848699999987],[115.512794,-8.778289],[115.51202400000011,-8.778896],[115.51191700000015,-8.77815],[115.510895,-8.777314],[115.510727,-8.776381],[115.50708,-8.776481],[115.505997,-8.775938],[115.502449,-8.776451],[115.50029,-8.77521],[115.499008,-8.772792],[115.498428,-8.773395],[115.49734500000011,-8.773235],[115.49778,-8.772489],[115.496948,-8.770634],[115.495781,-8.770715],[115.494408,-8.771528],[115.493401,-8.773128],[115.49309500000015,-8.772116],[115.4933470000002,-8.771499],[115.490166,-8.769209],[115.489151,-8.769205],[115.488686,-8.77032899999989],[115.48828100000026,-8.76934],[115.487221,-8.768654],[115.48508500000014,-8.768951],[115.48494700000015,-8.767752],[115.486473,-8.767205],[115.486153,-8.76608],[115.486122,-8.760706],[115.48526,-8.760185],[115.48384900000019,-8.760214],[115.482002,-8.760936],[115.48121600000013,-8.759668],[115.481903,-8.75892],[115.48106400000017,-8.758517],[115.48161300000015,-8.757996],[115.48037000000011,-8.75755],[115.479218,-8.755248],[115.47586100000012,-8.75471],[115.47626500000013,-8.753161999999861],[115.4753720000001,-8.751907],[115.474579,-8.751863],[115.472122,-8.753763],[115.470764,-8.753576],[115.471077,-8.752717],[115.471985,-8.7526],[115.472061,-8.752222],[115.47261,-8.752361],[115.472916,-8.75063],[115.46759,-8.748441],[115.46721600000012,-8.748022],[115.467506,-8.747383],[115.46678900000018,-8.746537],[115.465401,-8.746323],[115.464211,-8.747583],[115.462425,-8.747081],[115.46015200000011,-8.748084],[115.459198,-8.747202],[115.456192,-8.748839],[115.455162,-8.748206],[115.454079,-8.748643],[115.45125600000017,-8.748328],[115.45211,-8.746948],[115.451347,-8.746798],[115.451653,-8.745428],[115.45089,-8.744952],[115.45190400000013,-8.74424],[115.45195,-8.743608],[115.453087,-8.743423],[115.45327,-8.742412],[115.453865,-8.742006],[115.455261,-8.742315],[115.454185,-8.741126],[115.452843,-8.741124],[115.453995,-8.739894],[115.454659,-8.739787],[115.45549000000017,-8.737071],[115.455025,-8.736821],[115.455399,-8.73671],[115.455048,-8.736229],[115.45240000000013,-8.736617],[115.452942,-8.733964],[115.45265200000017,-8.73379],[115.447739,-8.734105],[115.446793,-8.733545],[115.44712100000015,-8.732096],[115.448044,-8.73201],[115.44895900000017,-8.730534],[115.450623,-8.730664],[115.451729,-8.729246],[115.45096600000011,-8.728153],[115.449669,-8.728478],[115.4483570000001,-8.727829],[115.448051,-8.726862],[115.447495,-8.7266],[115.44735,-8.724417],[115.448586,-8.724207],[115.44757800000014,-8.723298],[115.447693,-8.722117]]],[[[115.6298220000001,-8.780445998999937],[115.62899800000014,-8.780105999999876],[115.62920400100006,-8.779839998999819],[115.6298220000001,-8.780445998999937]]],[[[115.527985,-8.799167],[115.527916,-8.799054],[115.528076,-8.798964],[115.528152,-8.79903],[115.528122,-8.79916],[115.527985,-8.799167]]],[[[115.523567,-8.790115],[115.52359,-8.790302],[115.52349100000015,-8.790456],[115.523361,-8.790468],[115.52322400000025,-8.79033],[115.523293,-8.79009],[115.523331,-8.790021],[115.52340700000013,-8.790023],[115.523567,-8.790115]]],[[[115.49226400100008,-8.773382],[115.492188,-8.773516000999962],[115.49201199900017,-8.77345800099988],[115.49197400000014,-8.773246000999904],[115.49208800000031,-8.773161],[115.492241,-8.773203],[115.49226400100008,-8.773382]]],[[[115.619514,-8.778792],[115.619804,-8.779078],[115.619835,-8.779307],[115.61969,-8.779352],[115.619476,-8.77923],[115.619156,-8.778869],[115.619026,-8.778543],[115.619179,-8.77848699999987],[115.619514,-8.778792]]],[[[115.62912,-8.776035],[115.630463,-8.776631],[115.629944,-8.778695],[115.629379,-8.778974],[115.62908200000015,-8.778584],[115.6298220000001,-8.777081],[115.629524,-8.776479],[115.62899800000014,-8.776428],[115.62912,-8.776035]]],[[[115.622597,-8.774339],[115.629158,-8.775083],[115.62760900000012,-8.775657],[115.62693000000024,-8.776541],[115.62574800000016,-8.776752],[115.624855,-8.776442],[115.623741,-8.774983],[115.622597,-8.774339]]],[[[115.48445100000026,-8.772947],[115.48365000000013,-8.772471],[115.484123,-8.772243],[115.48445100000026,-8.772947]]],[[[115.48716,-8.770694],[115.48648800000024,-8.770063],[115.486809,-8.76977],[115.487221,-8.76999],[115.48716,-8.770694]]],[[[115.47845500000017,-8.759024],[115.477852,-8.758301],[115.47824100100013,-8.757874999999899],[115.478737,-8.758277998999915],[115.47845500000017,-8.759024]]],[[[115.47232800000018,-8.754213],[115.473259,-8.753676],[115.472954,-8.754615],[115.47232800000018,-8.754213]]],[[[115.4515990000001,-8.750440998999977],[115.45153,-8.750331],[115.45164500000021,-8.750198998999906],[115.45172099900014,-8.750217],[115.45179700000017,-8.750331],[115.451736,-8.75043599899982],[115.4515990000001,-8.750440998999977]]],[[[115.454559,-8.73776],[115.454712,-8.737669999999866],[115.454849,-8.737712],[115.4547960000001,-8.737823],[115.45460500000013,-8.737841999999887],[115.454559,-8.73776]]],[[[115.456085,-8.71507],[115.455864,-8.714619],[115.45649000000014,-8.714105],[115.456696,-8.715],[115.456085,-8.71507]]],[[[115.43709564200003,-8.708463668999968],[115.43702697800018,-8.707176208999954],[115.43773651200013,-8.706178664999982],[115.43823242200006,-8.706624984999962],[115.43860626200012,-8.706329345999961],[115.43992614700016,-8.702300070999968],[115.4413757320001,-8.700666426999817],[115.4429702770002,-8.700402258999873],[115.44891357300003,-8.697638511999912],[115.45030975300006,-8.695003508999946],[115.45307922300026,-8.693792341999938],[115.45770263700001,-8.690907478999975],[115.45945739700005,-8.687986373999934],[115.4607315070001,-8.688997268999913],[115.46260070700009,-8.687515257999962],[115.46578216600017,-8.687240599999882],[115.46587371800013,-8.68769645599997],[115.4619598390002,-8.695887564999907],[115.46023559600008,-8.698549269999944],[115.45816040100021,-8.700128555999981],[115.45765686000004,-8.700111387999812],[115.45697784400033,-8.701104163999958],[115.45102691700026,-8.706081389999952],[115.44930267400002,-8.705722807999962],[115.44817352300004,-8.708878515999913],[115.44653320400016,-8.710188864999964],[115.44544220000012,-8.70978069299997],[115.44522857800007,-8.709104536999973],[115.44454193100012,-8.709147453999947],[115.44438934400023,-8.712055204999956],[115.44259643500015,-8.712216376999947],[115.44226837200006,-8.712570188999905],[115.44152069100016,-8.711315154999909],[115.44065856900022,-8.711351393999962],[115.44027709900024,-8.711996076999924],[115.44055175900007,-8.709218024999927],[115.44020080500002,-8.70909500099998],[115.43939208900008,-8.71010494099994],[115.43869018600014,-8.710085867999965],[115.43880462700008,-8.709220886999901],[115.43949890200008,-8.708552360999931],[115.43920135500002,-8.70808124599995],[115.43874359100005,-8.707848547999959],[115.4384689340003,-8.70860767299996],[115.43709564200003,-8.708463668999968]]],[[[115.4290924070001,-8.691147804999957],[115.429176331,-8.690376281999875],[115.42982482900015,-8.69001579199994],[115.42993926900022,-8.68938731999998],[115.42930602900003,-8.688812255999892],[115.42789459300013,-8.688655852999943],[115.42791748100012,-8.688120840999886],[115.42901611300022,-8.687560081999948],[115.42923736600017,-8.686717987999884],[115.42836761500007,-8.686544416999936],[115.42855072100008,-8.68532085499993],[115.42777252200005,-8.685517310999955],[115.42776489200003,-8.684409141999936],[115.42707061700003,-8.683653831999948],[115.42726898100011,-8.682971954999914],[115.42920684700005,-8.681978225999956],[115.43038940500014,-8.682305335999843],[115.43148040800008,-8.681818007999937],[115.43246460000034,-8.683085441999879],[115.43489837600009,-8.680584907999958],[115.43519592300015,-8.679542540999932],[115.436317443,-8.679978369999958],[115.4360809320001,-8.6808786389999],[115.43666839700006,-8.68141937199988],[115.43891906700014,-8.681178092999914],[115.44113159100004,-8.679897307999909],[115.4420700070001,-8.680273055999976],[115.44263458200021,-8.679577827999935],[115.44546508900021,-8.679257392999887],[115.44630432100018,-8.67803573599997],[115.44698333800011,-8.675813673999869],[115.44798278700011,-8.667480468999884],[115.45036315900006,-8.663582800999961],[115.45106506400032,-8.663054465999949],[115.45349884000007,-8.663078307999967],[115.46649169900002,-8.665928840999925],[115.46803283700012,-8.665870665999932],[115.471321106,-8.66817378899998],[115.472167968,-8.669503210999892],[115.47307586800002,-8.671721457999979],[115.47303009100006,-8.672999381999887],[115.47204589900002,-8.675345419999871],[115.47018432700031,-8.67824268299995],[115.46747589100005,-8.679808615999946],[115.46528625500002,-8.682223319999878],[115.46308136000016,-8.68272209099996],[115.46182251000005,-8.683433531999924],[115.461685181,-8.684226035999927],[115.4604415880001,-8.685030935999919],[115.46065521300022,-8.685891150999964],[115.46035003700001,-8.686386106999976],[115.45621490500002,-8.68800067799998],[115.45197296100002,-8.69260787899998],[115.45106506400032,-8.693163871999957],[115.45085144100017,-8.69381522999987],[115.44352722100007,-8.694376943999885],[115.44142150900007,-8.694037437999953],[115.4404525760001,-8.694356917999926],[115.43843078700024,-8.693839073999868],[115.43792724600007,-8.694499969999924],[115.43733978300008,-8.694550514999946],[115.43641662500022,-8.69429015999998],[115.43471527000008,-8.692881583999963],[115.43325805700022,-8.69098949499994],[115.43274688800011,-8.690962791999937],[115.43152618300007,-8.69228744399993],[115.4309387210003,-8.692257879999886],[115.43025970400004,-8.691010473999881],[115.4290924070001,-8.691147804999957]]],[[[115.376312256,-8.460267065999915],[115.3776474010001,-8.461079596999923],[115.38395690900006,-8.461936949999881],[115.38468170100032,-8.466249465999908],[115.38510131800012,-8.466907499999934],[115.38570404100017,-8.467035292999924],[115.38692474300012,-8.466136931999927],[115.3872528080002,-8.465008735999959],[115.38843536400009,-8.464338301999874],[115.39039611800001,-8.461810110999977],[115.3914184570001,-8.46158695299988],[115.39272308300008,-8.459672927999975],[115.3951416010002,-8.458081245999892],[115.39486694300001,-8.457523344999913],[115.3954772940001,-8.457057952999946],[115.39585876500018,-8.455280302999881],[115.40020752000021,-8.456406592999883],[115.40245819100016,-8.45636749299996],[115.40242004400011,-8.459682463999968],[115.40192413400007,-8.461072921999971],[115.40293121300022,-8.461290358999975],[115.40316772400001,-8.461917875999916],[115.40151977500011,-8.462657927999942],[115.40139770400003,-8.464597701999935],[115.40045929000007,-8.466199873999926],[115.39900207400012,-8.467720985999904],[115.39811706500018,-8.467857359999925],[115.39456176800002,-8.47149658199993],[115.39464569000006,-8.472922323999967],[115.39332580600012,-8.476856230999942],[115.39294433600003,-8.477697372999955],[115.39147186400021,-8.478982925999958],[115.39002990700021,-8.481588362999958],[115.3901596070001,-8.482658385999855],[115.39064788800022,-8.483036995999896],[115.39729309100005,-8.480511664999938],[115.40055084200003,-8.478593824999905],[115.40297699000018,-8.476093292999963],[115.40433502200005,-8.47786521899991],[115.40576934900002,-8.476411819999953],[115.40628051800013,-8.474071502999891],[115.40812683200011,-8.47404193899996],[115.41184234600007,-8.472579002999964],[115.41432190000023,-8.47416114799995],[115.41416931200001,-8.475318908999895],[115.41296386600015,-8.476059913999961],[115.41310119700006,-8.478662490999966],[115.4115676880001,-8.478766440999948],[115.41036987200005,-8.479993820999937],[115.4106903070001,-8.48096942899997],[115.41185760400026,-8.481697082999972],[115.41057586700003,-8.4835500719999],[115.41143798900009,-8.485377310999922],[115.40991973800033,-8.486171722999927],[115.40967559700016,-8.486960409999824],[115.4122543330003,-8.495079039999894],[115.4120025630001,-8.49815463899995],[115.41400146500007,-8.499417305999941],[115.41504669100004,-8.502300260999903],[115.41523742700008,-8.50341415299988],[115.41429901100003,-8.503752708999912],[115.4139328010001,-8.504903792999869],[115.41465759300002,-8.50560283599998],[115.41537475600012,-8.507581710999943],[115.415016175,-8.508992194999905],[115.41075897300004,-8.511830329999839],[115.40798950300007,-8.51300811799996],[115.40635681100014,-8.513240813999914],[115.4057312020002,-8.513970374999872],[115.40547180200019,-8.515440941999884],[115.40779876700003,-8.518243789999872],[115.40826416100003,-8.520146369999907],[115.40693664600008,-8.52248573199995],[115.40647888200021,-8.52442073799989],[115.40977477900014,-8.53012466499996],[115.41175842200005,-8.527415274999953],[115.4115676880001,-8.526738165999973],[115.41265106100013,-8.525621413999943],[115.41239166200023,-8.525072097999896],[115.4128723140002,-8.524538992999908],[115.41291046100002,-8.523493766999934],[115.414474487,-8.523249624999892],[115.41488647400001,-8.523455619999822],[115.41494750900006,-8.524333000999945],[115.41567230300018,-8.523871421999957],[115.41668701300011,-8.524041174999866],[115.41796112000009,-8.523159980999935],[115.41933441200001,-8.523384093999937],[115.42094421500008,-8.522794723999937],[115.42850494400011,-8.519318580999936],[115.43302154600008,-8.518782615999953],[115.43407440300007,-8.51911354099991],[115.43470764200015,-8.518250465999927],[115.43686676100003,-8.51743602799985],[115.44121551500007,-8.513644217999968],[115.4430999760001,-8.512842177999971],[115.44602203300008,-8.510793685999943],[115.44675445500013,-8.509347915999967],[115.44852447500034,-8.50801277099987],[115.44964599500008,-8.507509231999961],[115.45133972200017,-8.507432936999976],[115.45844268700012,-8.5032072059999],[115.46292877200017,-8.503668784999832],[115.46588134800004,-8.505583761999901],[115.46921539200002,-8.508974075999959],[115.46984100400005,-8.510789870999815],[115.4697723380001,-8.512761115999922],[115.4726257320001,-8.514926909999872],[115.47634124800004,-8.51997470899994],[115.47642517000008,-8.523067473999959],[115.47498321500018,-8.527807235999887],[115.47580719100017,-8.533026695999922],[115.47493744000008,-8.535696028999894],[115.47490692100007,-8.537014007999971],[115.4761962890002,-8.538676260999921],[115.4775543200002,-8.53899669599997],[115.47975921600005,-8.541948318999914],[115.48020172200006,-8.544250488999978],[115.4806671140002,-8.544525146999888],[115.48006439300013,-8.545261381999978],[115.47987365700021,-8.549408912999922],[115.47911071800002,-8.550915718999931],[115.47174072300015,-8.552045821999968],[115.46408843900008,-8.554964065999968],[115.46234131000006,-8.555953024999951],[115.45999908500016,-8.55809783799998],[115.44808959900024,-8.570719718999896],[115.44642639200003,-8.571490287999893],[115.43926239100017,-8.57300567699997],[115.4342575070001,-8.574685095999826],[115.42728424000018,-8.575907707999932],[115.4088897700002,-8.576036453999905],[115.40287780800031,-8.577483176999976],[115.40096282900004,-8.57732391399992],[115.39695739800004,-8.575767515999928],[115.39270782400013,-8.575308799999902],[115.39081573500016,-8.575576781999871],[115.37686157200017,-8.574568747999876],[115.37484741200012,-8.575090406999948],[115.37110901000005,-8.57500266999989],[115.37097930900006,-8.566681862999928],[115.37048339800003,-8.566226958999948],[115.36950683700013,-8.566705703999958],[115.36917877200005,-8.564766882999947],[115.36943817100007,-8.563750267999922],[115.36914062500034,-8.56343936899998],[115.36773681700004,-8.56402015599997],[115.36843109200004,-8.562714576999952],[115.36833190900006,-8.561800956999946],[115.36703491100002,-8.561848640999926],[115.36614227200016,-8.56132697999982],[115.36512756400009,-8.561768531999917],[115.36569213800021,-8.560012817999961],[115.36644744900013,-8.56009578699991],[115.36657714800003,-8.559699057999921],[115.36537170400004,-8.559064865999972],[115.36575317400013,-8.557879447999937],[115.36483001800013,-8.557474135999882],[115.36453247100008,-8.554552076999869],[115.3639984140001,-8.55400848399995],[115.36469268900021,-8.553264616999911],[115.36342620900007,-8.550614356999915],[115.3637161260001,-8.549797056999978],[115.36262512200028,-8.549587248999956],[115.36238098100011,-8.548887251999929],[115.36121368400006,-8.548352240999975],[115.36162567100007,-8.54696273899998],[115.36359405500025,-8.545047758999942],[115.36257934500031,-8.5424461369999],[115.36331176700003,-8.540807722999887],[115.36244964600019,-8.539546965999932],[115.36357879700006,-8.537491797999962],[115.36365509000007,-8.53613948899988],[115.36296081500006,-8.534343719999981],[115.36163330100021,-8.533542632999968],[115.36070251500007,-8.532178878999957],[115.36051178000002,-8.524623869999914],[115.36003112800006,-8.524143218999939],[115.3589324940001,-8.524163245999944],[115.35765075700021,-8.523199079999927],[115.35781860400016,-8.521579741999972],[115.35732269400012,-8.519572257999926],[115.35766601500006,-8.518554687999938],[115.3572464,-8.516511916999946],[115.3566665650003,-8.515223503999948],[115.35576629600018,-8.515278816999967],[115.35536956700014,-8.51482295999989],[115.35527038500004,-8.51399803199996],[115.35586547800006,-8.513209341999868],[115.35529327400013,-8.512354849999895],[115.35410308800022,-8.511813163999932],[115.35445404200016,-8.51057052599998],[115.35345459000007,-8.509840964999967],[115.35452270500002,-8.509223937999934],[115.35431671100002,-8.508954047999964],[115.35472869900002,-8.508283613999936],[115.35426330500002,-8.507476805999943],[115.35486602800006,-8.506858824999881],[115.35611724900002,-8.50662231399997],[115.35623169000007,-8.50560283599998],[115.35678100600012,-8.505258559999902],[115.35597991900033,-8.504429815999913],[115.35675048900032,-8.504231451999942],[115.35710144100005,-8.503469465999956],[115.35668945400016,-8.502725600999952],[115.35684204100005,-8.500419615999931],[115.35624694800015,-8.499560354999971],[115.35695648200021,-8.498702049999906],[115.35709381100014,-8.496850967999876],[115.3578033440001,-8.495775222999953],[115.3575973510001,-8.4947109229999],[115.35820007300003,-8.49258232099993],[115.35948944000006,-8.49122142699997],[115.36109161300033,-8.491174696999906],[115.36263275200008,-8.488901137999903],[115.36365509000007,-8.488228796999977],[115.36328887900004,-8.485833166999896],[115.3638687130001,-8.483560562999969],[115.36511230400004,-8.483716964999928],[115.36531829800003,-8.482820510999943],[115.36628723100011,-8.482096671999898],[115.36671447900017,-8.480751035999958],[115.36719512900015,-8.480883597999934],[115.3676223760001,-8.480445861999954],[115.36777496300033,-8.479043005999927],[115.36852264400011,-8.47945403999995],[115.36878204300001,-8.479241370999944],[115.36869811900033,-8.478118895999955],[115.36808014000007,-8.477235793999967],[115.36830139100005,-8.476564406999955],[115.36728668300009,-8.476300239999944],[115.36634826700003,-8.475276946999884],[115.36745452900016,-8.475140570999883],[115.36785888700001,-8.473985671999912],[115.36901855400015,-8.472937582999975],[115.36950683700013,-8.470862387999944],[115.37075805600011,-8.470283507999909],[115.37156677300004,-8.467314718999944],[115.37281799200002,-8.46689796499993],[115.37305450400027,-8.465297698999962],[115.37351989800004,-8.465173720999928],[115.37511444000017,-8.461418152999954],[115.376312256,-8.460267065999915]]]]},"properties":{"zoneId":108,"zoneKey":"bali-klungkung","name":"Klungkung","regencyName":"Klungkung","center":[115.54134569635929,-8.73952465752161],"sourceId":null}},{"type":"Feature","id":109,"geometry":{"type":"MultiPolygon","coordinates":[[[[115.17906951900011,-8.241862296999898],[115.1823577880001,-8.244439124999872],[115.18462371900011,-8.247007369999892],[115.18553161600016,-8.247021673999939],[115.18552398600002,-8.248194693999835],[115.18601226900023,-8.248847006999881],[115.18707275400016,-8.264350890999879],[115.18648529100005,-8.265916823999873],[115.18653106800002,-8.26779937699996],[115.18455505300005,-8.271018027999958],[115.18911743200022,-8.277450561999899],[115.19116973800021,-8.279514311999947],[115.19235229600031,-8.282993316999978],[115.19334411700004,-8.283696174999932],[115.19406127900004,-8.28503227199991],[115.19732666100003,-8.28765487599992],[115.19729614200014,-8.28987312199996],[115.19808960000023,-8.290166854999939],[115.19853973300008,-8.290987013999938],[115.1998596200001,-8.291102408999961],[115.20081329300001,-8.293278693999923],[115.20159149100016,-8.293463706999944],[115.2019119260001,-8.29452037699997],[115.20177459700005,-8.297145842999953],[115.20265960600011,-8.29823112399987],[115.20322418300009,-8.30056953299993],[115.20442199700005,-8.302447318999953],[115.20486450200019,-8.304767607999906],[115.20571136400008,-8.305271147999918],[115.205955506,-8.306262969999977],[115.20568084800004,-8.307125089999943],[115.206184387,-8.307954788999893],[115.20741271900022,-8.308286666999948],[115.20706939800016,-8.310566901999948],[115.20775604300002,-8.31102466599998],[115.208007812,-8.312352179999948],[115.20888519300001,-8.31343841599994],[115.20803833100013,-8.31513404799989],[115.20886993500017,-8.317164420999973],[115.20817566000005,-8.31793403699993],[115.20793151800024,-8.319550514999946],[115.20835113500004,-8.32176113099996],[115.20714569100016,-8.323009489999947],[115.20867919900002,-8.325788496999962],[115.20944213900009,-8.326292037999963],[115.20899200500014,-8.327299117999871],[115.21006774900002,-8.327558517999933],[115.2107543950001,-8.328843115999916],[115.21218872000009,-8.329867362999948],[115.21186828500015,-8.330183982999927],[115.21192932100018,-8.331856726999945],[115.20439148000025,-8.332538603999978],[115.20375061000004,-8.333154677999971],[115.20384979200003,-8.33378600999987],[115.20233154300013,-8.333775518999971],[115.20265960600011,-8.34459495599998],[115.20349121000004,-8.349747657999842],[115.20079803400017,-8.354836463999959],[115.19805908300009,-8.357838630999936],[115.2019119260001,-8.372762680999926],[115.20382690400027,-8.373589514999878],[115.20442199700005,-8.375794410999958],[115.20632934600019,-8.377939223999874],[115.20893859800026,-8.379010200999971],[115.20880126900022,-8.380574226999954],[115.2095947260002,-8.383585929999981],[115.20870971700003,-8.384125708999875],[115.20834350500013,-8.384760855999957],[115.20846557600021,-8.385764122999944],[115.20775604300002,-8.386155127999928],[115.20841979900001,-8.387413024999944],[115.20996093800011,-8.388376234999953],[115.20968627800016,-8.389227866999818],[115.21073913500015,-8.391397476999941],[115.20938873400007,-8.393237112999884],[115.20948791600006,-8.39364051699988],[115.21043396000005,-8.39390754699997],[115.21037292500023,-8.395443915999977],[115.2114715570001,-8.396938323999962],[115.21166992100007,-8.3986635199999],[115.2113189700002,-8.400301933999913],[115.21194457900003,-8.401007651999976],[115.21128845300007,-8.402258872999937],[115.21118927100008,-8.403693197999928],[115.21197509800015,-8.40604114499996],[115.21118164100017,-8.406592368999952],[115.21134948800011,-8.4087562549999],[115.20998382500011,-8.41037178099998],[115.20999908500016,-8.41179561499996],[115.21028137100006,-8.41317653699997],[115.21122741800014,-8.413494109999874],[115.21212768500004,-8.418621061999886],[115.2135238650003,-8.419296263999968],[115.21303558300008,-8.420389174999912],[115.21401214600007,-8.423083303999874],[115.21374511800002,-8.42478942899993],[115.2146377570001,-8.426486968999939],[115.2158126830002,-8.42685413299995],[115.2153549190001,-8.427811622999968],[115.21580505500003,-8.42854499799995],[115.21543884300013,-8.429046630999892],[115.21662139800003,-8.432160376999889],[115.216156006,-8.433300972999916],[115.21688079800015,-8.434127806999982],[115.21612548800022,-8.435765265999976],[115.21746826300034,-8.438272475999952],[115.21817016600005,-8.438740729999893],[115.21726989800004,-8.438967705999914],[115.21649169900002,-8.44029808099998],[115.21545410100032,-8.440970419999928],[115.21556854300002,-8.442847251999922],[115.21461486900012,-8.444126129999972],[115.21356964000006,-8.448600768999938],[115.2137603760001,-8.44926166599987],[115.2135238650003,-8.449852942999883],[115.21170044000019,-8.451319694999938],[115.21192169300025,-8.45366477899995],[115.21114349400011,-8.455358503999946],[115.21035766700004,-8.45605754899998],[115.21109771700014,-8.457819938999933],[115.20875549200002,-8.460194587999979],[115.20667266900011,-8.460937499999886],[115.20752716200002,-8.463354110999887],[115.20680236800013,-8.465034484999933],[115.20437622200006,-8.466640471999938],[115.20401001000016,-8.469554900999867],[115.20310211200001,-8.470054624999932],[115.20297241100002,-8.470570563999956],[115.20397949300002,-8.471569060999968],[115.20417022700019,-8.47310829099996],[115.20404815600011,-8.474479674999941],[115.20308685400016,-8.476946829999974],[115.20420837400002,-8.479186057999868],[115.20442962700031,-8.482111929999917],[115.20374298200011,-8.482596397999941],[115.20404052800018,-8.48343944499993],[115.20292663600003,-8.485078810999937],[115.20368194700006,-8.48681163799995],[115.20228576600016,-8.489356993999877],[115.19826507500011,-8.489023208999981],[115.19543457000009,-8.489722251999979],[115.19545745900007,-8.488248824999914],[115.19492340100032,-8.488264082999933],[115.19505310000011,-8.486435889999939],[115.19561004600007,-8.485199926999883],[115.19562530400003,-8.482789993999972],[115.1974945070001,-8.476923941999928],[115.19780731200012,-8.474137305999932],[115.19865417400001,-8.473454473999936],[115.19906616300011,-8.472324370999956],[115.19877624400021,-8.469186781999952],[115.19735717800017,-8.466015815999981],[115.19680786200001,-8.4624223699999],[115.19760131900023,-8.460097312999892],[115.19847869800003,-8.460180281999953],[115.19851684500009,-8.459004401999891],[115.19939422600032,-8.457676886999934],[115.19944763100023,-8.453761100999941],[115.19897460900017,-8.45262813599993],[115.19983673100012,-8.451160429999959],[115.19799804800004,-8.450557708999952],[115.19820404000006,-8.445745467999927],[115.19725799600019,-8.44579601299995],[115.19709777800006,-8.44511222899996],[115.19310760600013,-8.444006918999946],[115.19278717100019,-8.445176123999886],[115.19192504800014,-8.444933890999948],[115.18779754700017,-8.442719458999932],[115.18724822900015,-8.44538783899992],[115.18569946400021,-8.445249557999944],[115.1852340700002,-8.446187018999979],[115.18395233200022,-8.445655821999878],[115.18362426700003,-8.446452140999952],[115.18421173200022,-8.447445867999932],[115.18265533400006,-8.447337149999896],[115.18315124500009,-8.448366163999879],[115.18283844000007,-8.448723792999886],[115.17942047200006,-8.450766563999878],[115.1780929570001,-8.45341777799996],[115.17803955000022,-8.45478057899993],[115.17482757500011,-8.458591459999923],[115.17516326800023,-8.460661886999901],[115.17394256600016,-8.464028357999894],[115.1798858640002,-8.464709281999944],[115.18019866900022,-8.465623854999933],[115.17975616500007,-8.468677519999915],[115.17877197200005,-8.471691131999933],[115.17889404300013,-8.472966193999923],[115.17758941700004,-8.476587295999877],[115.17704010100022,-8.479403495999918],[115.17679595900006,-8.482853889999944],[115.17740631100014,-8.483976364999933],[115.1766281140001,-8.487051963999932],[115.18160247700007,-8.487407682999958],[115.18286895700021,-8.488426207999964],[115.1825103770002,-8.499379156999908],[115.18152618400006,-8.500850677999892],[115.18016815200008,-8.501730918999897],[115.17995453000003,-8.502447127999915],[115.17889404300013,-8.5027370439999],[115.17893219000018,-8.503243444999896],[115.17782592800006,-8.504419327999926],[115.1775207510002,-8.505557060999934],[115.17789459300002,-8.50733089399995],[115.177246093,-8.50985908499996],[115.1734619130001,-8.516172408999921],[115.17229461600004,-8.517226217999962],[115.17199707000009,-8.519803045999936],[115.17131042500023,-8.521402358999921],[115.17156982400013,-8.52248573199995],[115.17078399700006,-8.523592948999976],[115.17103576700003,-8.52565574599987],[115.1700210570001,-8.526601791999894],[115.16983795100009,-8.527892112999893],[115.16757965000022,-8.530542373999879],[115.1678085330002,-8.532256126999926],[115.16724395700021,-8.532860755999934],[115.16628265400016,-8.532910347999973],[115.16463470400004,-8.532167434999963],[115.16510009900014,-8.53383159599997],[115.16437530500002,-8.536202429999946],[115.164245606,-8.538389204999874],[115.16329956000004,-8.53935527699997],[115.16275787400002,-8.542151450999938],[115.16277313200021,-8.54683399299995],[115.16191864000007,-8.551307677999944],[115.16098785400015,-8.552567481999972],[115.16049194300001,-8.554123878999974],[115.15998840400005,-8.554428100999928],[115.15890502900004,-8.560740469999871],[115.157562256,-8.563475607999976],[115.1557312020002,-8.565541266999901],[115.15635681200013,-8.56664085299991],[115.1557846070001,-8.568060874999901],[115.1550903320001,-8.568357466999942],[115.15393066300021,-8.57218933099989],[115.15302276600028,-8.572772025999882],[115.15258026200013,-8.57429695199994],[115.15335083100001,-8.577981947999945],[115.15232086200012,-8.579268454999976],[115.15126037500022,-8.579185485999972],[115.15035247800017,-8.579650877999825],[115.14950561500018,-8.582096099999887],[115.15039062500023,-8.582816123999976],[115.1495666510001,-8.585213660999898],[115.14985656700003,-8.58530521299997],[115.14934539800015,-8.588666915999909],[115.149337768,-8.590130805999877],[115.1501846320001,-8.590751647999923],[115.14907836800023,-8.591766357999973],[115.14981079000006,-8.591736793999928],[115.15013885500014,-8.591302871999972],[115.15148925800008,-8.591375349999907],[115.15274810800008,-8.589324950999924],[115.15325927700007,-8.589310645999888],[115.15209961000028,-8.59180164299994],[115.1514358510002,-8.59204101599994],[115.15141296500008,-8.592411040999934],[115.15242767300003,-8.592835425999965],[115.15505981400008,-8.592951773999971],[115.15503692700008,-8.59392547699997],[115.15552520800009,-8.594046592999973],[115.15523529100017,-8.595199583999886],[115.15628814600007,-8.59578704899991],[115.15666961600004,-8.597247122999931],[115.15583801200012,-8.599567413999978],[115.1560440070001,-8.600398062999943],[115.15551757700007,-8.60113811499997],[115.15477752700008,-8.601339339999925],[115.15233612100008,-8.600974081999937],[115.15013122500022,-8.601669311999956],[115.14939880300005,-8.60368919399997],[115.15081024200003,-8.605280875999938],[115.1501846320001,-8.606870650999952],[115.14862823500005,-8.606028556999888],[115.14839172300003,-8.606702802999962],[115.14669036900011,-8.607654570999955],[115.1464004520002,-8.609613416999935],[115.14420318700002,-8.610710143999825],[115.14351654000018,-8.610952376999876],[115.14344787700009,-8.60969162099991],[115.14179229700005,-8.609911918999956],[115.14080047500022,-8.610594747999869],[115.14039611900012,-8.611431121999942],[115.14141845700021,-8.612670897999976],[115.14095306500008,-8.612655639999957],[115.14001464800015,-8.613636970999949],[115.13973236000004,-8.615011214999981],[115.1358413700001,-8.614166259999877],[115.1338653570001,-8.612817764999932],[115.13401031500007,-8.612276076999876],[115.13480377200005,-8.61242198899987],[115.13513183700013,-8.61186790499994],[115.13616943300019,-8.612146377999977],[115.13799285900006,-8.611194610999917],[115.13700866700003,-8.609144209999954],[115.13544464200004,-8.608936309999933],[115.13459014900025,-8.609490393999977],[115.13362884400021,-8.608604429999957],[115.13160705700034,-8.608787535999909],[115.12896728600015,-8.608318328999871],[115.12686920200008,-8.609560966999936],[115.12468719500009,-8.609510421999857],[115.12354278600003,-8.610849379999877],[115.11959075900018,-8.611201285999869],[115.11874389700006,-8.613084791999938],[115.1181793200002,-8.613277435999976],[115.11787414600019,-8.613945959999967],[115.1177444450002,-8.615685461999874],[115.11648559600019,-8.616867064999951],[115.11336517400014,-8.617777824999905],[115.11203766000006,-8.619544029999929],[115.10958862300004,-8.620643615999882],[115.10865783700012,-8.622380255999872],[115.1071624760001,-8.623264311999947],[115.10652923700002,-8.625662803999944],[115.1049194340003,-8.628570555999943],[115.10223388800011,-8.630844116999924],[115.10123443600003,-8.634655952999935],[115.09970855700021,-8.63528823799993],[115.09943389900002,-8.636179923999975],[115.09828949000007,-8.63323306899997],[115.09717559800015,-8.631936072999963],[115.09523773200021,-8.631114004999972],[115.09317779600008,-8.629050254999925],[115.09262085000023,-8.629008292999913],[115.09177398800011,-8.62675857499994],[115.08901214600007,-8.624020576999953],[115.0891189580002,-8.623432159999936],[115.08773040800008,-8.621416091999947],[115.08746337800017,-8.620215415999894],[115.08656311100003,-8.620361327999888],[115.08717346200001,-8.619021414999963],[115.08683776900023,-8.61870670299993],[115.08646392900016,-8.6191358559999],[115.08643341000004,-8.617704390999961],[115.08364105200008,-8.612922666999907],[115.08430481000016,-8.61188125599989],[115.08434295700022,-8.610499380999954],[115.08322143500027,-8.60811138199989],[115.07829284600007,-8.602323532999947],[115.07704925500013,-8.601709366999899],[115.0770950320001,-8.600713729999939],[115.07503509600019,-8.598886489999927],[115.07294464100016,-8.595817565999937],[115.07138824500032,-8.594700812999918],[115.0715179440001,-8.593096732999982],[115.06941223200033,-8.591651915999876],[115.06781005800008,-8.589724539999963],[115.0670700080002,-8.589547156999913],[115.0668106080002,-8.588451384999928],[115.06414032000009,-8.586631774999944],[115.06358337400002,-8.585671424999873],[115.06085967900015,-8.583947181999918],[115.06034851000004,-8.582218170999965],[115.05880737300015,-8.580099105999977],[115.05644226000015,-8.579201696999974],[115.05314636300022,-8.576489447999904],[115.05253601100014,-8.577175139999952],[115.05151367100007,-8.57701396899995],[115.05203247100008,-8.576687811999875],[115.05175781300022,-8.575312614999973],[115.05098724400011,-8.575298308999947],[115.04896545400004,-8.574127196999939],[115.04811096200001,-8.572291372999928],[115.04647827100018,-8.57116222299993],[115.0458908080002,-8.571147918999884],[115.04512786900023,-8.569535253999959],[115.04308319100016,-8.568774222999878],[115.03072357200006,-8.558719634999932],[115.02976226700002,-8.558261870999956],[115.02941894600008,-8.558713911999973],[115.02918243500017,-8.557822227999907],[115.02185821600017,-8.552695274999962],[115.021331787,-8.552736281999898],[115.02119445800008,-8.55226135199996],[115.01785278400007,-8.550616264999917],[115.015808106,-8.548599242999899],[115.01451873800022,-8.547863005999943],[115.01331329400011,-8.548445700999935],[115.01374816900011,-8.546976088999827],[115.01158905000011,-8.545251845999871],[115.01055908200033,-8.543476104999968],[115.01000213600025,-8.540858267999965],[115.00943756200013,-8.541080474999887],[115.0095825190001,-8.54193115299995],[115.00828552300004,-8.541775702999928],[115.00790405300017,-8.542356490999964],[115.00802612300015,-8.541553497999928],[115.00710296500006,-8.540889738999908],[115.00506591700014,-8.540349958999911],[115.00465393000002,-8.541040420999934],[115.00420379700006,-8.541029930999969],[115.00434875600001,-8.540008544999921],[115.00248718400019,-8.539522169999941],[115.00244140700022,-8.539024351999956],[115.00023651100003,-8.5378055569999],[114.99982452400002,-8.537054061999982],[114.99911499100017,-8.537519453999948],[114.998794556,-8.537085532999924],[114.99811553900008,-8.537580488999936],[114.99767303600015,-8.537358283999936],[114.99758911200013,-8.536928175999947],[114.99834442200006,-8.53654670599991],[114.99835968000014,-8.535949707999919],[114.99767303600015,-8.535759925999855],[114.99836731100015,-8.535514831999933],[114.99835968000014,-8.534478186999934],[114.99755096500007,-8.533497809999915],[114.99706268200009,-8.533799171999874],[114.99633789100005,-8.53352928199996],[114.99665832600022,-8.53338050799988],[114.99623870900007,-8.532716750999953],[114.99693298400018,-8.532107352999958],[114.99692535300017,-8.531571387999861],[114.99520111000004,-8.527584075999926],[114.99333953800021,-8.527169226999945],[114.9934921270002,-8.526938437999945],[114.99287414600008,-8.526714324999887],[114.99251556400009,-8.525950431999831],[114.9891510010001,-8.523036956999931],[114.98738098100023,-8.520712851999974],[114.98657989600008,-8.520835876999968],[114.98623657200017,-8.51912879899993],[114.98542022700019,-8.519029616999887],[114.98464965800008,-8.517757414999949],[114.98270416200012,-8.517077445999917],[114.98199462900004,-8.515682219999974],[114.98017883300008,-8.514502524999955],[114.97908020000011,-8.514677047999896],[114.97895812900003,-8.51431465099995],[114.97581481900022,-8.513155936999908],[114.97430419800014,-8.510766029999957],[114.97458648700001,-8.509644507999894],[114.97379302900003,-8.509333610999931],[114.97376251300022,-8.508726119999949],[114.97276306100014,-8.507457732999967],[114.97079467900016,-8.505672453999978],[114.96822357100018,-8.505206106999935],[114.96320343000002,-8.501878738999949],[114.96121978800022,-8.501166342999966],[114.96049499600008,-8.50168704999993],[114.96042633000013,-8.500716208999961],[114.95970916700003,-8.501484869999956],[114.95989227300004,-8.500297546999946],[114.95816803000014,-8.498571395999932],[114.95590209900001,-8.498322486999939],[114.95321655300017,-8.497070312999938],[114.9528656010001,-8.49620342299994],[114.95194244300012,-8.496039389999964],[114.94811248800022,-8.492411612999945],[114.94432830800008,-8.486076355999955],[114.936653137,-8.479025839999963],[114.93077087300003,-8.474633216999962],[114.91927337700008,-8.468570707999959],[114.9158859260001,-8.467676162999851],[114.91476440300005,-8.466259956999977],[114.91452789200014,-8.465277670999967],[114.91719055200019,-8.462932585999852],[114.91754913400018,-8.46203994699988],[114.91733551100003,-8.4609098439999],[114.91558837900004,-8.460171698999943],[114.91569519000006,-8.459337234999907],[114.91708374000007,-8.459453582999856],[114.91641235300006,-8.457922933999953],[114.91867828400018,-8.45691585499992],[114.91873168900008,-8.456039427999883],[114.91960144000018,-8.45533943099997],[114.91872406100015,-8.454260824999892],[114.92029571500018,-8.454415321999875],[114.9205551150003,-8.453772544999936],[114.920104981,-8.452666282999928],[114.92155456600017,-8.452811241999939],[114.92270660300017,-8.449880599999972],[114.92375183200022,-8.450020788999893],[114.92509460500003,-8.448410987999921],[114.92499542300004,-8.44782924599997],[114.9242324820002,-8.447679518999905],[114.92369842500011,-8.446971892999954],[114.92348480200019,-8.44362544899991],[114.92421722400002,-8.443089483999927],[114.92409515300028,-8.441179274999968],[114.92626190200008,-8.440336226999932],[114.92559051500007,-8.438677786999904],[114.92692565800007,-8.437607764999939],[114.92694854700017,-8.43685340899998],[114.92534637400001,-8.434192656999926],[114.92381286700004,-8.43257999399998],[114.92395782400001,-8.432062149999922],[114.92523193400007,-8.431924820999939],[114.92560577400013,-8.429420470999958],[114.92476654000018,-8.427649497999937],[114.92543792800006,-8.425065993999965],[114.92463684100017,-8.422905920999938],[114.92239379800014,-8.421064376999823],[114.92282867400002,-8.41842365299982],[114.92402649000007,-8.415787696999928],[114.92382049500009,-8.41435432499992],[114.92525482200006,-8.411419867999939],[114.92700195400005,-8.41008567699987],[114.92715454100016,-8.407211302999883],[114.92884826600005,-8.40673160499989],[114.92911529600008,-8.405034065999871],[114.93043518000002,-8.404208181999934],[114.92990875300006,-8.402973173999953],[114.93072509800004,-8.401467322999963],[114.93344879100005,-8.399538992999965],[114.93300628600014,-8.396272659999966],[114.9331817640001,-8.39488506299989],[114.93385315000023,-8.393912314999966],[114.93370819100005,-8.392612455999881],[114.93408966100003,-8.39148139799994],[114.93373870800019,-8.39051055799996],[114.93142700200008,-8.389191627999935],[114.93140411300021,-8.38795947999995],[114.92974853500016,-8.386840820999907],[114.92906189000007,-8.385227202999886],[114.92958068800021,-8.384396552999931],[114.9290847770003,-8.382678985999917],[114.93048858700013,-8.38265037399998],[114.93168640100009,-8.383157729999937],[114.93309021000016,-8.380233763999911],[114.93184661900023,-8.379502296999874],[114.93136596600016,-8.378194807999876],[114.929023744,-8.377561567999976],[114.92877960200019,-8.376628874999938],[114.93030548100023,-8.374078749999967],[114.92962646500018,-8.372545242999877],[114.93068695200009,-8.371361732999958],[114.93074798500004,-8.369396209999934],[114.93157196100003,-8.368370054999957],[114.93165588500005,-8.367699623999954],[114.93105316200001,-8.366991995999967],[114.93188476600005,-8.365514753999946],[114.9328918450002,-8.364763258999915],[114.93159484900002,-8.363814353999942],[114.93296813900008,-8.36231708399987],[114.93359375000011,-8.360892294999928],[114.93518066500019,-8.360954284999934],[114.93417358300019,-8.35933208399996],[114.93437957700019,-8.358904838999877],[114.93567657500023,-8.358510970999873],[114.9352569580002,-8.35777568899988],[114.93540954600007,-8.356763838999939],[114.93792724600019,-8.357564925999952],[114.94172668400029,-8.359679222999944],[114.94185638500028,-8.358570097999973],[114.94544982900004,-8.360654830999977],[114.94659423700011,-8.36084842699995],[114.94673156600015,-8.36148643499996],[114.94721221900022,-8.361687659999916],[114.94902801600006,-8.361639976999982],[114.94846344000007,-8.360947609999869],[114.95005035400015,-8.360547065999981],[114.95029449500021,-8.35832118899998],[114.95092010500002,-8.35749149299994],[114.95057678200021,-8.356379507999918],[114.9524993890002,-8.355072021999945],[114.95169067400013,-8.35305595299991],[114.95201110900007,-8.350805281999953],[114.95336914000006,-8.34959983799996],[114.95298004100016,-8.348799705999909],[114.95364379800026,-8.348571776999961],[114.9544525150003,-8.347191809999913],[114.9542236320001,-8.345948218999979],[114.95531463600014,-8.346032142999888],[114.95565795900006,-8.345433234999973],[114.9549713130001,-8.343710899999962],[114.95625305200019,-8.342355727999916],[114.95635986300022,-8.34109306199997],[114.95488739100006,-8.340018271999952],[114.95536041300011,-8.339239119999888],[114.95536804100004,-8.338047026999902],[114.9585418700002,-8.334334372999876],[114.95904541100003,-8.334166526999923],[114.95869445700009,-8.333796499999949],[114.95867919900024,-8.33264255599994],[114.95919799800015,-8.332010268999966],[114.96054077100007,-8.331487654999876],[114.96024322500034,-8.330803869999954],[114.96043396100015,-8.328355789999932],[114.95922851700004,-8.326798438999958],[114.95935058500004,-8.325749397999914],[114.95865631000004,-8.325149534999923],[114.95833587700008,-8.323617934999959],[114.95874023400006,-8.322581291999882],[114.9603958140001,-8.321147917999951],[114.96079254200004,-8.318313598999907],[114.96202850300006,-8.316586493999921],[114.96168518200022,-8.31473731999995],[114.96251678600004,-8.31289482099993],[114.9640197760001,-8.312638282999899],[114.96448516800001,-8.311782835999907],[114.96266937300004,-8.310083388999885],[114.96402740400003,-8.308670997999911],[114.96438598600002,-8.306503295999903],[114.96508789100005,-8.305596350999906],[114.96622467000009,-8.305335998999965],[114.96725463800021,-8.304407119999837],[114.96916961700015,-8.304666519999955],[114.97050476000004,-8.304305075999935],[114.97081756500006,-8.303445814999975],[114.9729843140002,-8.302910804999954],[114.97368621900011,-8.303104399999938],[114.97704315200008,-8.301120758999957],[114.98088073700012,-8.297774314999913],[114.98146820100021,-8.29573154399992],[114.98045349100028,-8.294715880999888],[114.97954559400023,-8.290426254999886],[114.9781265250001,-8.288231849999875],[114.97990417500012,-8.2884683609999],[114.98034667900015,-8.289566992999937],[114.98152160600011,-8.28924369699996],[114.98498535100009,-8.290389060999928],[114.98574066200001,-8.290170667999973],[114.98629760800009,-8.289441108999938],[114.98689270100033,-8.292350767999892],[114.98798370400027,-8.292478560999882],[114.98889923200022,-8.29350471499987],[114.989028931,-8.294748304999928],[114.99000549400023,-8.295597074999819],[114.99011993400006,-8.297163008999973],[114.99095916800013,-8.298632621999957],[114.99155425900005,-8.298968314999968],[114.9931869510001,-8.298513411999977],[114.99414825500025,-8.299653052999929],[114.99616241500007,-8.299438476999967],[114.9963989260001,-8.300274848999948],[114.99766540500013,-8.301439283999969],[114.99835968000014,-8.302498817999947],[114.99813842800006,-8.302733421999903],[114.9987411510001,-8.303191185999935],[114.99982452400002,-8.303490637999857],[115.00067138600002,-8.30301666299988],[115.00120544400022,-8.304057120999914],[115.00694275000012,-8.306637764999948],[115.00833129800003,-8.309012412999948],[115.00936126600004,-8.308980941999891],[115.0099411010001,-8.31006431499992],[115.0097351080002,-8.311273574999973],[115.01000213600025,-8.311663627999906],[115.01088714500008,-8.310724258999926],[115.0115356450001,-8.310730933999935],[115.01303863600015,-8.30891704399994],[115.01432800400005,-8.306179045999897],[115.0161895760001,-8.307116507999922],[115.01733398500005,-8.306925772999932],[115.01818084700005,-8.307774542999937],[115.01973724400034,-8.308442114999934],[115.0206832890002,-8.308232306999969],[115.02030181900011,-8.307173727999952],[115.02056884800004,-8.306719778999934],[115.02133941700015,-8.306368826999972],[115.02265930200019,-8.30647659199991],[115.02274322500011,-8.305127143999925],[115.02452087400002,-8.300694465999868],[115.02775573800011,-8.299873352999953],[115.02907562200016,-8.300658224999893],[115.03084564300013,-8.30048847199987],[115.0329666140002,-8.300891875999923],[115.03659057700008,-8.302515028999949],[115.03817749100017,-8.303639411999882],[115.04134369000019,-8.304853438999885],[115.04413604800015,-8.307025907999957],[115.04701995800019,-8.30724143999987],[115.04920196500018,-8.306395530999964],[115.05593872100008,-8.309247969999888],[115.05685424900003,-8.309449195999946],[115.05844116300023,-8.309104917999946],[115.05918121300022,-8.310398100999919],[115.06384277400014,-8.309702872999935],[115.06632995600023,-8.310809134999943],[115.06677246100014,-8.31048965499997],[115.0708236690001,-8.31175231899988],[115.08216858000014,-8.311703681999973],[115.08753204400011,-8.310864447999961],[115.0902023320001,-8.309198379999941],[115.09290313800011,-8.306800841999916],[115.09374237000009,-8.306530951999946],[115.10121154800015,-8.307120322999879],[115.1010131830003,-8.303620337999917],[115.10162353400005,-8.300601958999948],[115.10286712700008,-8.2983055119999],[115.10463714600007,-8.297720908999963],[115.10943603500004,-8.299100875999898],[115.11076355000012,-8.300863266999954],[115.11325836200001,-8.301759718999904],[115.1138916020002,-8.303024290999929],[115.11608886700014,-8.304106710999918],[115.11844635000011,-8.306652067999948],[115.12123870800019,-8.307524680999961],[115.12402343700012,-8.307815551999965],[115.12464141800001,-8.30628967299998],[115.12654876700014,-8.295585631999927],[115.12532043500016,-8.295251845999928],[115.12580108700013,-8.292453764999948],[115.12786865200007,-8.287862777999976],[115.12977600100021,-8.28468322599997],[115.13522338900009,-8.269836424999824],[115.14040374700005,-8.267796516999965],[115.14345550500013,-8.266137121999975],[115.1444015510001,-8.265305517999934],[115.1472549450001,-8.260666847999971],[115.14936065600011,-8.25978755899996],[115.15156555200019,-8.259693144999972],[115.15335083100001,-8.259074210999927],[115.15856170700022,-8.256588934999911],[115.16389465300006,-8.254652976999978],[115.16674041800002,-8.251790999999855],[115.17424011200023,-8.24194526599996],[115.17523956400021,-8.241583823999974],[115.17906951900011,-8.241862296999898]]]]},"properties":{"zoneId":109,"zoneKey":"bali-tabanan","name":"Tabanan","regencyName":"Tabanan","center":[115.07801898650763,-8.429318443466592],"sourceId":null}}]}
